rank,uri,artist_names,track_name,source,peak_rank,previous_rank,weeks_on_chart,streams,chart_week,is_new_entry,rank_change,genre
1,spotify:track:68lbSrXDORS51pmyjZv712,BTS,SWIM,BIGHIT MUSIC,1,1,3,2619216,2026-04-09,FALSE,0,Pop
2,spotify:track:2HRgqmZQC0MC7GeNuDIXHN,"Jung Kook, Latto",Seven (feat. Latto) (Explicit Ver.),BIGHIT MUSIC,1,2,143,2257601,2026-04-09,FALSE,0,Pop
3,spotify:track:0wvpRHXXuImyrccNEPAXBo,HIEUTHUHAI,Người Im Lặng Gặp Người Hay Nói,M Music Records,2,3,5,1079841,2026-04-09,FALSE,0,Rap/Hip-hop
4,spotify:track:1ApIGNgp1azc0qB61x4GzG,"Hngle, Ari",Không Buông,Umusic Vietnam Co. Ltd. Distributed Labels,2,4,31,1060453,2026-04-09,FALSE,0,Pop
5,spotify:track:11T61UpoNbbcewOMl1kcWN,NHONHO,Dạo Bước HongKong 1999,NHONHO,5,10,2,1031378,2026-04-09,FALSE,5,Indie/Alternative
6,spotify:track:42AOwjuMmIN1ioyyWB60Lw,GREY D,hoá ra…,Umusic Vietnam Co. Ltd. Distributed Labels,6,8,2,1024758,2026-04-09,FALSE,2,R&B/Soul
7,spotify:track:7uUuftbcr94tzGOCJSM25u,"Low G, JustaTee",In Love,M Music Records,2,5,24,805677,2026-04-09,FALSE,-2,Rap/Hip-hop
8,spotify:track:5KYv3kORBKUmVEoqbRRWxt,"Bảo Anh, Táo",Từng Là Của Nhau,Yin Yang Media,7,7,31,760966,2026-04-09,FALSE,-1,Ballad
9,spotify:track:4nXrVH5xwN1w6TpmP7uu8n,"HIEUTHUHAI, marzuz",Exit Sign,M Music Records,4,6,130,737075,2026-04-09,FALSE,-3,Rap/Hip-hop
10,spotify:track:6GM4ZOBDcDroldUxI8GZ2B,"VSTRA, Tyronee",Ai Ngoài Anh,CDSL,2,9,14,647102,2026-04-09,FALSE,-1,R&B/Soul
11,spotify:track:6Qwl74olNi1rl65FNxG5We,"marzuz, Changg",Và Thế Giới Đã Mất Đi Một Người Cô Đơn,Universal Music Indochina,9,14,20,638564,2026-04-09,FALSE,3,Ballad
12,spotify:track:3vSmjbKFByNM6l31NmFlmB,"GREY D, MIN",đôi mắt kẻ tình si,Umusic Vietnam Co. Ltd. Distributed Labels,12,50,2,603600,2026-04-09,FALSE,38,R&B/Soul
13,spotify:track:1FUdEz4fX1DxPcVAARlu6A,GREY D,yêu em như…,Umusic Vietnam Co. Ltd. Distributed Labels,13,40,2,565662,2026-04-09,FALSE,27,R&B/Soul
14,spotify:track:73RcFjiDtStfP3GCW44vJu,"Minh Huy, Pinny",Ngày Rời Chuyến Bay,12 trái lê,14,-1,1,556566,2026-04-09,TRUE,NaN,Ballad
15,spotify:track:41DlPJXKTCypXdf2eSqa03,"Vũ., Binz",bình yên,WM Vietnam,4,13,84,552347,2026-04-09,FALSE,-2,Rap/Hip-hop
16,spotify:track:6kCU6i8iRrAAmJJ8Sj4JYC,"Shartnuss, Phankeo, Tr.D",Nắng có mang em về,MaiDao Music,4,17,113,543041,2026-04-09,FALSE,1,Indie/Alternative
17,spotify:track:0t8g66pWghsU8MphjUQIdg,"Phùng Khánh Linh, 30 Pictures",Cảm Ơn Người Đã Thức Cùng Tôi,+84 Vietnam New Wave,5,12,7,529185,2026-04-09,FALSE,-5,Ballad
18,spotify:track:2KslE17cAJNHTsI2MI0jb2,Jung Kook,Standing Next to You,BIGHIT MUSIC,1,24,126,516928,2026-04-09,FALSE,6,Pop
19,spotify:track:6GUKRhIsWxA7VuZW8MKQLG,Dương Domic,Không Thời Gian,DAO Entertainment,2,15,29,515395,2026-04-09,FALSE,-4,R&B/Soul
20,spotify:track:2wZAvkgiOE5tyrnqhB69KA,Sơn Tùng M-TP,Âm Thầm Bên Em,Umusic Vietnam Co. Ltd. Distributed Labels,9,20,285,512938,2026-04-09,FALSE,0,Ballad
21,spotify:track:1K0HQ30Wc11okzlcnFA7Ub,HIEUTHUHAI,Không Thể Say,M Music Records,7,19,155,503946,2026-04-09,FALSE,-2,Rap/Hip-hop
22,spotify:track:2a5hng9yXtbjtTVVm9UviC,VCT,Mơ,Universal Music Indochina Distributed Labels,6,18,189,502236,2026-04-09,FALSE,-4,Pop
23,spotify:track:0NyrI1tMvqcK3vU5z9DMdI,JustaTee,She Neva Knows,NGUYEN THANH TUAN,21,21,10,502099,2026-04-09,FALSE,-2,R&B/Soul
24,spotify:track:3T7XHOdRcyhKU3QCB6kZG3,"MIN, Dangrangto, antransax",chẳng phải tình đầu sao đau đến thế,WM Vietnam,2,16,24,499905,2026-04-09,FALSE,-8,Indie/Alternative
25,spotify:track:5cn5oHiXJTLiuthgbgfkMh,VCT,Vết Mưa,Universal Music Indochina Distributed Labels,19,23,109,487966,2026-04-09,FALSE,-2,Ballad
26,spotify:track:3uT8QfoX0BE8ZJa4h98LDW,"Puppy, Dangrangto",Wrong Times,MaiDao Music,3,25,127,486187,2026-04-09,FALSE,-1,Indie/Alternative
27,spotify:track:22GCbN9OyrCa1tC1jZnX8O,"Thắng, Hà Lê",Gội Đầu,Thắng,27,-1,1,477543,2026-04-09,TRUE,NaN,Indie/Alternative
28,spotify:track:4BdB08vuS9r4HOoY7GkAxT,SOOBIN,Nếu Ngày Ấy,SS LABEL,18,26,68,446546,2026-04-09,FALSE,-2,Ballad
29,spotify:track:4nyoalDFgUaZOzIKqj3aS5,"Đặng Vĩnh Thịnh, BMZ, Nguyễn Trung Đức",Ngàn Năm Ánh Sáng,BMZ JSC,5,34,35,446335,2026-04-09,FALSE,5,Ballad
30,spotify:track:3DLtPObflLQBodZN8qGODT,"JustaTee, BigDaddy",2AM,WM Vietnam,18,30,206,446122,2026-04-09,FALSE,0,R&B/Soul
31,spotify:track:4CUvVaAYuXtvYURLFz7EIL,"Emcee L (Da LAB), Da LAB, Muộii (Starry Night)",Chuyện Đôi Ta (feat. Muộii),Yin Yang Media,3,33,227,410686,2026-04-09,FALSE,2,Ballad
32,spotify:track:6Zoi4ue74UdUeYmHXItXnf,"B Ray, V#",Vùng An Toàn,MIXUS,3,35,40,391804,2026-04-09,FALSE,3,Rap/Hip-hop
33,spotify:track:3dbfL7nHOZlM4adzLHNnB3,"Juky San, buitruonglinh",Người Đầu Tiên,DAO Entertainment,2,11,23,391013,2026-04-09,FALSE,-22,Ballad
34,spotify:track:5prZw3OHd2UhAq0VBKpqUM,GREY D,mới hôm qua,Umusic Vietnam Co. Ltd. Distributed Labels,34,138,2,387186,2026-04-09,FALSE,104,R&B/Soul
35,spotify:track:5SzJs9cwYXdSm9G3xcXuA2,Phùng Khánh Linh,Hôm Nay Tôi Buồn,BLACK SWAN LABEL LLC.,13,31,154,385009,2026-04-09,FALSE,-4,Ballad
36,spotify:track:3x7Hh3zsE1wcXCU2G8l5tP,SOOBIN,DANCING IN THE DARK,SS LABEL,3,32,56,381164,2026-04-09,FALSE,-4,EDM/Dance
37,spotify:track:4gaxEUZE4z9pJAVTSFwgQI,"14 Casper, Bon Nghiêm, buitruonglinh",một đời,DANDERLÉON,14,28,106,375502,2026-04-09,FALSE,-9,Indie/Alternative
38,spotify:track:1r9gNSD1WUFscqTSA2Rcet,MAYDAYs,Hẹn Lần Sau,Universal Music Indochina Distributed Labels,13,37,16,372875,2026-04-09,FALSE,-1,Indie/Alternative
39,spotify:track:5rSAUmbOg4giDrM29vUyHe,Sơn Tùng M-TP,Nơi Này Có Anh,Umusic Vietnam Co. Ltd. Distributed Labels,5,48,357,371852,2026-04-09,FALSE,9,Pop
40,spotify:track:6Hs2xIgB8nzyGFDvVA8lFa,"Madihu, Low G",Có Em,NGUYEN CHI PHONG,4,39,207,371630,2026-04-09,FALSE,-1,Rap/Hip-hop
41,spotify:track:5WkuMbkHX7yR7nnBKCn7tV,RIO,vạn vật như muốn ta bên nhau,DAO Entertainment,6,29,52,366351,2026-04-09,FALSE,-12,Indie/Alternative
42,spotify:track:6mKMGpkgP2cH5gmqILWe7b,Fishy,vết thương,LOOPS Music,15,36,47,358573,2026-04-09,FALSE,-6,Ballad
43,spotify:track:1DVYafsLmcQySKkJnY4RCs,"MAYDAYs, Minh Tốc & Lam",Phép Màu - Đàn Cá Gỗ Original Soundtrack,Universal Music Indochina Distributed Labels,2,38,58,355476,2026-04-09,FALSE,-5,Khác
44,spotify:track:58ZlEBxBrzISXtmcOPo476,SOOBIN,giá như,SS LABEL,13,42,104,353144,2026-04-09,FALSE,-2,Ballad
45,spotify:track:0e6fZkLArSmDIHnZcIua7t,"Vũ., Low G",Không Yêu Em Thì Yêu Ai?,WM Vietnam,19,52,80,345287,2026-04-09,FALSE,7,Indie/Alternative
46,spotify:track:7bFFUPBiF15n8m8RziqS4o,GREY D,dự báo thời tiết hôm nay mưa,Umusic Vietnam Co. Ltd. Distributed Labels,7,89,177,340069,2026-04-09,FALSE,43,R&B/Soul
47,spotify:track:2rKkfc4VZ74FQDc1FF1Zo6,BTS,Body to Body,BIGHIT MUSIC,5,22,3,338843,2026-04-09,FALSE,-25,Pop
48,spotify:track:3Ids3RXurYBgySph53qWnB,buitruonglinh,Từng Ngày Yêu Em,LOOPS Music,9,46,66,335199,2026-04-09,FALSE,-2,Indie/Alternative
49,spotify:track:4MCP9l0QB9YN2LCkIy8mz4,Obito,Dạo Này,12 trái lê,8,44,15,333882,2026-04-09,FALSE,-5,Rap/Hip-hop
50,spotify:track:6VXVYATpQXEIoZ97NnWCmn,"Madihu, Vũ.",Vì Anh Đâu Có Biết,WM Vietnam,2,47,192,333697,2026-04-09,FALSE,-3,Ballad
51,spotify:track:5tdz7T4hTxA1ipJMBe24uX,AMEE,"ex's hate me, Pt.2",Yin Yang Media,13,65,181,331112,2026-04-09,FALSE,14,Pop
52,spotify:track:2ZBi1KpCR0grEWRNgySqwg,Hngle,Buông,Sony Music Entertainment,17,43,8,330371,2026-04-09,FALSE,-9,Ballad
53,spotify:track:0fGJiHH6xSUJU1MAVjxq5m,"Karik, GDucky",Bạn Đời,WM Vietnam,5,70,132,330000,2026-04-09,FALSE,17,Rap/Hip-hop
54,spotify:track:25h0TqC9H3BcMA7KjK5nHK,"GREY D, tlinh",vaicaunoicokhiennguoithaydoi,Umusic Vietnam Co. Ltd. Distributed Labels,2,76,199,327558,2026-04-09,FALSE,22,R&B/Soul
55,spotify:track:3ET3xHCLMGd57u06A9RjJ0,Ronboogz,Nói Dối,MaiDao Music,3,49,127,322278,2026-04-09,FALSE,-6,Indie/Alternative
56,spotify:track:27Z9T0mSWHYWSj9SNOGvyt,"JustaTee, Phương Ly",Thằng Điên,NGUYEN THANH TUAN,2,68,192,321944,2026-04-09,FALSE,12,R&B/Soul
57,spotify:track:3VkV6L37ub0rtuYQoawAqz,Lil Zpoet,Tình Mình Lạ Kì,LiL Z Poet,45,51,10,320629,2026-04-09,FALSE,-6,Ballad
58,spotify:track:2pm7K14nHj2fLrpU8j9bit,PC,10 Ngàn Năm,12 trái lê,27,63,200,320524,2026-04-09,FALSE,5,Rap/Hip-hop
59,spotify:track:6ag0c7tBr3PIqPb00C2rK4,"VCT, Negav, Jey B, Ngô Kiến Huy",NGƯỜI NHƯ ANH XỨNG ĐÁNG CÔ ĐƠN - KHÔNG ĐAU NỮA RỒI,VIE NETWORK CORPORATION / ADA,45,45,6,317114,2026-04-09,FALSE,-14,Rap/Hip-hop
60,spotify:track:2dPJtlvoa3GDowCh035M8P,Vũ.,Nếu Những Tiếc Nuối,WM Vietnam,33,57,51,316733,2026-04-09,FALSE,-3,Indie/Alternative
61,spotify:track:2Pwou3Q2Cf59RxdX2V6MgV,Shiki,Có Đôi Điều,12 trái lê,10,55,67,311723,2026-04-09,FALSE,-6,Rap/Hip-hop
62,spotify:track:3J3nv18iIrOhca1ZWNeuyW,JustaTee,Đã Lỡ Yêu Em Nhiều,NGUYEN THANH TUAN,36,67,166,309837,2026-04-09,FALSE,5,Ballad
63,spotify:track:1hPbWyZnUPaeAWbOSKwkXJ,Quang Đăng Trần,Anh Đã Không Biết Cách Yêu Em,338ENT,9,56,36,304400,2026-04-09,FALSE,-7,Ballad
64,spotify:track:1MiJk3dXC5jzhvLFP0dUM7,Da LAB,Thức Giấc,Yin Yang Media,1,66,248,302944,2026-04-09,FALSE,2,Pop
65,spotify:track:2w7jOvl0kpplNxisgfnCdT,"Đức Trường, BMZ",Nếu Biết Đó Là Lần Cuối,BMZ,47,94,31,299989,2026-04-09,FALSE,29,Ballad
66,spotify:track:3P3rcI48wwVEgxF5vPM6pG,Sơn Tùng M-TP,Buông Đôi Tay Nhau Ra,Umusic Vietnam Co. Ltd. Distributed Labels,7,90,143,298464,2026-04-09,FALSE,24,Ballad
67,spotify:track:2uZmeuNAxSm7XfVIwLkhCx,Ronboogz,nhắn nhủ,MaiDao Music,14,85,121,288664,2026-04-09,FALSE,18,Indie/Alternative
68,spotify:track:39KWnPNEvbXt423CzjvBfA,SOOBIN,Anh Đã Quen Với Cô Đơn,WM Vietnam,40,60,73,288352,2026-04-09,FALSE,-8,Ballad
69,spotify:track:5ouxRyInSdRBQubu3KTd97,"tlinh, 2Pillz",nếu lúc đó,M Music Records,1,75,162,286477,2026-04-09,FALSE,6,R&B/Soul
70,spotify:track:7dlgEjrK3lHbP786dshKDV,"ANH TRAI ""SAY HI"", B Ray, AMEE",CHỜ ANH VỀ,Universal Music Indochina Distributed Labels,2,53,18,285241,2026-04-09,FALSE,-17,Rap/Hip-hop
71,spotify:track:2gyJ83K0VJk7Ug1J4Qoaki,GREY D,tựa đầu,Umusic Vietnam Co. Ltd. Distributed Labels,71,143,2,285154,2026-04-09,FALSE,72,R&B/Soul
72,spotify:track:6jcLKVmEKAQIXIVHJZ8vzS,"MONSTAR, GREY D, NICKY, VƯƠNG BÌNH",tình yêu chậm trễ,Yin Yang Media,46,126,173,284354,2026-04-09,FALSE,54,R&B/Soul
73,spotify:track:3CmacJj7VC4W6daC8BWd0h,Dương Domic,Mất Kết Nối,DAO Entertainment,2,41,72,283681,2026-04-09,FALSE,-32,R&B/Soul
74,spotify:track:01qFKNWq73UfEslI0GvumE,"Jung Kook, Jack Harlow",3D (feat. Jack Harlow),BIGHIT MUSIC,2,27,131,281238,2026-04-09,FALSE,-47,Pop
75,spotify:track:317Lh6QCAz9JpWbV3oxrCf,"Phùng Khánh Linh, Thành Luke",EM ĐAU,BLACK SWAN LABEL LLC.,62,62,13,277499,2026-04-09,FALSE,-13,Ballad
76,spotify:track:0s7RyyUlQfd8mnnboHe18n,"MANBO, HIEUTHUHAI, HURRYKNG",Hẹn Gặp Em Dưới Ánh Trăng,Gerdnang,20,59,108,276671,2026-04-09,FALSE,-17,Rap/Hip-hop
77,spotify:track:4UC3NBjtqbYcqPqRq1s57D,Lyly,24h,WM Vietnam,47,73,47,274458,2026-04-09,FALSE,-4,Ballad
78,spotify:track:4D1eaEIisnWCVPMnYuMh7q,白浩贤BlueC,漫步香港1999,腾讯音乐人,13,58,8,271956,2026-04-09,FALSE,-20,Indie/Alternative
79,spotify:track:3HNcWoUo4jot56Kw1Kc6vN,GREY D,mộng tình,Umusic Vietnam Co. Ltd. Distributed Labels,79,118,2,270701,2026-04-09,FALSE,39,R&B/Soul
80,spotify:track:1xoadYaxtOp9gHDwgmPDuz,"JSOL, Hoàng Duyên",Sài Gòn Hôm Nay Mưa,Universal Music Indochina,3,84,254,269305,2026-04-09,FALSE,4,Ballad
81,spotify:track:36fgG6NiEuQXznNgf5y2Ck,"T.R.I, Dangrangto, DONAL",một bài hát không vui mấy - Extended Version,Umusic Vietnam Co. Ltd. Distributed Labels,26,77,66,269277,2026-04-09,FALSE,-4,Ballad
82,spotify:track:3A9A7mfVDVm3rrS9SMGhg5,Kha,Hư không,MaiDao Music,22,74,117,269232,2026-04-09,FALSE,-8,Ballad
83,spotify:track:53zusvCJkyGYjEZ6bnLIjh,Hà Anh Tuấn,Tháng Tư Là Lời Nói Dối Của Em,Yin Yang Media,49,107,56,265938,2026-04-09,FALSE,24,Ballad
84,spotify:track:1UQNU5O9VttUgO16pxUnjw,"Obito, Shiki, RPT MCK",Đánh Đổi,12 trái lê,7,87,131,264626,2026-04-09,FALSE,3,Rap/Hip-hop
85,spotify:track:2pBZoglJzsRk4UeVey8n0k,Việt Anh,Ngày Này Năm Ấy,338ENT,17,115,35,263189,2026-04-09,FALSE,30,Ballad
86,spotify:track:1o6cYDMHvKOfizi4d9Lqxr,W/N,id 072019,Universal Music Indochina Distributed Labels,3,78,141,263065,2026-04-09,FALSE,-8,Pop
87,spotify:track:5BTzf3doGTigDIYUFtbkI9,"Emcee L (Da LAB), Da LAB, Badbies",Sinh Ra Đã Là Thứ Đối Lập Nhau (feat. Badbies),Yin Yang Media,5,64,276,260551,2026-04-09,FALSE,-23,Ballad
88,spotify:track:3bmpXHVie1GTy37OkXJ7Vc,BTS,2.0,BIGHIT MUSIC,11,71,3,255212,2026-04-09,FALSE,-17,Rap/Hip-hop
89,spotify:track:6Q2oEdOhRjZ1DTv2a7j0lN,"PC, Dick, tofutns",Ghé Qua,12 trái lê,61,96,290,253950,2026-04-09,FALSE,7,Rap/Hip-hop
90,spotify:track:5u5AsK8JLgkr154QHZjJqh,"ANH TRAI ""SAY HI"", VCT, Karik, Negav, Ngô Kiến Huy, Jey B",NGƯỜI NHƯ ANH XỨNG ĐÁNG CÔ ĐƠN,Universal Music Indochina Distributed Labels,3,100,28,253189,2026-04-09,FALSE,10,Rap/Hip-hop
91,spotify:track:5XfGQZA0ioQAWUjlyJRcHc,"Shiki, Obito",1000 Ánh Mắt,12 trái lê,8,86,93,249753,2026-04-09,FALSE,-5,Rap/Hip-hop
92,spotify:track:0KA8tBqZ81mBe2po59GK5j,Đỗ Hoàng Long,Trạng Thái Mộng Mơ,Umusic Vietnam Co. Ltd. Distributed Labels,92,119,7,246881,2026-04-09,FALSE,27,Indie/Alternative
93,spotify:track:6TGwaBlfUGVoeZMBLzvXGP,"Dangrangto, DONAL",thế giới của anh,Higher Dimension,50,132,10,246116,2026-04-09,FALSE,39,Indie/Alternative
94,spotify:track:226ljdOTLM2clGpm4mZvAm,Dangrangto,Love is,MaiDao Music,10,95,76,245999,2026-04-09,FALSE,1,Indie/Alternative
95,spotify:track:31VNCmwspR7nVJ6kruUuJt,Sơn Tùng M-TP,Đừng Làm Trái Tim Anh Đau,Umusic Vietnam Co. Ltd. Distributed Labels,1,113,96,245845,2026-04-09,FALSE,18,Pop
96,spotify:track:20dAJsyno9ZoBLJtqgQnUI,BTS,Hooligan,BIGHIT MUSIC,8,54,3,243366,2026-04-09,FALSE,-42,Pop
97,spotify:track:7mblTCdc14ylJ1JW71MODb,buitruonglinh,Giờ Thì,LOOPS Music,11,80,69,242156,2026-04-09,FALSE,-17,Indie/Alternative
98,spotify:track:4CVxKSRLUxqUuj2z9vn4fS,SOOBIN,Xin Đừng Lặng Im,"HONG AN ENTERTAIMENT,.JSC",37,102,46,241580,2026-04-09,FALSE,4,Ballad
99,spotify:track:66v7AvDs5gZfmkJgFMMtHL,"Công Dương, Nguyễn Lâm Thảo Tâm, 30 Pictures",A Little Dream Of Me,+84 Vietnam New Wave,22,83,5,240622,2026-04-09,FALSE,-16,Khác
100,spotify:track:1J12HjUuXfJnaUdubTEzSR,HIEUTHUHAI,Nghe Như Tình Yêu,M Music Records,35,91,238,239993,2026-04-09,FALSE,-9,R&B/Soul
101,spotify:track:27F22WcGDyl4Z2KylVJkXL,buitruonglinh,Đường Tôi Chở Em Về,Universal Music Indochina Distributed Labels,14,121,180,239752,2026-04-09,FALSE,20,Indie/Alternative
102,spotify:track:1i5SZL7Ngz0sYFaKmwieyw,"Quang Hùng MasterD, Low G, Hino",Chất Gây Hại,M Music Records,16,99,16,239751,2026-04-09,FALSE,-3,Rap/Hip-hop
103,spotify:track:7q1qYSyRkGT4ZaCc2ZQihP,"Hoàng Tôn, Koo",Em Còn Nhớ Anh Không - Remastered,Hoàng Tôn,69,101,52,239522,2026-04-09,FALSE,-2,Ballad
104,spotify:track:0JKEP4dB1riE6l7Kq5kJm1,Chillies,Em Đừng Khóc,WM Vietnam,3,105,61,238649,2026-04-09,FALSE,1,Indie/Alternative
105,spotify:track:5LQpQ6SDeaz6SIkR0lvsoC,"GREY D, Chillies",đưa em về nhàa,M Music Records,3,110,154,238111,2026-04-09,FALSE,5,R&B/Soul
106,spotify:track:5Bti0azlFhMattVY76qFr9,Vũ.,Lạ Lùng,WM Vietnam,17,97,418,236665,2026-04-09,FALSE,-9,Indie/Alternative
107,spotify:track:25NLn8W1JxuVrXQTVrDA4c,"Dfoxie37, myhoa, Tuann",hello em có khỏe không,Universal Music Indochina Distributed Labels,15,88,19,236426,2026-04-09,FALSE,-19,Pop
108,spotify:track:5PGh9MyKry8slG5AfvD1eD,"Obito, Shiki, VSTRA",Hà Nội,12 trái lê,10,106,131,235927,2026-04-09,FALSE,-2,Rap/Hip-hop
109,spotify:track:0SmQ0UWeiHKQtxUej4Rem6,SOOBIN,Tháng Năm,Spacespeakers,6,104,177,235568,2026-04-09,FALSE,-5,Pop
110,spotify:track:4qJSUFwZFouto5VZUlln75,"tlinh, Trung Trần",Thích Quá Rùi Nà,Universal Music Indochina Distributed Labels,34,117,290,235315,2026-04-09,FALSE,7,R&B/Soul
111,spotify:track:6D94p9ASguBcYlDC0o56vx,HIEUTHUHAI,NOLOVENOLIFE,M Music Records,24,124,130,233369,2026-04-09,FALSE,13,Rap/Hip-hop
112,spotify:track:51bYFYWODfYOZU0rwvjiCc,"Binz, Đen",Cho Mình Em,Spacespeakers,32,159,124,230587,2026-04-09,FALSE,47,Rap/Hip-hop
113,spotify:track:7fCeYpR02Q8JVuD88hJZVT,"Da LAB, Minh Tốc & Lam",Bầu Trời Mới,Universal Music Indochina Distributed Labels,8,116,79,228687,2026-04-09,FALSE,3,Indie/Alternative
114,spotify:track:5tmA5oQDF0ULqRI12LKCDw,JayKii,Chiều Hôm Ấy,The First Management,95,137,24,227839,2026-04-09,FALSE,23,Ballad
115,spotify:track:1LJyhnPdYGRLerwJd8CmL1,"Vũ., Dear Jane",Những Lời Hứa Bỏ Quên,WM Vietnam,1,111,121,226869,2026-04-09,FALSE,-4,Indie/Alternative
116,spotify:track:6GPcbZOX4h9MWert6xWpYw,Phùng Khánh Linh,ANH LÀ THẰNG TỒI,BLACK SWAN LABEL LLC.,37,92,19,225338,2026-04-09,FALSE,-24,Indie/Alternative
117,spotify:track:6E3P4uOfKHYXJLK6Q3s0Tj,"JustaTee, Binz",Cơn Mưa Cuối,NGUYEN THANH TUAN,86,122,23,224060,2026-04-09,FALSE,5,Rap/Hip-hop
118,spotify:track:29Tj2R8sZZ3fzlXZVe1OyY,"Dương Domic, Lou Hoàng",Pin Dự Phòng,DAO Entertainment,13,125,40,223926,2026-04-09,FALSE,7,R&B/Soul
119,spotify:track:0KmrKOdScRDVYwWS8hkkdv,BTS,FYA,BIGHIT MUSIC,9,61,3,222026,2026-04-09,FALSE,-58,Pop
120,spotify:track:4fj4Jn4nw8fGX8xdbCntJf,"CoolKid, RHYDER",Sau Cơn Mưa,MaiDao Music,8,128,136,221871,2026-04-09,FALSE,8,Rap/Hip-hop
121,spotify:track:2uxjHthUJd2A8PmWaUGGsI,"Hoàng Dũng, Hoàng Rob",Chờ Anh Nhé,Lirico Entertainment,99,103,43,221408,2026-04-09,FALSE,-18,Indie/Alternative
122,spotify:track:5C3fx9rdM4Bxf1MSOQC4Ym,"Low G, Thắng",An Thần,M Music Records,2,156,233,221212,2026-04-09,FALSE,34,Rap/Hip-hop
123,spotify:track:3COYA2vgfcUhDyRlVpZy5p,"tlinh, Low G",PHÓNG ZÌN ZÌN,M Music Records,4,123,81,221097,2026-04-09,FALSE,0,Rap/Hip-hop
124,spotify:track:4B4Q7zfd0aHcuhQBfCRnH5,BTS,NORMAL,BIGHIT MUSIC,14,69,3,218903,2026-04-09,FALSE,-55,Pop
125,spotify:track:65st6HfPZyxq1RNTvqSIos,"Wren Evans, itsnk",Thu Đợi,Universal Music Indochina Distributed Labels,6,135,15,218164,2026-04-09,FALSE,10,R&B/Soul
126,spotify:track:4TyQKEifYDWTfTSRwpxlYI,Quân A.P,Bông Hoa Đẹp Nhất,Great Entertainment,32,133,119,217445,2026-04-09,FALSE,7,Ballad
127,spotify:track:0b61A7v9agI08BG21jJPQ9,BTS,they don’t know ’bout us,BIGHIT MUSIC,16,72,3,217411,2026-04-09,FALSE,-55,Pop
128,spotify:track:54PbBpquVfhfrwRwvjSXbI,"Charlie Puth, Selena Gomez",We Don't Talk Anymore (feat. Selena Gomez),Artist Partner,71,142,280,216004,2026-04-09,FALSE,14,R&B/Soul
129,spotify:track:6uxuJ8Fr1AAfSPJUF9N1yr,Vũ.,Bước Qua Mùa Cô Đơn,WM Vietnam,1,129,266,215096,2026-04-09,FALSE,0,Indie/Alternative
130,spotify:track:1J3SmWwlYAG68LGKr86MVH,Sơn Tùng M-TP,Chúng Ta Của Hiện Tại,Umusic Vietnam Co. Ltd. Distributed Labels,1,148,277,213890,2026-04-09,FALSE,18,Pop
131,spotify:track:3H6nzsPNMttEvUl3ai3xN8,Chillies,Vùng Ký Ức,WM Vietnam,1,131,123,213674,2026-04-09,FALSE,0,Indie/Alternative
132,spotify:track:7Cjsw965r7mVK888ZqP6Wo,Negav,Mình Anh Thôi,MIXUS,18,187,55,212803,2026-04-09,FALSE,55,Rap/Hip-hop
133,spotify:track:1GJ3suxtUVaguVQRemw6Zp,Andiez,Suýt Nữa Thì...,MaiDao Music,74,139,161,211980,2026-04-09,FALSE,6,Ballad
134,spotify:track:0oL2jCTf9P9a7flY5mCpYu,"Wxrdie, JustaTee",Trở Về,Universal Music Indochina Distributed Labels,54,130,58,207666,2026-04-09,FALSE,-4,Rap/Hip-hop
135,spotify:track:5tg21NdePCn5m8F9BXOEeJ,BTS,Aliens,BIGHIT MUSIC,13,81,3,207474,2026-04-09,FALSE,-54,Pop
136,spotify:track:2IFND3phjzIG1RcPnHh2hP,BTS,Like Animals,BIGHIT MUSIC,18,79,3,204339,2026-04-09,FALSE,-57,Pop
137,spotify:track:3b34161QoxLwsqhWSPy9i5,Da LAB,Thanh Xuân,Sony Music Entertainment,1,154,395,204135,2026-04-09,FALSE,17,Indie/Alternative
138,spotify:track:7HoAJ6Hc1P91eoOrn1WY5d,"Đức Trường, BMZ, Kun",Đáng Lý Ra Phải Là Anh,BMZ,90,134,17,204003,2026-04-09,FALSE,-4,Ballad
139,spotify:track:7AD5F85waSb3yZxZxEXhJM,"Tóc Tiên, Touliver",Có Ai Thương Em Như Anh,Yin Yang Media,20,167,142,203483,2026-04-09,FALSE,28,EDM/Dance
140,spotify:track:33S16Xa5cZmLPhn6eZI4Nm,"52Hz, RIO, WEAN",ĐỢI (feat. WEAN) - SPECIAL VERSION,DAO Entertainment,58,166,89,203329,2026-04-09,FALSE,26,R&B/Soul
141,spotify:track:43zzuEWDotRcKlSFzrlJqs,Đạt G,Thêm Bao Nhiêu Lâu,12 trái lê,106,153,48,203209,2026-04-09,FALSE,12,Ballad
142,spotify:track:0669gFIK8dYK9GGQ0K0QNF,Dương Domic,Tràn Bộ Nhớ,DAO Entertainment,7,109,72,201486,2026-04-09,FALSE,-33,R&B/Soul
143,spotify:track:7yxogpPUBn4wVEKBgI5c7U,Lil Zpoet,Yêu Từ Đâu Mà Ra,MaiDao Music,143,183,26,201311,2026-04-09,FALSE,40,Pop
144,spotify:track:2rjjvcCCHF1CdnwptaXyF8,"F47 Cover, meChill, Đặng Thanh Tuyền",50 Năm Về Sau,meChill,89,127,10,200768,2026-04-09,FALSE,-17,Indie/Alternative
145,spotify:track:3VegC0PZiHjGxb80DER8XU,BTS,Merry Go Round,BIGHIT MUSIC,15,82,3,200286,2026-04-09,FALSE,-63,Pop
146,spotify:track:3JKn7BN79L1WOPMYUCZg1m,"RPT MCK, marzuz",NGONGIODEMQUATRANGSANGDEMNAY,abandonh3ll records,146,-1,1,199824,2026-04-09,TRUE,NaN,Rap/Hip-hop
147,spotify:track:54UNNgtE3zzERwTuWSQLqd,"MONSTAR, GREY D, VƯƠNG BÌNH",có hẹn với thanh xuân,Yin Yang Media,5,-1,169,199769,2026-04-09,TRUE,NaN,R&B/Soul
148,spotify:track:3y66li7DIrH7HLKIZzxR5H,Kai Đinh,Lễ Đường,Yin Yang Media,3,146,56,199226,2026-04-09,FALSE,-2,Ballad
149,spotify:track:4vfhartd7HDWGJbdVIycEu,Sơn Tùng M-TP,Muộn Rồi Mà Sao Còn,Umusic Vietnam Co. Ltd. Distributed Labels,1,150,259,199195,2026-04-09,FALSE,1,Pop
150,spotify:track:2GE2p2dFpxp7OIz2QOFBzW,"ANH TRAI ""SAY HI"", HURRYKNG, HIEUTHUHAI, Negav, Pháp Kiều, Isaac","KIM PHÚT, KIM GIỜ (feat. HURRYKNG, HIEUTHUHAI, Negav, Pháp Kiều & Isaac)",Anh Trai Say Hi,5,161,76,197766,2026-04-09,FALSE,11,Rap/Hip-hop
151,spotify:track:12DNdwLD9oZOPADqM10oyE,"Fishy, Trí Dũng",Forget Me Now,LOOPS Music,131,180,36,196611,2026-04-09,FALSE,29,R&B/Soul
152,spotify:track:3gLRyMbg5nWLcuKD46Uz72,Phương Ly,Anh Là Ai,PHUONG LY,109,158,28,196268,2026-04-09,FALSE,6,Pop
153,spotify:track:0jHpGB1Xt2kIX0VaPFvStp,"Tùng TeA, PC, TaynguyenSound",Già Cùng Nhau Là Được,12 trái lê,70,155,140,195160,2026-04-09,FALSE,2,Rap/Hip-hop
154,spotify:track:2FnXZhpEKgIab8vI6t2C7e,"Shiki, Tyronee",Perfect,12 trái lê,74,145,52,194576,2026-04-09,FALSE,-9,Rap/Hip-hop
155,spotify:track:498g7npirihKT5MPdVSfb0,Hoàng Dũng,Phonecert,"CAM, LIRICO",137,179,16,194075,2026-04-09,FALSE,24,R&B/Soul
156,spotify:track:170CNv2CAZn8wg6GxvHXYC,"B Ray, AMEE",Ex's Hate Me,B Ray,129,174,23,192996,2026-04-09,FALSE,18,Rap/Hip-hop
157,spotify:track:4Iz5EWPCAT8jYNk4IpLoll,buitruonglinh,Dù Cho Mai Về Sau,Yin Yang Media,10,144,263,192371,2026-04-09,FALSE,-13,Indie/Alternative
158,spotify:track:7CyPwkp0oE8Ro9Dd5CUDjW,"The Weeknd, JENNIE, Lily-Rose Depp","One Of The Girls (with JENNIE, Lily Rose Depp)",XO / Republic Records,11,151,146,191979,2026-04-09,FALSE,-7,R&B/Soul
159,spotify:track:7J9l9ebYB3IEs5ea5J1M7a,"Da LAB, Tóc Tiên",Nước Mắt Em Lau Bằng Tình Yêu Mới,MUNIZ MUSIC COMPANY LIMITED,107,141,111,191522,2026-04-09,FALSE,-18,Pop
160,spotify:track:7jLSThU5Kg1RWt19Leiaxm,"RPT MCK, Trung Trần",Chìm Sâu,abandonh3ll records,1,199,215,191330,2026-04-09,FALSE,39,R&B/Soul
161,spotify:track:5U30iZBlmxkpHqzb1OSnBS,Rhymastic,Yêu 5,WM Vietnam,77,160,218,191190,2026-04-09,FALSE,-1,R&B/Soul
162,spotify:track:2RkZ5LkEzeHGRsmDqKwmaJ,Alex Warren,Ordinary,Atlantic Records,38,190,10,191106,2026-04-09,FALSE,28,Pop
163,spotify:track:2o4dDfLK6NVI7TjBm5VoMv,"Lou Hoàng, Miu Lê",Yêu Một Người Có Lẽ,Onlyc Entertainment,33,189,216,191069,2026-04-09,FALSE,26,Pop
164,spotify:track:4FT18tLTmf3QNBzG5r6OTj,"Đen, Ngọc Linh",Mười Năm (Lộn Xộn 3),Đen,17,-1,127,190353,2026-04-09,TRUE,NaN,Rap/Hip-hop
165,spotify:track:6s3w7SUVtmm68Bw5KrKMh0,BTS,One More Night,BIGHIT MUSIC,21,93,3,190112,2026-04-09,FALSE,-72,Pop
166,spotify:track:6qDzk36tXJDLqHCSlmb885,"Dangrangto, DONAL",hãy đến đây bên anh trong một chiều mùa thu,Higher Dimension,151,163,3,190088,2026-04-09,FALSE,-3,Indie/Alternative
167,spotify:track:2eVsKrWqJhTAVItaTRashw,VƯƠNG BÌNH,Thanh Tân,Umusic Vietnam Co. Ltd. Distributed Labels,40,140,7,189317,2026-04-09,FALSE,-27,R&B/Soul
168,spotify:track:2G5ujw3rrWcAXQqT8PVnrz,"Obito, Shiki, Lăng LD",Đầu Đường Xó Chợ,12 trái lê,39,149,77,188678,2026-04-09,FALSE,-19,Rap/Hip-hop
169,spotify:track:6KIhgRkprgyJNERRMu7Quh,MIN,Có Em Chờ,MIN,117,-1,49,188651,2026-04-09,TRUE,NaN,Pop
170,spotify:track:2ppLwHSMgDGEQ5c8o6nAX2,Low G,Simp Gái 808,M Music Records,9,170,130,187335,2026-04-09,FALSE,0,Rap/Hip-hop
171,spotify:track:50cmxP6KlnQA9IG3q5ckKD,Chillies,Mascara,WM Vietnam,3,165,222,186644,2026-04-09,FALSE,-6,Indie/Alternative
172,spotify:track:4DM8buF9J04zNPtYVMUt74,Phùng Khánh Linh,GIẢ VỜ,BLACK SWAN LABEL LLC.,92,108,3,186369,2026-04-09,FALSE,-64,Indie/Alternative
173,spotify:track:55K3e7BGewGDUJ4ZQwkh7M,Only C,Người Đáng Thương Là Anh,OnlyC Production,165,194,12,186048,2026-04-09,FALSE,21,Ballad
174,spotify:track:7dDbzI8ZchvQbrTHrpOUAA,Phùng Khánh Linh,ƯỚC ANH TAN NÁT CON TIM,BLACK SWAN LABEL LLC.,95,136,14,185803,2026-04-09,FALSE,-38,Indie/Alternative
175,spotify:track:1XpVhaI4HzWrhRWIpdfyJB,BTS,Please,BIGHIT MUSIC,24,98,3,185394,2026-04-09,FALSE,-77,Pop
176,spotify:track:1fFvYVg1v3rpUSqKNCUh7b,VCT,Người Bình Thường,Universal Music Indochina Distributed Labels,49,197,54,184587,2026-04-09,FALSE,21,Ballad
177,spotify:track:1uiqiUzPn2EJpvHDy84PEZ,"EM XINH ""SAY HI"", Orange, Mỹ Mỹ, 52Hz, Châu Bùi, Pháp Kiều",KHÔNG ĐAU NỮA RỒI,Em Xinh Say Hi,2,171,42,182192,2026-04-09,FALSE,-6,Rap/Hip-hop
178,spotify:track:5VGOYjxkEaf19LoRPIolD2,"The Wind, Dangrangto",Anh Muốn Nhìn Thấy Em,M Music Records,77,147,69,180188,2026-04-09,FALSE,-31,Indie/Alternative
179,spotify:track:78qgfGQXLCxLcJRShFeAyk,"Inso, Thazh, Đông",Mở Lòng Vì Ai - Thazh x Đông Remix,Air Media,125,168,4,179445,2026-04-09,FALSE,-11,Indie/Alternative
180,spotify:track:1MQoZHbCAoL24LRCqLMnS9,"Anh Bằng, 24k.Right, Nhi$m, Ann Nguyễn",Anh Tên Là,Universal Music Indochina Distributed Labels,22,112,7,178147,2026-04-09,FALSE,-68,Rap/Hip-hop
181,spotify:track:3plyGpDgzfrnZbpElpfioV,BTS,No. 29,BIGHIT MUSIC,19,114,3,178086,2026-04-09,FALSE,-67,Pop
182,spotify:track:55Eo6NDkVhSRBonrT16kXM,"Cloud 5, Dangrangto",Đến Đây Bên Anh,Yin Yang Media,66,173,53,177965,2026-04-09,FALSE,-9,Indie/Alternative
183,spotify:track:1Up8B0iFpeg5IN2C7gFFNa,"Lil Zpoet, Đức Anh",Từ Em Mà Ra,MaiDao Music,162,191,5,176856,2026-04-09,FALSE,8,Ballad
184,spotify:track:6UFvSmKzCZ16fxsybf4PhE,"Nguyễn Trọng Tài, Don Raemo, Double X",HONGKONG1,T2B Media,177,-1,7,176237,2026-04-09,TRUE,NaN,Indie/Alternative
185,spotify:track:1ZNolq7VI7efGlh2hb2VVr,BTS,Into the Sun,BIGHIT MUSIC,29,120,3,175224,2026-04-09,FALSE,-65,Pop
186,spotify:track:1UhQ0VwKq2PGnLiAZOJYV1,Binz,Em,SS LABEL,4,181,24,174839,2026-04-09,FALSE,-5,R&B/Soul
187,spotify:track:0Lf0ydJp4nbcEkYgPtIUuD,Ronboogz,Khi Mà,MaiDao Music,73,186,76,171907,2026-04-09,FALSE,-1,Indie/Alternative
188,spotify:track:5LuyL5o2BcFKK4FOJLYsSy,"Minh Đinh, Hà An Huy",Nằm Bên Anh,DAO Entertainment,28,195,44,171595,2026-04-09,FALSE,7,Ballad
189,spotify:track:5yvVYFDUpbnjcnRBgjwTzM,"Tame Impala, JENNIE",Dracula - JENNIE Remix,Columbia,189,-1,1,171166,2026-04-09,TRUE,NaN,EDM/Dance
190,spotify:track:2kt7udEZmN2kj1Jsl118zY,Wxrdie,0 AI NGHĨ,M Music Records,92,-1,31,171041,2026-04-09,TRUE,NaN,Rap/Hip-hop
191,spotify:track:3ga7GR2LumJOPQMbHN5sDr,GREY D,hơi thở của gió,Umusic Vietnam Co. Ltd. Distributed Labels,191,-1,1,170727,2026-04-09,TRUE,NaN,Indie/Alternative
192,spotify:track:6hytdEPX4UcGh91gDBUZDv,"Dab, Helinn",Anh Cũng Đâu Có Muốn Tin?,MaiDao Music,147,-1,25,169943,2026-04-09,TRUE,NaN,Pop
193,spotify:track:1cbLoF2FHZrdcAuH28eZ97,"Mason Nguyen, 24k.Right, Hipz",Hai Thằng Bịp,Universal Music Indochina Distributed Labels,148,169,9,169928,2026-04-09,FALSE,-24,Rap/Hip-hop
194,spotify:track:5wYQC7AuxV8ROALWcbVNxc,"Hoàng Dũng, Rhymastic, Lelarec",Giữ Anh Cho Ngày Hôm Qua,Lirico Entertainment,40,188,28,169277,2026-04-09,FALSE,-6,Ballad
195,spotify:track:265hQASPY3HFmUH38zZrSK,"Dangrangto, DONAL",MOIEM,Higher Dimension,32,164,74,169043,2026-04-09,FALSE,-31,Indie/Alternative
196,spotify:track:1nrC04lSCsxO6TwHktJKzj,Khoi Vu,SAIROI,MIXUS,75,196,18,168736,2026-04-09,FALSE,0,Indie/Alternative
197,spotify:track:4yy21UkGZ7gZEGbSERllpE,"ANH TRAI ""SAY HI"", Hustlang Robber, Nhâm Phương Nam, Mason Nguyen, Jaysonlei, Khoi Vu, LAMOON",SỚM MUỘN THÌ,Universal Music Indochina Distributed Labels,3,152,22,167457,2026-04-09,FALSE,-45,Rap/Hip-hop
198,spotify:track:5BJqg07SKgmFnVLOBmLFvq,Bùi Anh Tuấn,"Hẹn Một Mai - From"" 4 Năm 2 Chàng 1 Tình Yêu""",1LABEL,109,172,52,166788,2026-04-09,FALSE,-26,Ballad
199,spotify:track:4N99EuIjwSSFFFMDfTeOLU,"buitruonglinh, Vũ Phụng Tiên",Em Không Khóc (feat. Vũ Phụng Tiên),Yin Yang Media,62,-1,179,166698,2026-04-09,TRUE,NaN,Indie/Alternative
200,spotify:track:4wJ5Qq0jBN4ajy7ouZIV1c,"ROSÉ, Bruno Mars",APT.,Atlantic Records,2,-1,68,165393,2026-04-09,TRUE,NaN,Pop
1,spotify:track:2HRgqmZQC0MC7GeNuDIXHN,"Jung Kook, Latto",Seven (feat. Latto) (Explicit Ver.),BIGHIT MUSIC,1,2,144,2206837,2026-04-16,FALSE,1,Pop
2,spotify:track:68lbSrXDORS51pmyjZv712,BTS,SWIM,BIGHIT MUSIC,1,1,4,2155894,2026-04-16,FALSE,-1,Pop
3,spotify:track:1ApIGNgp1azc0qB61x4GzG,"Hngle, Ari",Không Buông,Umusic Vietnam Co. Ltd. Distributed Labels,2,4,32,1019722,2026-04-16,FALSE,1,Pop
4,spotify:track:0wvpRHXXuImyrccNEPAXBo,HIEUTHUHAI,Người Im Lặng Gặp Người Hay Nói,M Music Records,2,3,6,966573,2026-04-16,FALSE,-1,Rap/Hip-hop
5,spotify:track:42AOwjuMmIN1ioyyWB60Lw,GREY D,hoá ra…,Umusic Vietnam Co. Ltd. Distributed Labels,5,6,3,835910,2026-04-16,FALSE,1,R&B/Soul
6,spotify:track:11T61UpoNbbcewOMl1kcWN,NHONHO,Dạo Bước HongKong 1999,NHONHO,5,5,3,774794,2026-04-16,FALSE,-1,Indie/Alternative
7,spotify:track:7uUuftbcr94tzGOCJSM25u,"Low G, JustaTee",In Love,M Music Records,2,7,25,774066,2026-04-16,FALSE,0,Rap/Hip-hop
8,spotify:track:5KYv3kORBKUmVEoqbRRWxt,"Bảo Anh, Táo",Từng Là Của Nhau,Yin Yang Media,7,8,32,697382,2026-04-16,FALSE,0,Ballad
9,spotify:track:6Qwl74olNi1rl65FNxG5We,"marzuz, Changg",Và Thế Giới Đã Mất Đi Một Người Cô Đơn,Universal Music Indochina,9,11,21,691445,2026-04-16,FALSE,2,Ballad
10,spotify:track:4nXrVH5xwN1w6TpmP7uu8n,"HIEUTHUHAI, marzuz",Exit Sign,M Music Records,4,9,131,684123,2026-04-16,FALSE,-1,Rap/Hip-hop
11,spotify:track:6GM4ZOBDcDroldUxI8GZ2B,"VSTRA, Tyronee",Ai Ngoài Anh,CDSL,2,10,15,646015,2026-04-16,FALSE,-1,R&B/Soul
12,spotify:track:73RcFjiDtStfP3GCW44vJu,"Minh Huy, Pinny",Ngày Rời Chuyến Bay,12 trái lê,12,14,2,614597,2026-04-16,FALSE,2,Ballad
13,spotify:track:0NyrI1tMvqcK3vU5z9DMdI,JustaTee,She Neva Knows,NGUYEN THANH TUAN,13,23,11,547462,2026-04-16,FALSE,10,R&B/Soul
14,spotify:track:41DlPJXKTCypXdf2eSqa03,"Vũ., Binz",bình yên,WM Vietnam,4,15,85,524878,2026-04-16,FALSE,1,Rap/Hip-hop
15,spotify:track:1FUdEz4fX1DxPcVAARlu6A,GREY D,yêu em như…,Umusic Vietnam Co. Ltd. Distributed Labels,13,13,3,509018,2026-04-16,FALSE,-2,R&B/Soul
16,spotify:track:3vSmjbKFByNM6l31NmFlmB,"GREY D, MIN",đôi mắt kẻ tình si,Umusic Vietnam Co. Ltd. Distributed Labels,12,12,3,505196,2026-04-16,FALSE,-4,R&B/Soul
17,spotify:track:1K0HQ30Wc11okzlcnFA7Ub,HIEUTHUHAI,Không Thể Say,M Music Records,7,21,156,501320,2026-04-16,FALSE,4,Rap/Hip-hop
18,spotify:track:2KslE17cAJNHTsI2MI0jb2,Jung Kook,Standing Next to You,BIGHIT MUSIC,1,18,127,501142,2026-04-16,FALSE,0,Pop
19,spotify:track:2a5hng9yXtbjtTVVm9UviC,VCT,Mơ,Universal Music Indochina Distributed Labels,6,22,190,500727,2026-04-16,FALSE,3,Pop
20,spotify:track:6kCU6i8iRrAAmJJ8Sj4JYC,"Shartnuss, Phankeo, Tr.D",Nắng có mang em về,MaiDao Music,4,16,114,498593,2026-04-16,FALSE,-4,Indie/Alternative
21,spotify:track:2wZAvkgiOE5tyrnqhB69KA,Sơn Tùng M-TP,Âm Thầm Bên Em,Umusic Vietnam Co. Ltd. Distributed Labels,9,20,286,489137,2026-04-16,FALSE,-1,Ballad
22,spotify:track:3T7XHOdRcyhKU3QCB6kZG3,"MIN, Dangrangto, antransax",chẳng phải tình đầu sao đau đến thế,WM Vietnam,2,24,25,484990,2026-04-16,FALSE,2,Indie/Alternative
23,spotify:track:0t8g66pWghsU8MphjUQIdg,"Phùng Khánh Linh, 30 Pictures",Cảm Ơn Người Đã Thức Cùng Tôi,+84 Vietnam New Wave,5,17,8,473972,2026-04-16,FALSE,-6,Ballad
24,spotify:track:5cn5oHiXJTLiuthgbgfkMh,VCT,Vết Mưa,Universal Music Indochina Distributed Labels,19,25,110,473374,2026-04-16,FALSE,1,Ballad
25,spotify:track:6GUKRhIsWxA7VuZW8MKQLG,Dương Domic,Không Thời Gian,DAO Entertainment,2,19,30,452793,2026-04-16,FALSE,-6,R&B/Soul
26,spotify:track:3uT8QfoX0BE8ZJa4h98LDW,"Puppy, Dangrangto",Wrong Times,MaiDao Music,3,26,128,435375,2026-04-16,FALSE,0,Indie/Alternative
27,spotify:track:4BdB08vuS9r4HOoY7GkAxT,SOOBIN,Nếu Ngày Ấy,SS LABEL,18,28,69,434418,2026-04-16,FALSE,1,Ballad
28,spotify:track:0GXZXSDFSbJjqdGifjSaig,buitruonglinh,Sớm Như Vậy,Umusic Vietnam Co. Ltd. Distributed Labels,28,-1,1,419819,2026-04-16,TRUE,NaN,Indie/Alternative
29,spotify:track:3DLtPObflLQBodZN8qGODT,"JustaTee, BigDaddy",2AM,WM Vietnam,18,30,207,402556,2026-04-16,FALSE,1,R&B/Soul
30,spotify:track:4nyoalDFgUaZOzIKqj3aS5,"Đặng Vĩnh Thịnh, BMZ, Nguyễn Trung Đức",Ngàn Năm Ánh Sáng,BMZ JSC,5,29,36,397204,2026-04-16,FALSE,-1,Ballad
31,spotify:track:6Zoi4ue74UdUeYmHXItXnf,"B Ray, V#",Vùng An Toàn,MIXUS,3,32,41,391002,2026-04-16,FALSE,1,Rap/Hip-hop
32,spotify:track:4CUvVaAYuXtvYURLFz7EIL,"Emcee L (Da LAB), Da LAB, Muộii (Starry Night)",Chuyện Đôi Ta (feat. Muộii),Yin Yang Media,3,31,228,386383,2026-04-16,FALSE,-1,Ballad
33,spotify:track:3Ids3RXurYBgySph53qWnB,buitruonglinh,Từng Ngày Yêu Em,LOOPS Music,9,48,67,379960,2026-04-16,FALSE,15,Indie/Alternative
34,spotify:track:01qFKNWq73UfEslI0GvumE,"Jung Kook, Jack Harlow",3D (feat. Jack Harlow),BIGHIT MUSIC,2,74,132,376800,2026-04-16,FALSE,40,Pop
35,spotify:track:3x7Hh3zsE1wcXCU2G8l5tP,SOOBIN,DANCING IN THE DARK,SS LABEL,3,36,57,375361,2026-04-16,FALSE,1,EDM/Dance
36,spotify:track:4gaxEUZE4z9pJAVTSFwgQI,"14 Casper, Bon Nghiêm, buitruonglinh",một đời,DANDERLÉON,14,37,107,372701,2026-04-16,FALSE,1,Indie/Alternative
37,spotify:track:22GCbN9OyrCa1tC1jZnX8O,"Thắng, Hà Lê",Gội Đầu,Thắng,27,27,2,369032,2026-04-16,FALSE,-10,Indie/Alternative
38,spotify:track:3dbfL7nHOZlM4adzLHNnB3,"Juky San, buitruonglinh",Người Đầu Tiên,DAO Entertainment,2,33,24,368780,2026-04-16,FALSE,-5,Ballad
39,spotify:track:5SzJs9cwYXdSm9G3xcXuA2,Phùng Khánh Linh,Hôm Nay Tôi Buồn,BLACK SWAN LABEL LLC.,13,35,155,365281,2026-04-16,FALSE,-4,Ballad
40,spotify:track:5WkuMbkHX7yR7nnBKCn7tV,RIO,vạn vật như muốn ta bên nhau,DAO Entertainment,6,41,53,362278,2026-04-16,FALSE,1,Indie/Alternative
41,spotify:track:5tdz7T4hTxA1ipJMBe24uX,AMEE,"ex's hate me, Pt.2",Yin Yang Media,13,51,182,360774,2026-04-16,FALSE,10,Pop
42,spotify:track:7bFFUPBiF15n8m8RziqS4o,GREY D,dự báo thời tiết hôm nay mưa,Umusic Vietnam Co. Ltd. Distributed Labels,7,46,178,357341,2026-04-16,FALSE,4,R&B/Soul
43,spotify:track:1r9gNSD1WUFscqTSA2Rcet,MAYDAYs,Hẹn Lần Sau,Universal Music Indochina Distributed Labels,13,38,17,356686,2026-04-16,FALSE,-5,Indie/Alternative
44,spotify:track:6Hs2xIgB8nzyGFDvVA8lFa,"Madihu, Low G",Có Em,NGUYEN CHI PHONG,4,40,208,353188,2026-04-16,FALSE,-4,Rap/Hip-hop
45,spotify:track:1DVYafsLmcQySKkJnY4RCs,"MAYDAYs, Minh Tốc & Lam",Phép Màu - Đàn Cá Gỗ Original Soundtrack,Universal Music Indochina Distributed Labels,2,43,59,348851,2026-04-16,FALSE,-2,Khác
46,spotify:track:58ZlEBxBrzISXtmcOPo476,SOOBIN,giá như,SS LABEL,13,44,105,347329,2026-04-16,FALSE,-2,Ballad
47,spotify:track:5rSAUmbOg4giDrM29vUyHe,Sơn Tùng M-TP,Nơi Này Có Anh,Umusic Vietnam Co. Ltd. Distributed Labels,5,39,358,345443,2026-04-16,FALSE,-8,Pop
48,spotify:track:27Z9T0mSWHYWSj9SNOGvyt,"JustaTee, Phương Ly",Thằng Điên,NGUYEN THANH TUAN,2,56,193,341948,2026-04-16,FALSE,8,R&B/Soul
49,spotify:track:6mKMGpkgP2cH5gmqILWe7b,Fishy,vết thương,LOOPS Music,15,42,48,335416,2026-04-16,FALSE,-7,Ballad
50,spotify:track:3VkV6L37ub0rtuYQoawAqz,Lil Zpoet,Tình Mình Lạ Kì,LiL Z Poet,45,57,11,332340,2026-04-16,FALSE,7,Ballad
51,spotify:track:3J3nv18iIrOhca1ZWNeuyW,JustaTee,Đã Lỡ Yêu Em Nhiều,NGUYEN THANH TUAN,36,62,167,330909,2026-04-16,FALSE,11,Ballad
52,spotify:track:0fGJiHH6xSUJU1MAVjxq5m,"Karik, GDucky",Bạn Đời,WM Vietnam,5,53,133,328841,2026-04-16,FALSE,1,Rap/Hip-hop
53,spotify:track:6VXVYATpQXEIoZ97NnWCmn,"Madihu, Vũ.",Vì Anh Đâu Có Biết,WM Vietnam,2,50,193,328177,2026-04-16,FALSE,-3,Ballad
54,spotify:track:0e6fZkLArSmDIHnZcIua7t,"Vũ., Low G",Không Yêu Em Thì Yêu Ai?,WM Vietnam,19,45,81,326999,2026-04-16,FALSE,-9,Indie/Alternative
55,spotify:track:4MCP9l0QB9YN2LCkIy8mz4,Obito,Dạo Này,12 trái lê,8,49,16,326575,2026-04-16,FALSE,-6,Rap/Hip-hop
56,spotify:track:4UC3NBjtqbYcqPqRq1s57D,Lyly,24h,WM Vietnam,47,77,48,315077,2026-04-16,FALSE,21,Ballad
57,spotify:track:2dPJtlvoa3GDowCh035M8P,Vũ.,Nếu Những Tiếc Nuối,WM Vietnam,33,60,52,313102,2026-04-16,FALSE,3,Indie/Alternative
58,spotify:track:2Pwou3Q2Cf59RxdX2V6MgV,Shiki,Có Đôi Điều,12 trái lê,10,61,68,311745,2026-04-16,FALSE,3,Rap/Hip-hop
59,spotify:track:25h0TqC9H3BcMA7KjK5nHK,"GREY D, tlinh",vaicaunoicokhiennguoithaydoi,Umusic Vietnam Co. Ltd. Distributed Labels,2,54,200,307877,2026-04-16,FALSE,-5,R&B/Soul
60,spotify:track:3JKn7BN79L1WOPMYUCZg1m,"RPT MCK, marzuz",NGONGIODEMQUATRANGSANGDEMNAY,abandonh3ll records,60,146,2,307787,2026-04-16,FALSE,86,Rap/Hip-hop
61,spotify:track:2pm7K14nHj2fLrpU8j9bit,PC,10 Ngàn Năm,12 trái lê,27,58,201,304897,2026-04-16,FALSE,-3,Rap/Hip-hop
62,spotify:track:2ZBi1KpCR0grEWRNgySqwg,Hngle,Buông,Sony Music Entertainment,17,52,9,302671,2026-04-16,FALSE,-10,Ballad
63,spotify:track:6ag0c7tBr3PIqPb00C2rK4,"VCT, Negav, Jey B, Ngô Kiến Huy",NGƯỜI NHƯ ANH XỨNG ĐÁNG CÔ ĐƠN - KHÔNG ĐAU NỮA RỒI,VIE NETWORK CORPORATION / ADA,45,59,7,301539,2026-04-16,FALSE,-4,Rap/Hip-hop
64,spotify:track:3ET3xHCLMGd57u06A9RjJ0,Ronboogz,Nói Dối,MaiDao Music,3,55,128,298518,2026-04-16,FALSE,-9,Indie/Alternative
65,spotify:track:39KWnPNEvbXt423CzjvBfA,SOOBIN,Anh Đã Quen Với Cô Đơn,WM Vietnam,40,68,74,295891,2026-04-16,FALSE,3,Ballad
66,spotify:track:5prZw3OHd2UhAq0VBKpqUM,GREY D,mới hôm qua,Umusic Vietnam Co. Ltd. Distributed Labels,34,34,3,288097,2026-04-16,FALSE,-32,R&B/Soul
67,spotify:track:5ouxRyInSdRBQubu3KTd97,"tlinh, 2Pillz",nếu lúc đó,M Music Records,1,69,163,284832,2026-04-16,FALSE,2,R&B/Soul
68,spotify:track:3A9A7mfVDVm3rrS9SMGhg5,Kha,Hư không,MaiDao Music,22,82,118,283775,2026-04-16,FALSE,14,Ballad
69,spotify:track:2w7jOvl0kpplNxisgfnCdT,"Đức Trường, BMZ",Nếu Biết Đó Là Lần Cuối,BMZ,47,65,32,280344,2026-04-16,FALSE,-4,Ballad
70,spotify:track:1MiJk3dXC5jzhvLFP0dUM7,Da LAB,Thức Giấc,Yin Yang Media,1,64,249,278606,2026-04-16,FALSE,-6,Pop
71,spotify:track:1hPbWyZnUPaeAWbOSKwkXJ,Quang Đăng Trần,Anh Đã Không Biết Cách Yêu Em,338ENT,9,63,37,275489,2026-04-16,FALSE,-8,Ballad
72,spotify:track:7mblTCdc14ylJ1JW71MODb,buitruonglinh,Giờ Thì,LOOPS Music,11,97,70,275160,2026-04-16,FALSE,25,Indie/Alternative
73,spotify:track:2rKkfc4VZ74FQDc1FF1Zo6,BTS,Body to Body,BIGHIT MUSIC,5,47,4,273923,2026-04-16,FALSE,-26,Pop
74,spotify:track:7dlgEjrK3lHbP786dshKDV,"ANH TRAI ""SAY HI"", B Ray, AMEE",CHỜ ANH VỀ,Universal Music Indochina Distributed Labels,2,70,19,272969,2026-04-16,FALSE,-4,Rap/Hip-hop
75,spotify:track:0s7RyyUlQfd8mnnboHe18n,"MANBO, HIEUTHUHAI, HURRYKNG",Hẹn Gặp Em Dưới Ánh Trăng,Gerdnang,20,76,109,268304,2026-04-16,FALSE,1,Rap/Hip-hop
76,spotify:track:5BTzf3doGTigDIYUFtbkI9,"Emcee L (Da LAB), Da LAB, Badbies",Sinh Ra Đã Là Thứ Đối Lập Nhau (feat. Badbies),Yin Yang Media,5,87,277,266537,2026-04-16,FALSE,11,Ballad
77,spotify:track:1mtmvJjTchdqDCoJbFv1Op,"OgeNus, Dangrangto",Tuyển Bạn Gái,Universal Music Indochina Distributed Labels,77,-1,1,265772,2026-04-16,TRUE,NaN,Rap/Hip-hop
78,spotify:track:5XfGQZA0ioQAWUjlyJRcHc,"Shiki, Obito",1000 Ánh Mắt,12 trái lê,8,91,94,261080,2026-04-16,FALSE,13,Rap/Hip-hop
79,spotify:track:2uZmeuNAxSm7XfVIwLkhCx,Ronboogz,nhắn nhủ,MaiDao Music,14,67,122,257781,2026-04-16,FALSE,-12,Indie/Alternative
80,spotify:track:6Q2oEdOhRjZ1DTv2a7j0lN,"PC, Dick, tofutns",Ghé Qua,12 trái lê,61,89,291,257165,2026-04-16,FALSE,9,Rap/Hip-hop
81,spotify:track:3CmacJj7VC4W6daC8BWd0h,Dương Domic,Mất Kết Nối,DAO Entertainment,2,73,73,256720,2026-04-16,FALSE,-8,R&B/Soul
82,spotify:track:2pBZoglJzsRk4UeVey8n0k,Việt Anh,Ngày Này Năm Ấy,338ENT,17,85,36,256695,2026-04-16,FALSE,3,Ballad
83,spotify:track:1xoadYaxtOp9gHDwgmPDuz,"JSOL, Hoàng Duyên",Sài Gòn Hôm Nay Mưa,Universal Music Indochina,3,80,255,255961,2026-04-16,FALSE,-3,Ballad
84,spotify:track:1i5SZL7Ngz0sYFaKmwieyw,"Quang Hùng MasterD, Low G, Hino",Chất Gây Hại,M Music Records,16,102,17,255272,2026-04-16,FALSE,18,Rap/Hip-hop
85,spotify:track:1o6cYDMHvKOfizi4d9Lqxr,W/N,id 072019,Universal Music Indochina Distributed Labels,3,86,142,254737,2026-04-16,FALSE,1,Pop
86,spotify:track:6QFCMUUq1T2Vf5sFUXcuQ7,"Justin Bieber, Nicki Minaj",Beauty And A Beat,RBMG/Def Jam,86,-1,1,253743,2026-04-16,TRUE,NaN,EDM/Dance
87,spotify:track:27F22WcGDyl4Z2KylVJkXL,buitruonglinh,Đường Tôi Chở Em Về,Universal Music Indochina Distributed Labels,14,101,181,251545,2026-04-16,FALSE,14,Indie/Alternative
88,spotify:track:6epn3r7S14KUqlReYr77hA,"Justin Bieber, Ludacris",Baby,RBMG/Def Jam,88,-1,1,250862,2026-04-16,TRUE,NaN,Pop
89,spotify:track:4qJSUFwZFouto5VZUlln75,"tlinh, Trung Trần",Thích Quá Rùi Nà,Universal Music Indochina Distributed Labels,34,110,291,250737,2026-04-16,FALSE,21,R&B/Soul
90,spotify:track:3P3rcI48wwVEgxF5vPM6pG,Sơn Tùng M-TP,Buông Đôi Tay Nhau Ra,Umusic Vietnam Co. Ltd. Distributed Labels,7,66,144,248660,2026-04-16,FALSE,-24,Ballad
91,spotify:track:317Lh6QCAz9JpWbV3oxrCf,"Phùng Khánh Linh, Thành Luke",EM ĐAU,BLACK SWAN LABEL LLC.,62,75,14,247136,2026-04-16,FALSE,-16,Ballad
92,spotify:track:1UQNU5O9VttUgO16pxUnjw,"Obito, Shiki, RPT MCK",Đánh Đổi,12 trái lê,7,84,132,246558,2026-04-16,FALSE,-8,Rap/Hip-hop
93,spotify:track:6jcLKVmEKAQIXIVHJZ8vzS,"MONSTAR, GREY D, NICKY, VƯƠNG BÌNH",tình yêu chậm trễ,Yin Yang Media,46,72,174,246384,2026-04-16,FALSE,-21,R&B/Soul
94,spotify:track:54PbBpquVfhfrwRwvjSXbI,"Charlie Puth, Selena Gomez",We Don't Talk Anymore (feat. Selena Gomez),Artist Partner,71,128,281,246229,2026-04-16,FALSE,34,R&B/Soul
95,spotify:track:36fgG6NiEuQXznNgf5y2Ck,"T.R.I, Dangrangto, DONAL",một bài hát không vui mấy - Extended Version,Umusic Vietnam Co. Ltd. Distributed Labels,26,81,67,246043,2026-04-16,FALSE,-14,Ballad
96,spotify:track:5u5AsK8JLgkr154QHZjJqh,"ANH TRAI ""SAY HI"", VCT, Karik, Negav, Ngô Kiến Huy, Jey B",NGƯỜI NHƯ ANH XỨNG ĐÁNG CÔ ĐƠN,Universal Music Indochina Distributed Labels,3,90,29,244852,2026-04-16,FALSE,-6,Rap/Hip-hop
97,spotify:track:4CVxKSRLUxqUuj2z9vn4fS,SOOBIN,Xin Đừng Lặng Im,"HONG AN ENTERTAIMENT,.JSC",37,98,47,244176,2026-04-16,FALSE,1,Ballad
98,spotify:track:5LQpQ6SDeaz6SIkR0lvsoC,"GREY D, Chillies",đưa em về nhàa,M Music Records,3,105,155,236929,2026-04-16,FALSE,7,R&B/Soul
99,spotify:track:0JKEP4dB1riE6l7Kq5kJm1,Chillies,Em Đừng Khóc,WM Vietnam,3,104,62,236575,2026-04-16,FALSE,5,Indie/Alternative
100,spotify:track:31VNCmwspR7nVJ6kruUuJt,Sơn Tùng M-TP,Đừng Làm Trái Tim Anh Đau,Umusic Vietnam Co. Ltd. Distributed Labels,1,95,97,236030,2026-04-16,FALSE,-5,Pop
101,spotify:track:4D1eaEIisnWCVPMnYuMh7q,白浩贤BlueC,漫步香港1999,腾讯音乐人,13,78,9,234601,2026-04-16,FALSE,-23,Indie/Alternative
102,spotify:track:5PGh9MyKry8slG5AfvD1eD,"Obito, Shiki, VSTRA",Hà Nội,12 trái lê,10,108,132,234588,2026-04-16,FALSE,6,Rap/Hip-hop
103,spotify:track:1J12HjUuXfJnaUdubTEzSR,HIEUTHUHAI,Nghe Như Tình Yêu,M Music Records,35,100,239,234357,2026-04-16,FALSE,-3,R&B/Soul
104,spotify:track:0KA8tBqZ81mBe2po59GK5j,Đỗ Hoàng Long,Trạng Thái Mộng Mơ,Umusic Vietnam Co. Ltd. Distributed Labels,92,92,8,234313,2026-04-16,FALSE,-12,Indie/Alternative
105,spotify:track:6D94p9ASguBcYlDC0o56vx,HIEUTHUHAI,NOLOVENOLIFE,M Music Records,24,111,131,232866,2026-04-16,FALSE,6,Rap/Hip-hop
106,spotify:track:5Bti0azlFhMattVY76qFr9,Vũ.,Lạ Lùng,WM Vietnam,17,106,419,232190,2026-04-16,FALSE,0,Indie/Alternative
107,spotify:track:7q1qYSyRkGT4ZaCc2ZQihP,"Hoàng Tôn, Koo",Em Còn Nhớ Anh Không - Remastered,Hoàng Tôn,69,103,53,229899,2026-04-16,FALSE,-4,Ballad
108,spotify:track:226ljdOTLM2clGpm4mZvAm,Dangrangto,Love is,MaiDao Music,10,94,77,225814,2026-04-16,FALSE,-14,Indie/Alternative
109,spotify:track:0SmQ0UWeiHKQtxUej4Rem6,SOOBIN,Tháng Năm,Spacespeakers,6,109,178,225181,2026-04-16,FALSE,0,Pop
110,spotify:track:25NLn8W1JxuVrXQTVrDA4c,"Dfoxie37, myhoa, Tuann",hello em có khỏe không,Universal Music Indochina Distributed Labels,15,107,20,224455,2026-04-16,FALSE,-3,Pop
111,spotify:track:66v7AvDs5gZfmkJgFMMtHL,"Công Dương, Nguyễn Lâm Thảo Tâm, 30 Pictures",A Little Dream Of Me,+84 Vietnam New Wave,22,99,6,224123,2026-04-16,FALSE,-12,Khác
112,spotify:track:53zusvCJkyGYjEZ6bnLIjh,Hà Anh Tuấn,Tháng Tư Là Lời Nói Dối Của Em,Yin Yang Media,49,83,57,221614,2026-04-16,FALSE,-29,Ballad
113,spotify:track:43zzuEWDotRcKlSFzrlJqs,Đạt G,Thêm Bao Nhiêu Lâu,12 trái lê,106,141,49,220419,2026-04-16,FALSE,28,Ballad
114,spotify:track:1LJyhnPdYGRLerwJd8CmL1,"Vũ., Dear Jane",Những Lời Hứa Bỏ Quên,WM Vietnam,1,115,122,219539,2026-04-16,FALSE,1,Indie/Alternative
115,spotify:track:42i1d7gos5WvqZIFWCfE7E,Ngô Lan Hương,"Có công mài ""Sắc""",Ngô Lan Hương Exclusive,115,-1,1,217226,2026-04-16,TRUE,NaN,Pop
116,spotify:track:3bmpXHVie1GTy37OkXJ7Vc,BTS,2.0,BIGHIT MUSIC,11,88,4,215285,2026-04-16,FALSE,-28,Rap/Hip-hop
117,spotify:track:7fCeYpR02Q8JVuD88hJZVT,"Da LAB, Minh Tốc & Lam",Bầu Trời Mới,Universal Music Indochina Distributed Labels,8,113,80,214521,2026-04-16,FALSE,-4,Indie/Alternative
118,spotify:track:0oL2jCTf9P9a7flY5mCpYu,"Wxrdie, JustaTee",Trở Về,Universal Music Indochina Distributed Labels,54,134,59,214070,2026-04-16,FALSE,16,Rap/Hip-hop
119,spotify:track:4TyQKEifYDWTfTSRwpxlYI,Quân A.P,Bông Hoa Đẹp Nhất,Great Entertainment,32,126,120,214069,2026-04-16,FALSE,7,Ballad
120,spotify:track:20dAJsyno9ZoBLJtqgQnUI,BTS,Hooligan,BIGHIT MUSIC,8,96,4,213760,2026-04-16,FALSE,-24,Pop
121,spotify:track:3COYA2vgfcUhDyRlVpZy5p,"tlinh, Low G",PHÓNG ZÌN ZÌN,M Music Records,4,123,82,213463,2026-04-16,FALSE,2,Rap/Hip-hop
122,spotify:track:5tmA5oQDF0ULqRI12LKCDw,JayKii,Chiều Hôm Ấy,The First Management,95,114,25,213216,2026-04-16,FALSE,-8,Ballad
123,spotify:track:2uxjHthUJd2A8PmWaUGGsI,"Hoàng Dũng, Hoàng Rob",Chờ Anh Nhé,Lirico Entertainment,99,121,44,213119,2026-04-16,FALSE,-2,Indie/Alternative
124,spotify:track:65st6HfPZyxq1RNTvqSIos,"Wren Evans, itsnk",Thu Đợi,Universal Music Indochina Distributed Labels,6,125,16,211448,2026-04-16,FALSE,1,R&B/Soul
125,spotify:track:6E3P4uOfKHYXJLK6Q3s0Tj,"JustaTee, Binz",Cơn Mưa Cuối,NGUYEN THANH TUAN,86,117,24,211276,2026-04-16,FALSE,-8,Rap/Hip-hop
126,spotify:track:4Iz5EWPCAT8jYNk4IpLoll,buitruonglinh,Dù Cho Mai Về Sau,Yin Yang Media,10,157,264,210855,2026-04-16,FALSE,31,Indie/Alternative
127,spotify:track:4fj4Jn4nw8fGX8xdbCntJf,"CoolKid, RHYDER",Sau Cơn Mưa,MaiDao Music,8,120,137,210015,2026-04-16,FALSE,-7,Rap/Hip-hop
128,spotify:track:2FnXZhpEKgIab8vI6t2C7e,"Shiki, Tyronee",Perfect,12 trái lê,74,154,53,207643,2026-04-16,FALSE,26,Rap/Hip-hop
129,spotify:track:6TGwaBlfUGVoeZMBLzvXGP,"Dangrangto, DONAL",thế giới của anh,Higher Dimension,50,93,11,207295,2026-04-16,FALSE,-36,Indie/Alternative
130,spotify:track:51bYFYWODfYOZU0rwvjiCc,"Binz, Đen",Cho Mình Em,Spacespeakers,32,112,125,207165,2026-04-16,FALSE,-18,Rap/Hip-hop
131,spotify:track:1J3SmWwlYAG68LGKr86MVH,Sơn Tùng M-TP,Chúng Ta Của Hiện Tại,Umusic Vietnam Co. Ltd. Distributed Labels,1,130,278,207062,2026-04-16,FALSE,-1,Pop
132,spotify:track:5U30iZBlmxkpHqzb1OSnBS,Rhymastic,Yêu 5,WM Vietnam,77,161,219,206247,2026-04-16,FALSE,29,R&B/Soul
133,spotify:track:5VGOYjxkEaf19LoRPIolD2,"The Wind, Dangrangto",Anh Muốn Nhìn Thấy Em,M Music Records,77,178,70,205732,2026-04-16,FALSE,45,Indie/Alternative
134,spotify:track:5C3fx9rdM4Bxf1MSOQC4Ym,"Low G, Thắng",An Thần,M Music Records,2,122,234,204432,2026-04-16,FALSE,-12,Rap/Hip-hop
135,spotify:track:2gyJ83K0VJk7Ug1J4Qoaki,GREY D,tựa đầu,Umusic Vietnam Co. Ltd. Distributed Labels,71,71,3,204272,2026-04-16,FALSE,-64,R&B/Soul
136,spotify:track:2RkZ5LkEzeHGRsmDqKwmaJ,Alex Warren,Ordinary,Atlantic Records,38,162,11,202915,2026-04-16,FALSE,26,Pop
137,spotify:track:6GPcbZOX4h9MWert6xWpYw,Phùng Khánh Linh,ANH LÀ THẰNG TỒI,BLACK SWAN LABEL LLC.,37,116,20,202792,2026-04-16,FALSE,-21,Indie/Alternative
138,spotify:track:7HoAJ6Hc1P91eoOrn1WY5d,"Đức Trường, BMZ, Kun",Đáng Lý Ra Phải Là Anh,BMZ,90,138,18,201811,2026-04-16,FALSE,0,Ballad
139,spotify:track:567e29TDzLwZwfDuEpGTwo,"The Kid LAROI, Justin Bieber",STAY (with Justin Bieber),Columbia,1,-1,106,201466,2026-04-16,TRUE,NaN,EDM/Dance
140,spotify:track:4vfhartd7HDWGJbdVIycEu,Sơn Tùng M-TP,Muộn Rồi Mà Sao Còn,Umusic Vietnam Co. Ltd. Distributed Labels,1,149,260,200894,2026-04-16,FALSE,9,Pop
141,spotify:track:6uxuJ8Fr1AAfSPJUF9N1yr,Vũ.,Bước Qua Mùa Cô Đơn,WM Vietnam,1,129,267,200265,2026-04-16,FALSE,-12,Indie/Alternative
142,spotify:track:2G5ujw3rrWcAXQqT8PVnrz,"Obito, Shiki, Lăng LD",Đầu Đường Xó Chợ,12 trái lê,39,168,78,198090,2026-04-16,FALSE,26,Rap/Hip-hop
143,spotify:track:2GE2p2dFpxp7OIz2QOFBzW,"ANH TRAI ""SAY HI"", HURRYKNG, HIEUTHUHAI, Negav, Pháp Kiều, Isaac","KIM PHÚT, KIM GIỜ (feat. HURRYKNG, HIEUTHUHAI, Negav, Pháp Kiều & Isaac)",Anh Trai Say Hi,5,150,77,197837,2026-04-16,FALSE,7,Rap/Hip-hop
144,spotify:track:7CyPwkp0oE8Ro9Dd5CUDjW,"The Weeknd, JENNIE, Lily-Rose Depp","One Of The Girls (with JENNIE, Lily Rose Depp)",XO / Republic Records,11,158,147,197545,2026-04-16,FALSE,14,R&B/Soul
145,spotify:track:7J9l9ebYB3IEs5ea5J1M7a,"Da LAB, Tóc Tiên",Nước Mắt Em Lau Bằng Tình Yêu Mới,MUNIZ MUSIC COMPANY LIMITED,107,159,112,197175,2026-04-16,FALSE,14,Pop
146,spotify:track:0jHpGB1Xt2kIX0VaPFvStp,"Tùng TeA, PC, TaynguyenSound",Già Cùng Nhau Là Được,12 trái lê,70,153,141,194857,2026-04-16,FALSE,7,Rap/Hip-hop
147,spotify:track:3y66li7DIrH7HLKIZzxR5H,Kai Đinh,Lễ Đường,Yin Yang Media,3,148,57,194590,2026-04-16,FALSE,1,Ballad
148,spotify:track:3H6nzsPNMttEvUl3ai3xN8,Chillies,Vùng Ký Ức,WM Vietnam,1,131,124,193511,2026-04-16,FALSE,-17,Indie/Alternative
149,spotify:track:1GJ3suxtUVaguVQRemw6Zp,Andiez,Suýt Nữa Thì...,MaiDao Music,74,133,162,191508,2026-04-16,FALSE,-16,Ballad
150,spotify:track:3HNcWoUo4jot56Kw1Kc6vN,GREY D,mộng tình,Umusic Vietnam Co. Ltd. Distributed Labels,79,79,3,191409,2026-04-16,FALSE,-71,R&B/Soul
151,spotify:track:6KIhgRkprgyJNERRMu7Quh,MIN,Có Em Chờ,MIN,117,169,50,190741,2026-04-16,FALSE,18,Pop
152,spotify:track:0b61A7v9agI08BG21jJPQ9,BTS,they don’t know ’bout us,BIGHIT MUSIC,16,127,4,189906,2026-04-16,FALSE,-25,Pop
153,spotify:track:2o4dDfLK6NVI7TjBm5VoMv,"Lou Hoàng, Miu Lê",Yêu Một Người Có Lẽ,Onlyc Entertainment,33,163,217,189105,2026-04-16,FALSE,10,Pop
154,spotify:track:3gLRyMbg5nWLcuKD46Uz72,Phương Ly,Anh Là Ai,PHUONG LY,109,152,29,188913,2026-04-16,FALSE,-2,Pop
155,spotify:track:29Tj2R8sZZ3fzlXZVe1OyY,"Dương Domic, Lou Hoàng",Pin Dự Phòng,DAO Entertainment,13,118,41,187718,2026-04-16,FALSE,-37,R&B/Soul
156,spotify:track:0669gFIK8dYK9GGQ0K0QNF,Dương Domic,Tràn Bộ Nhớ,DAO Entertainment,7,142,73,187692,2026-04-16,FALSE,-14,R&B/Soul
157,spotify:track:1fFvYVg1v3rpUSqKNCUh7b,VCT,Người Bình Thường,Universal Music Indochina Distributed Labels,49,176,55,187299,2026-04-16,FALSE,19,Ballad
158,spotify:track:3b34161QoxLwsqhWSPy9i5,Da LAB,Thanh Xuân,Sony Music Entertainment,1,137,396,186617,2026-04-16,FALSE,-21,Indie/Alternative
159,spotify:track:12DNdwLD9oZOPADqM10oyE,"Fishy, Trí Dũng",Forget Me Now,LOOPS Music,131,151,37,185834,2026-04-16,FALSE,-8,R&B/Soul
160,spotify:track:170CNv2CAZn8wg6GxvHXYC,"B Ray, AMEE",Ex's Hate Me,B Ray,129,156,24,185526,2026-04-16,FALSE,-4,Rap/Hip-hop
161,spotify:track:7yxogpPUBn4wVEKBgI5c7U,Lil Zpoet,Yêu Từ Đâu Mà Ra,MaiDao Music,143,143,27,184605,2026-04-16,FALSE,-18,Pop
162,spotify:track:7Cjsw965r7mVK888ZqP6Wo,Negav,Mình Anh Thôi,MIXUS,18,132,56,183741,2026-04-16,FALSE,-30,Rap/Hip-hop
163,spotify:track:2ppLwHSMgDGEQ5c8o6nAX2,Low G,Simp Gái 808,M Music Records,9,170,131,181536,2026-04-16,FALSE,7,Rap/Hip-hop
164,spotify:track:50cmxP6KlnQA9IG3q5ckKD,Chillies,Mascara,WM Vietnam,3,171,223,181425,2026-04-16,FALSE,7,Indie/Alternative
165,spotify:track:0KmrKOdScRDVYwWS8hkkdv,BTS,FYA,BIGHIT MUSIC,9,119,4,181068,2026-04-16,FALSE,-46,Pop
166,spotify:track:4FT18tLTmf3QNBzG5r6OTj,"Đen, Ngọc Linh",Mười Năm (Lộn Xộn 3),Đen,17,164,128,179925,2026-04-16,FALSE,-2,Rap/Hip-hop
167,spotify:track:78qgfGQXLCxLcJRShFeAyk,"Inso, Thazh, Đông",Mở Lòng Vì Ai - Thazh x Đông Remix,Air Media,125,179,5,179903,2026-04-16,FALSE,12,Indie/Alternative
168,spotify:track:55K3e7BGewGDUJ4ZQwkh7M,Only C,Người Đáng Thương Là Anh,OnlyC Production,165,173,13,179248,2026-04-16,FALSE,5,Ballad
169,spotify:track:33S16Xa5cZmLPhn6eZI4Nm,"52Hz, RIO, WEAN",ĐỢI (feat. WEAN) - SPECIAL VERSION,DAO Entertainment,58,140,90,178775,2026-04-16,FALSE,-29,R&B/Soul
170,spotify:track:2rjjvcCCHF1CdnwptaXyF8,"F47 Cover, meChill, Đặng Thanh Tuyền",50 Năm Về Sau,meChill,89,144,11,178053,2026-04-16,FALSE,-26,Indie/Alternative
171,spotify:track:55Eo6NDkVhSRBonrT16kXM,"Cloud 5, Dangrangto",Đến Đây Bên Anh,Yin Yang Media,66,182,54,177892,2026-04-16,FALSE,11,Indie/Alternative
172,spotify:track:1izPmgSW7FV6XFdEOiTvOY,"Changg, Minh Huy",Em Không Hiểu,Universal Music Indochina Distributed Labels,27,-1,240,176160,2026-04-16,TRUE,NaN,R&B/Soul
173,spotify:track:5yvVYFDUpbnjcnRBgjwTzM,"Tame Impala, JENNIE",Dracula - JENNIE Remix,Columbia,173,189,2,175768,2026-04-16,FALSE,16,EDM/Dance
174,spotify:track:4B4Q7zfd0aHcuhQBfCRnH5,BTS,NORMAL,BIGHIT MUSIC,14,124,4,175125,2026-04-16,FALSE,-50,Pop
175,spotify:track:09CtPGIpYB4BrO8qb1RGsF,Justin Bieber,Sorry,RBMG/Def Jam,175,-1,2,174449,2026-04-16,TRUE,NaN,EDM/Dance
176,spotify:track:1uiqiUzPn2EJpvHDy84PEZ,"EM XINH ""SAY HI"", Orange, Mỹ Mỹ, 52Hz, Châu Bùi, Pháp Kiều",KHÔNG ĐAU NỮA RỒI,Em Xinh Say Hi,2,177,43,174217,2026-04-16,FALSE,1,Rap/Hip-hop
177,spotify:track:54UNNgtE3zzERwTuWSQLqd,"MONSTAR, GREY D, VƯƠNG BÌNH",có hẹn với thanh xuân,Yin Yang Media,5,147,170,173550,2026-04-16,FALSE,-30,R&B/Soul
178,spotify:track:2eVsKrWqJhTAVItaTRashw,VƯƠNG BÌNH,Thanh Tân,Umusic Vietnam Co. Ltd. Distributed Labels,40,167,8,172134,2026-04-16,FALSE,-11,R&B/Soul
179,spotify:track:4yy21UkGZ7gZEGbSERllpE,"ANH TRAI ""SAY HI"", Hustlang Robber, Nhâm Phương Nam, Mason Nguyen, Jaysonlei, Khoi Vu, LAMOON",SỚM MUỘN THÌ,Universal Music Indochina Distributed Labels,3,197,23,170105,2026-04-16,FALSE,18,Rap/Hip-hop
180,spotify:track:50kpGaPAhYJ3sGmk6vplg0,Justin Bieber,Love Yourself,RBMG/Def Jam,79,-1,124,169968,2026-04-16,TRUE,NaN,Pop
181,spotify:track:498g7npirihKT5MPdVSfb0,Hoàng Dũng,Phonecert,"CAM, LIRICO",137,155,17,169244,2026-04-16,FALSE,-26,R&B/Soul
182,spotify:track:5LuyL5o2BcFKK4FOJLYsSy,"Minh Đinh, Hà An Huy",Nằm Bên Anh,DAO Entertainment,28,188,45,169217,2026-04-16,FALSE,6,Ballad
183,spotify:track:7so0lgd0zP2Sbgs2d7a1SZ,"Lady Gaga, Bruno Mars",Die With A Smile,Interscope Records,4,-1,85,169086,2026-04-16,TRUE,NaN,Ballad
184,spotify:track:5cF0dROlMOK5uNZtivgu50,Charlie Puth,Attention,Artist Partner,21,-1,197,168257,2026-04-16,TRUE,NaN,R&B/Soul
185,spotify:track:7jLSThU5Kg1RWt19Leiaxm,"RPT MCK, Trung Trần",Chìm Sâu,abandonh3ll records,1,160,216,168236,2026-04-16,FALSE,-25,R&B/Soul
186,spotify:track:5BJqg07SKgmFnVLOBmLFvq,Bùi Anh Tuấn,"Hẹn Một Mai - From"" 4 Năm 2 Chàng 1 Tình Yêu""",1LABEL,109,198,53,167894,2026-04-16,FALSE,12,Ballad
187,spotify:track:2SykQzXuFSeprST1uDjj1m,AMEE,trời giấu trời mang đi,Yin Yang Media,52,-1,83,167466,2026-04-16,TRUE,NaN,R&B/Soul
188,spotify:track:2IFND3phjzIG1RcPnHh2hP,BTS,Like Animals,BIGHIT MUSIC,18,136,4,166965,2026-04-16,FALSE,-52,Pop
189,spotify:track:6UFvSmKzCZ16fxsybf4PhE,"Nguyễn Trọng Tài, Don Raemo, Double X",HONGKONG1,T2B Media,177,184,8,165657,2026-04-16,FALSE,-5,Indie/Alternative
190,spotify:track:5kJMW3pK49PvQDtpVryHf5,JustaTee,Forget About Her,Spacespeakers,31,-1,36,165328,2026-04-16,TRUE,NaN,R&B/Soul
191,spotify:track:5tg21NdePCn5m8F9BXOEeJ,BTS,Aliens,BIGHIT MUSIC,13,135,4,165270,2026-04-16,FALSE,-56,Pop
192,spotify:track:7kgzRBNkBRArtTPkYjWLYT,"14 Casper, Bon Nghiêm",bao tiền một mớ bình yên?,DANDERLÉON,9,-1,259,165070,2026-04-16,TRUE,NaN,Ballad
193,spotify:track:0aPZbnkMoWJaJ5CNVLCj8S,Justin Bieber,That Should Be Me,RBMG/Def Jam,193,-1,1,164823,2026-04-16,TRUE,NaN,Ballad
194,spotify:track:5jFxI1Rqwp5AFhRogCkjEp,"Hoàng Tôn, YanBi",Em Không Quay Về,Hoàng Tôn,72,-1,8,164797,2026-04-16,TRUE,NaN,Ballad
195,spotify:track:1cbLoF2FHZrdcAuH28eZ97,"Mason Nguyen, 24k.Right, Hipz",Hai Thằng Bịp,Universal Music Indochina Distributed Labels,148,193,10,164787,2026-04-16,FALSE,-2,Rap/Hip-hop
196,spotify:track:7AD5F85waSb3yZxZxEXhJM,"Tóc Tiên, Touliver",Có Ai Thương Em Như Anh,Yin Yang Media,20,139,143,164154,2026-04-16,FALSE,-57,EDM/Dance
197,spotify:track:4N99EuIjwSSFFFMDfTeOLU,"buitruonglinh, Vũ Phụng Tiên",Em Không Khóc (feat. Vũ Phụng Tiên),Yin Yang Media,62,199,180,164109,2026-04-16,FALSE,2,Indie/Alternative
198,spotify:track:1UhQ0VwKq2PGnLiAZOJYV1,Binz,Em,SS LABEL,4,186,25,163691,2026-04-16,FALSE,-12,R&B/Soul
199,spotify:track:1Ipu7wzbc2qM7muqszyiZD,"Solmee, Dyteller, hoangkiet",Tâm sự,Umusic Vietnam Co. Ltd. Distributed Labels,143,-1,3,163633,2026-04-16,TRUE,NaN,R&B/Soul
200,spotify:track:5wYQC7AuxV8ROALWcbVNxc,"Hoàng Dũng, Rhymastic, Lelarec",Giữ Anh Cho Ngày Hôm Qua,Lirico Entertainment,40,194,29,162147,2026-04-16,FALSE,-6,Ballad
1,spotify:track:2HRgqmZQC0MC7GeNuDIXHN,"Jung Kook, Latto",Seven (feat. Latto) (Explicit Ver.),BIGHIT MUSIC,1,1,145,2615101,2026-04-23,FALSE,0,Pop
2,spotify:track:68lbSrXDORS51pmyjZv712,BTS,SWIM,BIGHIT MUSIC,1,2,5,2411551,2026-04-23,FALSE,0,Pop
3,spotify:track:5xVCfx47vCXuLdpfbepqEo,HIEUTHUHAI,Người Im Lặng Gặp Người Hay Nói,M Music Records,2,4,7,1030471,2026-04-23,FALSE,1,Rap/Hip-hop
4,spotify:track:1ApIGNgp1azc0qB61x4GzG,"Hngle, Ari",Không Buông,Umusic Vietnam Co. Ltd. Distributed Labels,2,3,33,1002116,2026-04-23,FALSE,-1,Pop
5,spotify:track:7uUuftbcr94tzGOCJSM25u,"Low G, JustaTee",In Love,M Music Records,2,7,26,816102,2026-04-23,FALSE,2,Rap/Hip-hop
6,spotify:track:42AOwjuMmIN1ioyyWB60Lw,GREY D,hoá ra…,Umusic Vietnam Co. Ltd. Distributed Labels,5,5,4,706466,2026-04-23,FALSE,-1,R&B/Soul
7,spotify:track:4nXrVH5xwN1w6TpmP7uu8n,"HIEUTHUHAI, marzuz",Exit Sign,M Music Records,4,10,132,704301,2026-04-23,FALSE,3,Rap/Hip-hop
8,spotify:track:6Qwl74olNi1rl65FNxG5We,"marzuz, Changg",Và Thế Giới Đã Mất Đi Một Người Cô Đơn,Universal Music Indochina,8,9,22,700850,2026-04-23,FALSE,1,Ballad
9,spotify:track:6QFCMUUq1T2Vf5sFUXcuQ7,"Justin Bieber, Nicki Minaj",Beauty And A Beat,RBMG/Def Jam,9,86,2,644073,2026-04-23,FALSE,77,EDM/Dance
10,spotify:track:5KYv3kORBKUmVEoqbRRWxt,"Bảo Anh, Táo",Từng Là Của Nhau,Yin Yang Media,7,8,33,638377,2026-04-23,FALSE,-2,Ballad
11,spotify:track:11T61UpoNbbcewOMl1kcWN,NHONHO,Dạo Bước HongKong 1999,NHONHO,5,6,4,636682,2026-04-23,FALSE,-5,Indie/Alternative
12,spotify:track:73RcFjiDtStfP3GCW44vJu,"Minh Huy, Pinny",Ngày Rời Chuyến Bay,12 trái lê,12,12,3,634197,2026-04-23,FALSE,0,Ballad
13,spotify:track:6GM4ZOBDcDroldUxI8GZ2B,"VSTRA, Tyronee",Ai Ngoài Anh,CDSL,2,11,16,633778,2026-04-23,FALSE,-2,R&B/Soul
14,spotify:track:0NyrI1tMvqcK3vU5z9DMdI,JustaTee,She Neva Knows,NGUYEN THANH TUAN,13,13,12,610624,2026-04-23,FALSE,-1,R&B/Soul
15,spotify:track:2KslE17cAJNHTsI2MI0jb2,Jung Kook,Standing Next to You,BIGHIT MUSIC,1,18,128,570147,2026-04-23,FALSE,3,Pop
16,spotify:track:41DlPJXKTCypXdf2eSqa03,"Vũ., Binz",bình yên,WM Vietnam,4,14,86,548938,2026-04-23,FALSE,-2,Rap/Hip-hop
17,spotify:track:2a5hng9yXtbjtTVVm9UviC,VCT,Mơ,Universal Music Indochina Distributed Labels,6,19,191,510164,2026-04-23,FALSE,2,Pop
18,spotify:track:7bFFUPBiF15n8m8RziqS4o,GREY D,dự báo thời tiết hôm nay mưa,Umusic Vietnam Co. Ltd. Distributed Labels,7,42,179,502742,2026-04-23,FALSE,24,R&B/Soul
19,spotify:track:0GXZXSDFSbJjqdGifjSaig,buitruonglinh,Sớm Như Vậy,Umusic Vietnam Co. Ltd. Distributed Labels,19,28,2,499112,2026-04-23,FALSE,9,Indie/Alternative
20,spotify:track:3T7XHOdRcyhKU3QCB6kZG3,"MIN, Dangrangto, antransax",chẳng phải tình đầu sao đau đến thế,WM Vietnam,2,22,26,498056,2026-04-23,FALSE,2,Indie/Alternative
21,spotify:track:2wZAvkgiOE5tyrnqhB69KA,Sơn Tùng M-TP,Âm Thầm Bên Em,Umusic Vietnam Co. Ltd. Distributed Labels,9,21,287,476862,2026-04-23,FALSE,0,Ballad
22,spotify:track:3DLtPObflLQBodZN8qGODT,"JustaTee, BigDaddy",2AM,WM Vietnam,18,29,208,465225,2026-04-23,FALSE,7,R&B/Soul
23,spotify:track:6kCU6i8iRrAAmJJ8Sj4JYC,"Shartnuss, Phankeo, Tr.D",Nắng có mang em về,MaiDao Music,4,20,115,460106,2026-04-23,FALSE,-3,Indie/Alternative
24,spotify:track:6GUKRhIsWxA7VuZW8MKQLG,Dương Domic,Không Thời Gian,DAO Entertainment,2,25,31,457956,2026-04-23,FALSE,1,R&B/Soul
25,spotify:track:1K0HQ30Wc11okzlcnFA7Ub,HIEUTHUHAI,Không Thể Say,M Music Records,7,17,157,457580,2026-04-23,FALSE,-8,Rap/Hip-hop
26,spotify:track:5cn5oHiXJTLiuthgbgfkMh,VCT,Vết Mưa,Universal Music Indochina Distributed Labels,19,24,111,457538,2026-04-23,FALSE,-2,Ballad
27,spotify:track:6epn3r7S14KUqlReYr77hA,"Justin Bieber, Ludacris",Baby,RBMG/Def Jam,27,88,2,456596,2026-04-23,FALSE,61,Pop
28,spotify:track:3uT8QfoX0BE8ZJa4h98LDW,"Puppy, Dangrangto",Wrong Times,MaiDao Music,3,26,129,449396,2026-04-23,FALSE,-2,Indie/Alternative
29,spotify:track:0t8g66pWghsU8MphjUQIdg,"Phùng Khánh Linh, 30 Pictures",Cảm Ơn Người Đã Thức Cùng Tôi,+84 Vietnam New Wave,5,23,9,442480,2026-04-23,FALSE,-6,Ballad
30,spotify:track:4BdB08vuS9r4HOoY7GkAxT,SOOBIN,Nếu Ngày Ấy,SS LABEL,18,27,70,438062,2026-04-23,FALSE,-3,Ballad
31,spotify:track:3dbfL7nHOZlM4adzLHNnB3,"Juky San, buitruonglinh",Người Đầu Tiên,DAO Entertainment,2,38,25,420076,2026-04-23,FALSE,7,Ballad
32,spotify:track:01qFKNWq73UfEslI0GvumE,"Jung Kook, Jack Harlow",3D (feat. Jack Harlow),BIGHIT MUSIC,2,34,133,417210,2026-04-23,FALSE,2,Pop
33,spotify:track:3vSmjbKFByNM6l31NmFlmB,"GREY D, MIN",đôi mắt kẻ tình si,Umusic Vietnam Co. Ltd. Distributed Labels,12,16,4,416412,2026-04-23,FALSE,-17,R&B/Soul
34,spotify:track:4CUvVaAYuXtvYURLFz7EIL,"Emcee L (Da LAB), Da LAB, Muộii (Starry Night)",Chuyện Đôi Ta (feat. Muộii),Yin Yang Media,3,32,229,412605,2026-04-23,FALSE,-2,Ballad
35,spotify:track:2fCwv2ppU5nTRTckomIGsd,CORTIS,REDRED,Republic Records – CORTIS,35,-1,1,403304,2026-04-23,TRUE,NaN,Pop
36,spotify:track:5tdz7T4hTxA1ipJMBe24uX,AMEE,"ex's hate me, Pt.2",Yin Yang Media,13,41,183,401457,2026-04-23,FALSE,5,Pop
37,spotify:track:3Ids3RXurYBgySph53qWnB,buitruonglinh,Từng Ngày Yêu Em,LOOPS Music,9,33,68,396929,2026-04-23,FALSE,-4,Indie/Alternative
38,spotify:track:1FUdEz4fX1DxPcVAARlu6A,GREY D,yêu em như…,Umusic Vietnam Co. Ltd. Distributed Labels,13,15,4,395942,2026-04-23,FALSE,-23,R&B/Soul
39,spotify:track:6mKMGpkgP2cH5gmqILWe7b,Fishy,vết thương,LOOPS Music,15,49,49,389578,2026-04-23,FALSE,10,Ballad
40,spotify:track:1mtmvJjTchdqDCoJbFv1Op,"OgeNus, Dangrangto",Tuyển Bạn Gái,Universal Music Indochina Distributed Labels,40,77,2,387597,2026-04-23,FALSE,37,Rap/Hip-hop
41,spotify:track:6Zoi4ue74UdUeYmHXItXnf,"B Ray, V#",Vùng An Toàn,MIXUS,3,31,42,386584,2026-04-23,FALSE,-10,Rap/Hip-hop
42,spotify:track:3J3nv18iIrOhca1ZWNeuyW,JustaTee,Đã Lỡ Yêu Em Nhiều,NGUYEN THANH TUAN,36,51,168,378014,2026-04-23,FALSE,9,Ballad
43,spotify:track:3x7Hh3zsE1wcXCU2G8l5tP,SOOBIN,DANCING IN THE DARK,SS LABEL,3,35,58,375210,2026-04-23,FALSE,-8,EDM/Dance
44,spotify:track:27Z9T0mSWHYWSj9SNOGvyt,"JustaTee, Phương Ly",Thằng Điên,NGUYEN THANH TUAN,2,48,194,367544,2026-04-23,FALSE,4,R&B/Soul
45,spotify:track:5WkuMbkHX7yR7nnBKCn7tV,RIO,vạn vật như muốn ta bên nhau,DAO Entertainment,6,40,54,360690,2026-04-23,FALSE,-5,Indie/Alternative
46,spotify:track:4nyoalDFgUaZOzIKqj3aS5,"Đặng Vĩnh Thịnh, BMZ, Nguyễn Trung Đức",Ngàn Năm Ánh Sáng,BMZ JSC,5,30,37,359774,2026-04-23,FALSE,-16,Ballad
47,spotify:track:4UC3NBjtqbYcqPqRq1s57D,Lyly,24h,WM Vietnam,47,56,49,357367,2026-04-23,FALSE,9,Ballad
48,spotify:track:4gaxEUZE4z9pJAVTSFwgQI,"14 Casper, Bon Nghiêm, buitruonglinh",một đời,DANDERLÉON,14,36,108,353459,2026-04-23,FALSE,-12,Indie/Alternative
49,spotify:track:6Hs2xIgB8nzyGFDvVA8lFa,"Madihu, Low G",Có Em,NGUYEN CHI PHONG,4,44,209,350617,2026-04-23,FALSE,-5,Rap/Hip-hop
50,spotify:track:25h0TqC9H3BcMA7KjK5nHK,"GREY D, tlinh",vaicaunoicokhiennguoithaydoi,Umusic Vietnam Co. Ltd. Distributed Labels,2,59,201,340233,2026-04-23,FALSE,9,R&B/Soul
51,spotify:track:1DVYafsLmcQySKkJnY4RCs,"MAYDAYs, Minh Tốc & Lam",Phép Màu - Đàn Cá Gỗ Original Soundtrack,Universal Music Indochina Distributed Labels,2,45,60,339050,2026-04-23,FALSE,-6,Khác
52,spotify:track:2Pwou3Q2Cf59RxdX2V6MgV,Shiki,Có Đôi Điều,12 trái lê,10,58,69,337233,2026-04-23,FALSE,6,Rap/Hip-hop
53,spotify:track:0aPZbnkMoWJaJ5CNVLCj8S,Justin Bieber,That Should Be Me,RBMG/Def Jam,53,193,2,331748,2026-04-23,FALSE,140,Ballad
54,spotify:track:1r9gNSD1WUFscqTSA2Rcet,MAYDAYs,Hẹn Lần Sau,Universal Music Indochina Distributed Labels,13,43,18,330228,2026-04-23,FALSE,-11,Indie/Alternative
55,spotify:track:1MiJk3dXC5jzhvLFP0dUM7,Da LAB,Thức Giấc,Yin Yang Media,1,70,250,329402,2026-04-23,FALSE,15,Pop
56,spotify:track:2ZBi1KpCR0grEWRNgySqwg,Hngle,Buông,Sony Music Entertainment,17,62,10,327990,2026-04-23,FALSE,6,Ballad
57,spotify:track:0fGJiHH6xSUJU1MAVjxq5m,"Karik, GDucky",Bạn Đời,WM Vietnam,5,52,134,327399,2026-04-23,FALSE,-5,Rap/Hip-hop
58,spotify:track:3VkV6L37ub0rtuYQoawAqz,Lil Zpoet,Tình Mình Lạ Kì,LiL Z Poet,45,50,12,327129,2026-04-23,FALSE,-8,Ballad
59,spotify:track:3ET3xHCLMGd57u06A9RjJ0,Ronboogz,Nói Dối,MaiDao Music,3,64,129,326033,2026-04-23,FALSE,5,Indie/Alternative
60,spotify:track:4MCP9l0QB9YN2LCkIy8mz4,Obito,Dạo Này,12 trái lê,8,55,17,325695,2026-04-23,FALSE,-5,Rap/Hip-hop
61,spotify:track:5SzJs9cwYXdSm9G3xcXuA2,Phùng Khánh Linh,Hôm Nay Tôi Buồn,BLACK SWAN LABEL LLC.,13,39,156,324992,2026-04-23,FALSE,-22,Ballad
62,spotify:track:6VXVYATpQXEIoZ97NnWCmn,"Madihu, Vũ.",Vì Anh Đâu Có Biết,WM Vietnam,2,53,194,322911,2026-04-23,FALSE,-9,Ballad
63,spotify:track:5BTzf3doGTigDIYUFtbkI9,"Emcee L (Da LAB), Da LAB, Badbies",Sinh Ra Đã Là Thứ Đối Lập Nhau (feat. Badbies),Yin Yang Media,5,76,278,321871,2026-04-23,FALSE,13,Ballad
64,spotify:track:2dPJtlvoa3GDowCh035M8P,Vũ.,Nếu Những Tiếc Nuối,WM Vietnam,33,57,53,319613,2026-04-23,FALSE,-7,Indie/Alternative
65,spotify:track:2pm7K14nHj2fLrpU8j9bit,PC,10 Ngàn Năm,12 trái lê,27,61,202,317540,2026-04-23,FALSE,-4,Rap/Hip-hop
66,spotify:track:5rSAUmbOg4giDrM29vUyHe,Sơn Tùng M-TP,Nơi Này Có Anh,Umusic Vietnam Co. Ltd. Distributed Labels,5,47,359,314511,2026-04-23,FALSE,-19,Pop
67,spotify:track:58ZlEBxBrzISXtmcOPo476,SOOBIN,giá như,SS LABEL,13,46,106,313298,2026-04-23,FALSE,-21,Ballad
68,spotify:track:6ag0c7tBr3PIqPb00C2rK4,"VCT, Negav, Jey B, Ngô Kiến Huy",NGƯỜI NHƯ ANH XỨNG ĐÁNG CÔ ĐƠN - KHÔNG ĐAU NỮA RỒI,VIE NETWORK CORPORATION / ADA,45,63,8,312766,2026-04-23,FALSE,-5,Rap/Hip-hop
69,spotify:track:7mblTCdc14ylJ1JW71MODb,buitruonglinh,Giờ Thì,LOOPS Music,11,72,71,309420,2026-04-23,FALSE,3,Indie/Alternative
70,spotify:track:0e6fZkLArSmDIHnZcIua7t,"Vũ., Low G",Không Yêu Em Thì Yêu Ai?,WM Vietnam,19,54,82,308050,2026-04-23,FALSE,-16,Indie/Alternative
71,spotify:track:567e29TDzLwZwfDuEpGTwo,"The Kid LAROI, Justin Bieber",STAY (with Justin Bieber),Columbia,1,139,107,298070,2026-04-23,FALSE,68,EDM/Dance
72,spotify:track:54PbBpquVfhfrwRwvjSXbI,"Charlie Puth, Selena Gomez",We Don't Talk Anymore (feat. Selena Gomez),Artist Partner,71,94,282,294596,2026-04-23,FALSE,22,R&B/Soul
73,spotify:track:1hPbWyZnUPaeAWbOSKwkXJ,Quang Đăng Trần,Anh Đã Không Biết Cách Yêu Em,338ENT,9,71,38,291767,2026-04-23,FALSE,-2,Ballad
74,spotify:track:39KWnPNEvbXt423CzjvBfA,SOOBIN,Anh Đã Quen Với Cô Đơn,WM Vietnam,40,65,75,287785,2026-04-23,FALSE,-9,Ballad
75,spotify:track:6jcLKVmEKAQIXIVHJZ8vzS,"MONSTAR, GREY D, NICKY, VƯƠNG BÌNH",tình yêu chậm trễ,Yin Yang Media,46,93,175,281989,2026-04-23,FALSE,18,R&B/Soul
76,spotify:track:3CmacJj7VC4W6daC8BWd0h,Dương Domic,Mất Kết Nối,DAO Entertainment,2,81,74,281554,2026-04-23,FALSE,5,R&B/Soul
77,spotify:track:5ouxRyInSdRBQubu3KTd97,"tlinh, 2Pillz",nếu lúc đó,M Music Records,1,67,164,279446,2026-04-23,FALSE,-10,R&B/Soul
78,spotify:track:0s7RyyUlQfd8mnnboHe18n,"MANBO, HIEUTHUHAI, HURRYKNG",Hẹn Gặp Em Dưới Ánh Trăng,Gerdnang,20,75,110,278249,2026-04-23,FALSE,-3,Rap/Hip-hop
79,spotify:track:2uZmeuNAxSm7XfVIwLkhCx,Ronboogz,nhắn nhủ,MaiDao Music,14,79,123,277394,2026-04-23,FALSE,0,Indie/Alternative
80,spotify:track:2w7jOvl0kpplNxisgfnCdT,"Đức Trường, BMZ",Nếu Biết Đó Là Lần Cuối,BMZ,47,69,33,272472,2026-04-23,FALSE,-11,Ballad
81,spotify:track:6Q2oEdOhRjZ1DTv2a7j0lN,"PC, Dick, tofutns",Ghé Qua,12 trái lê,61,80,292,270852,2026-04-23,FALSE,-1,Rap/Hip-hop
82,spotify:track:5XfGQZA0ioQAWUjlyJRcHc,"Shiki, Obito",1000 Ánh Mắt,12 trái lê,8,78,95,269832,2026-04-23,FALSE,-4,Rap/Hip-hop
83,spotify:track:2pBZoglJzsRk4UeVey8n0k,Việt Anh,Ngày Này Năm Ấy,338ENT,17,82,37,265235,2026-04-23,FALSE,-1,Ballad
84,spotify:track:09CtPGIpYB4BrO8qb1RGsF,Justin Bieber,Sorry,RBMG/Def Jam,84,175,3,264479,2026-04-23,FALSE,91,EDM/Dance
85,spotify:track:42i1d7gos5WvqZIFWCfE7E,Ngô Lan Hương,"Có công mài ""Sắc""",Ngô Lan Hương Exclusive,85,115,2,260118,2026-04-23,FALSE,30,Pop
86,spotify:track:50kpGaPAhYJ3sGmk6vplg0,Justin Bieber,Love Yourself,RBMG/Def Jam,79,180,125,257281,2026-04-23,FALSE,94,Pop
87,spotify:track:3A9A7mfVDVm3rrS9SMGhg5,Kha,Hư không,MaiDao Music,22,68,119,256852,2026-04-23,FALSE,-19,Ballad
88,spotify:track:3P3rcI48wwVEgxF5vPM6pG,Sơn Tùng M-TP,Buông Đôi Tay Nhau Ra,Umusic Vietnam Co. Ltd. Distributed Labels,7,90,145,256314,2026-04-23,FALSE,2,Ballad
89,spotify:track:1xoadYaxtOp9gHDwgmPDuz,"JSOL, Hoàng Duyên",Sài Gòn Hôm Nay Mưa,Universal Music Indochina,3,83,256,255559,2026-04-23,FALSE,-6,Ballad
90,spotify:track:36fgG6NiEuQXznNgf5y2Ck,"T.R.I, Dangrangto, DONAL",một bài hát không vui mấy - Extended Version,Umusic Vietnam Co. Ltd. Distributed Labels,26,95,68,255533,2026-04-23,FALSE,5,Ballad
91,spotify:track:22GCbN9OyrCa1tC1jZnX8O,"Thắng, Hà Lê",Gội Đầu,Thắng,27,37,3,254336,2026-04-23,FALSE,-54,Indie/Alternative
92,spotify:track:7dlgEjrK3lHbP786dshKDV,"ANH TRAI ""SAY HI"", B Ray, AMEE",CHỜ ANH VỀ,Universal Music Indochina Distributed Labels,2,74,20,248409,2026-04-23,FALSE,-18,Rap/Hip-hop
93,spotify:track:0KA8tBqZ81mBe2po59GK5j,Đỗ Hoàng Long,Trạng Thái Mộng Mơ,Umusic Vietnam Co. Ltd. Distributed Labels,92,104,9,244791,2026-04-23,FALSE,11,Indie/Alternative
94,spotify:track:4CVxKSRLUxqUuj2z9vn4fS,SOOBIN,Xin Đừng Lặng Im,"HONG AN ENTERTAIMENT,.JSC",37,97,48,243082,2026-04-23,FALSE,3,Ballad
95,spotify:track:6E3P4uOfKHYXJLK6Q3s0Tj,"JustaTee, Binz",Cơn Mưa Cuối,NGUYEN THANH TUAN,86,125,25,242791,2026-04-23,FALSE,30,Rap/Hip-hop
96,spotify:track:4vVTI94F9uJ8lHNDWKv0i2,"Sean Kingston, Justin Bieber",Eenie Meenie,Epic/Beluga Heights,96,-1,1,240545,2026-04-23,TRUE,NaN,EDM/Dance
97,spotify:track:43zzuEWDotRcKlSFzrlJqs,Đạt G,Thêm Bao Nhiêu Lâu,12 trái lê,97,113,50,240303,2026-04-23,FALSE,16,Ballad
98,spotify:track:1o6cYDMHvKOfizi4d9Lqxr,W/N,id 072019,Universal Music Indochina Distributed Labels,3,85,143,238654,2026-04-23,FALSE,-13,Pop
99,spotify:track:31VNCmwspR7nVJ6kruUuJt,Sơn Tùng M-TP,Đừng Làm Trái Tim Anh Đau,Umusic Vietnam Co. Ltd. Distributed Labels,1,100,98,236928,2026-04-23,FALSE,1,Pop
100,spotify:track:0JKEP4dB1riE6l7Kq5kJm1,Chillies,Em Đừng Khóc,WM Vietnam,3,99,63,236332,2026-04-23,FALSE,-1,Indie/Alternative
101,spotify:track:0SmQ0UWeiHKQtxUej4Rem6,SOOBIN,Tháng Năm,Spacespeakers,6,109,179,236261,2026-04-23,FALSE,8,Pop
102,spotify:track:2rKkfc4VZ74FQDc1FF1Zo6,BTS,Body to Body,BIGHIT MUSIC,5,73,5,235218,2026-04-23,FALSE,-29,Pop
103,spotify:track:1UQNU5O9VttUgO16pxUnjw,"Obito, Shiki, RPT MCK",Đánh Đổi,12 trái lê,7,92,133,234933,2026-04-23,FALSE,-11,Rap/Hip-hop
104,spotify:track:226ljdOTLM2clGpm4mZvAm,Dangrangto,Love is,MaiDao Music,10,108,78,230232,2026-04-23,FALSE,4,Indie/Alternative
105,spotify:track:1i5SZL7Ngz0sYFaKmwieyw,"Quang Hùng MasterD, Low G, Hino",Chất Gây Hại,M Music Records,16,84,18,229807,2026-04-23,FALSE,-21,Rap/Hip-hop
106,spotify:track:5PGh9MyKry8slG5AfvD1eD,"Obito, Shiki, VSTRA",Hà Nội,12 trái lê,10,102,133,229510,2026-04-23,FALSE,-4,Rap/Hip-hop
107,spotify:track:5Bti0azlFhMattVY76qFr9,Vũ.,Lạ Lùng,WM Vietnam,17,106,420,228492,2026-04-23,FALSE,-1,Indie/Alternative
108,spotify:track:1LJyhnPdYGRLerwJd8CmL1,"Vũ., Dear Jane",Những Lời Hứa Bỏ Quên,WM Vietnam,1,114,123,228369,2026-04-23,FALSE,6,Indie/Alternative
109,spotify:track:4qJSUFwZFouto5VZUlln75,"tlinh, Trung Trần",Thích Quá Rùi Nà,Universal Music Indochina Distributed Labels,34,89,292,227546,2026-04-23,FALSE,-20,R&B/Soul
110,spotify:track:1J12HjUuXfJnaUdubTEzSR,HIEUTHUHAI,Nghe Như Tình Yêu,M Music Records,35,103,240,227364,2026-04-23,FALSE,-7,R&B/Soul
111,spotify:track:5u5AsK8JLgkr154QHZjJqh,"ANH TRAI ""SAY HI"", VCT, Karik, Negav, Ngô Kiến Huy, Jey B",NGƯỜI NHƯ ANH XỨNG ĐÁNG CÔ ĐƠN,Universal Music Indochina Distributed Labels,3,96,30,227235,2026-04-23,FALSE,-15,Rap/Hip-hop
112,spotify:track:27F22WcGDyl4Z2KylVJkXL,buitruonglinh,Đường Tôi Chở Em Về,Universal Music Indochina Distributed Labels,14,87,182,226692,2026-04-23,FALSE,-25,Indie/Alternative
113,spotify:track:3JKn7BN79L1WOPMYUCZg1m,"RPT MCK, marzuz",NGONGIODEMQUATRANGSANGDEMNAY,abandonh3ll records,60,60,3,226417,2026-04-23,FALSE,-53,Rap/Hip-hop
114,spotify:track:317Lh6QCAz9JpWbV3oxrCf,"Phùng Khánh Linh, Thành Luke",EM ĐAU,BLACK SWAN LABEL LLC.,62,91,15,225832,2026-04-23,FALSE,-23,Ballad
115,spotify:track:5prZw3OHd2UhAq0VBKpqUM,GREY D,mới hôm qua,Umusic Vietnam Co. Ltd. Distributed Labels,34,66,4,225645,2026-04-23,FALSE,-49,R&B/Soul
116,spotify:track:3b34161QoxLwsqhWSPy9i5,Da LAB,Thanh Xuân,Sony Music Entertainment,1,158,397,223821,2026-04-23,FALSE,42,Indie/Alternative
117,spotify:track:51bYFYWODfYOZU0rwvjiCc,"Binz, Đen",Cho Mình Em,Spacespeakers,32,130,126,223486,2026-04-23,FALSE,13,Rap/Hip-hop
118,spotify:track:7J9l9ebYB3IEs5ea5J1M7a,"Da LAB, Tóc Tiên",Nước Mắt Em Lau Bằng Tình Yêu Mới,MUNIZ MUSIC COMPANY LIMITED,107,145,113,222756,2026-04-23,FALSE,27,Pop
119,spotify:track:66v7AvDs5gZfmkJgFMMtHL,"Công Dương, Nguyễn Lâm Thảo Tâm, 30 Pictures",A Little Dream Of Me,+84 Vietnam New Wave,22,111,7,220780,2026-04-23,FALSE,-8,Khác
120,spotify:track:7q1qYSyRkGT4ZaCc2ZQihP,"Hoàng Tôn, Koo",Em Còn Nhớ Anh Không - Remastered,Hoàng Tôn,69,107,54,219831,2026-04-23,FALSE,-13,Ballad
121,spotify:track:5tmA5oQDF0ULqRI12LKCDw,JayKii,Chiều Hôm Ấy,The First Management,95,122,26,219804,2026-04-23,FALSE,1,Ballad
122,spotify:track:2GE2p2dFpxp7OIz2QOFBzW,"ANH TRAI ""SAY HI"", HURRYKNG, HIEUTHUHAI, Negav, Pháp Kiều, Isaac","KIM PHÚT, KIM GIỜ (feat. HURRYKNG, HIEUTHUHAI, Negav, Pháp Kiều & Isaac)",Anh Trai Say Hi,5,143,78,218845,2026-04-23,FALSE,21,Rap/Hip-hop
123,spotify:track:5U30iZBlmxkpHqzb1OSnBS,Rhymastic,Yêu 5,WM Vietnam,77,132,220,218157,2026-04-23,FALSE,9,R&B/Soul
124,spotify:track:53zusvCJkyGYjEZ6bnLIjh,Hà Anh Tuấn,Tháng Tư Là Lời Nói Dối Của Em,Yin Yang Media,49,112,58,217343,2026-04-23,FALSE,-12,Ballad
125,spotify:track:6D94p9ASguBcYlDC0o56vx,HIEUTHUHAI,NOLOVENOLIFE,M Music Records,24,105,132,216792,2026-04-23,FALSE,-20,Rap/Hip-hop
126,spotify:track:4Iz5EWPCAT8jYNk4IpLoll,buitruonglinh,Dù Cho Mai Về Sau,Yin Yang Media,10,126,265,216480,2026-04-23,FALSE,0,Indie/Alternative
127,spotify:track:2FnXZhpEKgIab8vI6t2C7e,"Shiki, Tyronee",Perfect,12 trái lê,74,128,54,216059,2026-04-23,FALSE,1,Rap/Hip-hop
128,spotify:track:4TyQKEifYDWTfTSRwpxlYI,Quân A.P,Bông Hoa Đẹp Nhất,Great Entertainment,32,119,121,214776,2026-04-23,FALSE,-9,Ballad
129,spotify:track:08ULi904W2Po6pVj8nN7KC,"GREY D, Chillies",đưa em về nhàa,Umusic Vietnam Co. Ltd. Distributed Labels,3,98,156,211953,2026-04-23,FALSE,-31,R&B/Soul
130,spotify:track:2o4dDfLK6NVI7TjBm5VoMv,"Lou Hoàng, Miu Lê",Yêu Một Người Có Lẽ,Onlyc Entertainment,33,153,218,211516,2026-04-23,FALSE,23,Pop
131,spotify:track:4D1eaEIisnWCVPMnYuMh7q,白浩贤BlueC,漫步香港1999,腾讯音乐人,13,101,10,210034,2026-04-23,FALSE,-30,Indie/Alternative
132,spotify:track:3gLRyMbg5nWLcuKD46Uz72,Phương Ly,Anh Là Ai,PHUONG LY,109,154,30,209605,2026-04-23,FALSE,22,Pop
133,spotify:track:25NLn8W1JxuVrXQTVrDA4c,"Dfoxie37, myhoa, Tuann",hello em có khỏe không,Universal Music Indochina Distributed Labels,15,110,21,209522,2026-04-23,FALSE,-23,Pop
134,spotify:track:7HoAJ6Hc1P91eoOrn1WY5d,"Đức Trường, BMZ, Kun",Đáng Lý Ra Phải Là Anh,BMZ,90,138,19,208842,2026-04-23,FALSE,4,Ballad
135,spotify:track:6OWWZtNQORY1McaZmOrwhc,CORTIS,GO!,Republic Records – CORTIS,107,-1,22,208744,2026-04-23,TRUE,NaN,Pop
136,spotify:track:4fj4Jn4nw8fGX8xdbCntJf,"CoolKid, RHYDER",Sau Cơn Mưa,MaiDao Music,8,127,138,208692,2026-04-23,FALSE,-9,Rap/Hip-hop
137,spotify:track:5C3fx9rdM4Bxf1MSOQC4Ym,"Low G, Thắng",An Thần,M Music Records,2,134,235,208480,2026-04-23,FALSE,-3,Rap/Hip-hop
138,spotify:track:4ecdsGz3Hg6TKPwQ0ZOdJz,CORTIS,FaSHioN,Republic Records – CORTIS,121,-1,20,204463,2026-04-23,TRUE,NaN,Pop
139,spotify:track:5cF0dROlMOK5uNZtivgu50,Charlie Puth,Attention,Artist Partner,21,184,198,204060,2026-04-23,FALSE,45,R&B/Soul
140,spotify:track:1J3SmWwlYAG68LGKr86MVH,Sơn Tùng M-TP,Chúng Ta Của Hiện Tại,Umusic Vietnam Co. Ltd. Distributed Labels,1,131,279,203585,2026-04-23,FALSE,-9,Pop
141,spotify:track:2RkZ5LkEzeHGRsmDqKwmaJ,Alex Warren,Ordinary,Atlantic Records,38,136,12,203487,2026-04-23,FALSE,-5,Pop
142,spotify:track:7CyPwkp0oE8Ro9Dd5CUDjW,"The Weeknd, JENNIE, Lily-Rose Depp","One Of The Girls (with JENNIE, Lily Rose Depp)",XO / Republic Records,11,144,148,203474,2026-04-23,FALSE,2,R&B/Soul
143,spotify:track:6KIhgRkprgyJNERRMu7Quh,MIN,Có Em Chờ,MIN,117,151,51,202232,2026-04-23,FALSE,8,Pop
144,spotify:track:29Tj2R8sZZ3fzlXZVe1OyY,"Dương Domic, Lou Hoàng",Pin Dự Phòng,DAO Entertainment,13,155,42,202231,2026-04-23,FALSE,11,R&B/Soul
145,spotify:track:6gkbtMtioHgtyGjrMel6ei,Olivia Rodrigo,drop dead,Olivia Rodrigo PS,145,-1,1,201800,2026-04-23,TRUE,NaN,Pop
146,spotify:track:6TGwaBlfUGVoeZMBLzvXGP,"Dangrangto, DONAL",thế giới của anh,Higher Dimension,50,129,12,201544,2026-04-23,FALSE,-17,Indie/Alternative
147,spotify:track:0jHpGB1Xt2kIX0VaPFvStp,"Tùng TeA, PC, TaynguyenSound",Già Cùng Nhau Là Được,12 trái lê,70,146,142,200788,2026-04-23,FALSE,-1,Rap/Hip-hop
148,spotify:track:3COYA2vgfcUhDyRlVpZy5p,"tlinh, Low G",PHÓNG ZÌN ZÌN,M Music Records,4,121,83,198852,2026-04-23,FALSE,-27,Rap/Hip-hop
149,spotify:track:0oL2jCTf9P9a7flY5mCpYu,"Wxrdie, JustaTee",Trở Về,Universal Music Indochina Distributed Labels,54,118,60,198429,2026-04-23,FALSE,-31,Rap/Hip-hop
150,spotify:track:7fCeYpR02Q8JVuD88hJZVT,"Da LAB, Minh Tốc & Lam",Bầu Trời Mới,Universal Music Indochina Distributed Labels,8,117,81,198149,2026-04-23,FALSE,-33,Indie/Alternative
151,spotify:track:0669gFIK8dYK9GGQ0K0QNF,Dương Domic,Tràn Bộ Nhớ,DAO Entertainment,7,156,74,197773,2026-04-23,FALSE,5,R&B/Soul
152,spotify:track:6GPcbZOX4h9MWert6xWpYw,Phùng Khánh Linh,ANH LÀ THẰNG TỒI,BLACK SWAN LABEL LLC.,37,137,21,197357,2026-04-23,FALSE,-15,Indie/Alternative
153,spotify:track:7yxogpPUBn4wVEKBgI5c7U,Lil Zpoet,Yêu Từ Đâu Mà Ra,MaiDao Music,143,161,28,196964,2026-04-23,FALSE,8,Pop
154,spotify:track:65st6HfPZyxq1RNTvqSIos,"Wren Evans, itsnk",Thu Đợi,Universal Music Indochina Distributed Labels,6,124,17,196335,2026-04-23,FALSE,-30,R&B/Soul
155,spotify:track:1GJ3suxtUVaguVQRemw6Zp,Andiez,Suýt Nữa Thì...,MaiDao Music,74,149,163,196260,2026-04-23,FALSE,-6,Ballad
156,spotify:track:2uxjHthUJd2A8PmWaUGGsI,"Hoàng Dũng, Hoàng Rob",Chờ Anh Nhé,Lirico Entertainment,99,123,45,194409,2026-04-23,FALSE,-33,Indie/Alternative
157,spotify:track:3y66li7DIrH7HLKIZzxR5H,Kai Đinh,Lễ Đường,Yin Yang Media,3,147,58,193276,2026-04-23,FALSE,-10,Ballad
158,spotify:track:3w2fCdA3FeCyAwptmwtfwa,F47 Cover,Cỏ Dại Và Hoa Dành Dành,Chạm Music Box,128,-1,4,192448,2026-04-23,TRUE,NaN,Ballad
159,spotify:track:12DNdwLD9oZOPADqM10oyE,"Fishy, Trí Dũng",Forget Me Now,LOOPS Music,131,159,38,191863,2026-04-23,FALSE,0,R&B/Soul
160,spotify:track:1Ipu7wzbc2qM7muqszyiZD,"Solmee, Dyteller, hoangkiet",Tâm sự,Umusic Vietnam Co. Ltd. Distributed Labels,143,199,4,191174,2026-04-23,FALSE,39,R&B/Soul
161,spotify:track:170CNv2CAZn8wg6GxvHXYC,"B Ray, AMEE",Ex's Hate Me,B Ray,129,160,25,190957,2026-04-23,FALSE,-1,Rap/Hip-hop
162,spotify:track:3bmpXHVie1GTy37OkXJ7Vc,BTS,2.0,BIGHIT MUSIC,11,116,5,190311,2026-04-23,FALSE,-46,Rap/Hip-hop
163,spotify:track:2G5ujw3rrWcAXQqT8PVnrz,"Obito, Shiki, Lăng LD",Đầu Đường Xó Chợ,12 trái lê,39,142,79,189842,2026-04-23,FALSE,-21,Rap/Hip-hop
164,spotify:track:6uxuJ8Fr1AAfSPJUF9N1yr,Vũ.,Bước Qua Mùa Cô Đơn,WM Vietnam,1,141,268,189588,2026-04-23,FALSE,-23,Indie/Alternative
165,spotify:track:20dAJsyno9ZoBLJtqgQnUI,BTS,Hooligan,BIGHIT MUSIC,8,120,5,187562,2026-04-23,FALSE,-45,Pop
166,spotify:track:6czM6UMQD9qE5GAUp68oud,"Justin Bieber, Chance the Rapper",Confident,RBMG/Def Jam,166,-1,1,187409,2026-04-23,TRUE,NaN,Pop
167,spotify:track:78qgfGQXLCxLcJRShFeAyk,"Inso, Thazh, Đông",Mở Lòng Vì Ai - Thazh x Đông Remix,Air Media,125,167,6,186337,2026-04-23,FALSE,0,Indie/Alternative
168,spotify:track:3H6nzsPNMttEvUl3ai3xN8,Chillies,Vùng Ký Ức,WM Vietnam,1,148,125,186209,2026-04-23,FALSE,-20,Indie/Alternative
169,spotify:track:4FT18tLTmf3QNBzG5r6OTj,"Đen, Ngọc Linh",Mười Năm (Lộn Xộn 3),Đen,17,166,129,186054,2026-04-23,FALSE,-3,Rap/Hip-hop
170,spotify:track:4N99EuIjwSSFFFMDfTeOLU,"buitruonglinh, Vũ Phụng Tiên",Em Không Khóc (feat. Vũ Phụng Tiên),Yin Yang Media,62,197,181,184807,2026-04-23,FALSE,27,Indie/Alternative
171,spotify:track:55Eo6NDkVhSRBonrT16kXM,"Cloud 5, Dangrangto",Đến Đây Bên Anh,Yin Yang Media,66,171,55,184080,2026-04-23,FALSE,0,Indie/Alternative
172,spotify:track:4vfhartd7HDWGJbdVIycEu,Sơn Tùng M-TP,Muộn Rồi Mà Sao Còn,Umusic Vietnam Co. Ltd. Distributed Labels,1,140,261,181258,2026-04-23,FALSE,-32,Pop
173,spotify:track:5NULs64MNtA1HnRK9Bedys,"Ánh Sáng AZA, Negav",tâm trí lang thang,DAO Entertainment,11,-1,44,179968,2026-04-23,TRUE,NaN,Rap/Hip-hop
174,spotify:track:54UNNgtE3zzERwTuWSQLqd,"MONSTAR, GREY D, VƯƠNG BÌNH",có hẹn với thanh xuân,Yin Yang Media,5,177,171,178088,2026-04-23,FALSE,3,R&B/Soul
175,spotify:track:33S16Xa5cZmLPhn6eZI4Nm,"52Hz, RIO, WEAN",ĐỢI (feat. WEAN) - SPECIAL VERSION,DAO Entertainment,58,169,91,177722,2026-04-23,FALSE,-6,R&B/Soul
176,spotify:track:1zvL2X6HPrLfvtSY4DpopE,MIN,Em Mới Là Người Yêu Anh,MIN,1,-1,154,177033,2026-04-23,TRUE,NaN,Pop
177,spotify:track:7Cjsw965r7mVK888ZqP6Wo,Negav,Mình Anh Thôi,MIXUS,18,162,57,177000,2026-04-23,FALSE,-15,Rap/Hip-hop
178,spotify:track:5xuaCJaNAqRLwV7OO5zPiF,"W/N, Duongg, Nâu",3 1 0 7 (feat. Duongg & Nâu),"HONG AN ENTERTAIMENT,.JSC",11,-1,289,176308,2026-04-23,TRUE,NaN,R&B/Soul
179,spotify:track:7AD5F85waSb3yZxZxEXhJM,"Tóc Tiên, Touliver",Có Ai Thương Em Như Anh,Yin Yang Media,20,196,144,174121,2026-04-23,FALSE,17,EDM/Dance
180,spotify:track:7so0lgd0zP2Sbgs2d7a1SZ,"Lady Gaga, Bruno Mars",Die With A Smile,Interscope Records,4,183,86,173837,2026-04-23,FALSE,3,Ballad
181,spotify:track:5yvVYFDUpbnjcnRBgjwTzM,"Tame Impala, JENNIE",Dracula - JENNIE Remix,Columbia,173,173,3,172458,2026-04-23,FALSE,-8,EDM/Dance
182,spotify:track:7jLSThU5Kg1RWt19Leiaxm,"RPT MCK, Trung Trần",Chìm Sâu,abandonh3ll records,1,185,217,172421,2026-04-23,FALSE,3,R&B/Soul
183,spotify:track:55K3e7BGewGDUJ4ZQwkh7M,Only C,Người Đáng Thương Là Anh,OnlyC Production,165,168,14,170801,2026-04-23,FALSE,-15,Ballad
184,spotify:track:0b61A7v9agI08BG21jJPQ9,BTS,they don’t know ’bout us,BIGHIT MUSIC,16,152,5,169648,2026-04-23,FALSE,-32,Pop
185,spotify:track:50cmxP6KlnQA9IG3q5ckKD,Chillies,Mascara,WM Vietnam,3,164,224,169588,2026-04-23,FALSE,-21,Indie/Alternative
186,spotify:track:0lYBSQXN6rCTvUZvg9S0lU,"DJ Snake, Justin Bieber",Let Me Love You,DJ Snake Def Jam,176,-1,14,169568,2026-04-23,TRUE,NaN,EDM/Dance
187,spotify:track:2ppLwHSMgDGEQ5c8o6nAX2,Low G,Simp Gái 808,M Music Records,9,163,132,169330,2026-04-23,FALSE,-24,Rap/Hip-hop
188,spotify:track:5VGOYjxkEaf19LoRPIolD2,"The Wind, Dangrangto",Anh Muốn Nhìn Thấy Em,M Music Records,77,133,71,169133,2026-04-23,FALSE,-55,Indie/Alternative
189,spotify:track:2SykQzXuFSeprST1uDjj1m,AMEE,trời giấu trời mang đi,Yin Yang Media,52,187,84,168761,2026-04-23,FALSE,-2,R&B/Soul
190,spotify:track:498g7npirihKT5MPdVSfb0,Hoàng Dũng,Phonecert,"CAM, LIRICO",137,181,18,168677,2026-04-23,FALSE,-9,R&B/Soul
191,spotify:track:5l1Opd9JCaSfH6jyxDM3pN,RPT MCK,Dạo Bước HongKong 1999,IC Music,191,-1,1,168570,2026-04-23,TRUE,NaN,Indie/Alternative
192,spotify:track:1UhQ0VwKq2PGnLiAZOJYV1,Binz,Em,SS LABEL,4,198,26,166764,2026-04-23,FALSE,6,R&B/Soul
193,spotify:track:1uiqiUzPn2EJpvHDy84PEZ,"EM XINH ""SAY HI"", Orange, Mỹ Mỹ, 52Hz, Châu Bùi, Pháp Kiều",KHÔNG ĐAU NỮA RỒI,Em Xinh Say Hi,2,176,44,166003,2026-04-23,FALSE,-17,Rap/Hip-hop
194,spotify:track:2gyJ83K0VJk7Ug1J4Qoaki,GREY D,tựa đầu,Umusic Vietnam Co. Ltd. Distributed Labels,71,135,4,164765,2026-04-23,FALSE,-59,R&B/Soul
195,spotify:track:0pavLg3wbL6PVXAgXoWv4S,"24k.Right, Ngắn, Hipz",Một Nửa Sự Thật,Universal Music Indochina,119,-1,3,163825,2026-04-23,TRUE,NaN,R&B/Soul
196,spotify:track:1fFvYVg1v3rpUSqKNCUh7b,VCT,Người Bình Thường,Universal Music Indochina Distributed Labels,49,157,56,163536,2026-04-23,FALSE,-39,Ballad
197,spotify:track:1Up8B0iFpeg5IN2C7gFFNa,"Lil Zpoet, Đức Anh",Từ Em Mà Ra,MaiDao Music,162,-1,6,163429,2026-04-23,TRUE,NaN,Ballad
198,spotify:track:6hytdEPX4UcGh91gDBUZDv,"Dab, Helinn",Anh Cũng Đâu Có Muốn Tin?,MaiDao Music,147,-1,26,163425,2026-04-23,TRUE,NaN,Pop
199,spotify:track:2rjjvcCCHF1CdnwptaXyF8,"F47 Cover, meChill, Đặng Thanh Tuyền",50 Năm Về Sau,meChill,89,170,12,162797,2026-04-23,FALSE,-29,Indie/Alternative
200,spotify:track:0KmrKOdScRDVYwWS8hkkdv,BTS,FYA,BIGHIT MUSIC,9,165,5,162437,2026-04-23,FALSE,-35,Pop
1,spotify:track:2HRgqmZQC0MC7GeNuDIXHN,"Jung Kook, Latto",Seven (feat. Latto) (Explicit Ver.),BIGHIT MUSIC,1,1,146,2442455,2026-04-30,FALSE,0,Pop
2,spotify:track:68lbSrXDORS51pmyjZv712,BTS,SWIM,BIGHIT MUSIC,1,2,6,2029617,2026-04-30,FALSE,0,Pop
3,spotify:track:5xVCfx47vCXuLdpfbepqEo,HIEUTHUHAI,Người Im Lặng Gặp Người Hay Nói,M Music Records,2,3,8,1023608,2026-04-30,FALSE,0,Rap/Hip-hop
4,spotify:track:1ApIGNgp1azc0qB61x4GzG,"Hngle, Ari",Không Buông,Umusic Vietnam Co. Ltd. Distributed Labels,2,4,34,924343,2026-04-30,FALSE,0,Pop
5,spotify:track:7uUuftbcr94tzGOCJSM25u,"Low G, JustaTee",In Love,M Music Records,2,5,27,733920,2026-04-30,FALSE,0,Rap/Hip-hop
6,spotify:track:4nXrVH5xwN1w6TpmP7uu8n,"HIEUTHUHAI, marzuz",Exit Sign,M Music Records,4,7,133,694899,2026-04-30,FALSE,1,Rap/Hip-hop
7,spotify:track:6Qwl74olNi1rl65FNxG5We,"marzuz, Changg",Và Thế Giới Đã Mất Đi Một Người Cô Đơn,Universal Music Indochina,7,8,23,684260,2026-04-30,FALSE,1,Ballad
8,spotify:track:2fCwv2ppU5nTRTckomIGsd,CORTIS,REDRED,Republic Records – CORTIS,8,35,2,683537,2026-04-30,FALSE,27,Pop
9,spotify:track:6QFCMUUq1T2Vf5sFUXcuQ7,"Justin Bieber, Nicki Minaj",Beauty And A Beat,RBMG/Def Jam,9,9,3,677776,2026-04-30,FALSE,0,EDM/Dance
10,spotify:track:73RcFjiDtStfP3GCW44vJu,"Minh Huy, Pinny",Ngày Rời Chuyến Bay,12 trái lê,10,12,4,637229,2026-04-30,FALSE,2,Ballad
11,spotify:track:2KslE17cAJNHTsI2MI0jb2,Jung Kook,Standing Next to You,BIGHIT MUSIC,1,15,129,583154,2026-04-30,FALSE,4,Pop
12,spotify:track:5KYv3kORBKUmVEoqbRRWxt,"Bảo Anh, Táo",Từng Là Của Nhau,Yin Yang Media,7,10,34,569912,2026-04-30,FALSE,-2,Ballad
13,spotify:track:0NyrI1tMvqcK3vU5z9DMdI,JustaTee,She Neva Knows,NGUYEN THANH TUAN,13,14,13,550133,2026-04-30,FALSE,1,R&B/Soul
14,spotify:track:6GM4ZOBDcDroldUxI8GZ2B,"VSTRA, Tyronee",Ai Ngoài Anh,CDSL,2,13,17,533154,2026-04-30,FALSE,-1,R&B/Soul
15,spotify:track:42AOwjuMmIN1ioyyWB60Lw,GREY D,hoá ra…,Umusic Vietnam Co. Ltd. Distributed Labels,5,6,5,529893,2026-04-30,FALSE,-9,R&B/Soul
16,spotify:track:0hB27T4dy9qBUcZabsrLOj,HIEUTHUHAI,Dạo Gần Đây Anh Thấy Anh Không Bằng Ai Hết,M Music Records,16,-1,1,520034,2026-04-30,TRUE,NaN,Rap/Hip-hop
17,spotify:track:41DlPJXKTCypXdf2eSqa03,"Vũ., Binz",bình yên,WM Vietnam,4,16,87,511575,2026-04-30,FALSE,-1,Rap/Hip-hop
18,spotify:track:7bFFUPBiF15n8m8RziqS4o,GREY D,dự báo thời tiết hôm nay mưa,Umusic Vietnam Co. Ltd. Distributed Labels,7,18,180,505047,2026-04-30,FALSE,0,R&B/Soul
19,spotify:track:2a5hng9yXtbjtTVVm9UviC,VCT,Mơ,Universal Music Indochina Distributed Labels,6,17,192,501462,2026-04-30,FALSE,-2,Pop
20,spotify:track:1K0HQ30Wc11okzlcnFA7Ub,HIEUTHUHAI,Không Thể Say,M Music Records,7,25,158,492343,2026-04-30,FALSE,5,Rap/Hip-hop
21,spotify:track:3T7XHOdRcyhKU3QCB6kZG3,"MIN, Dangrangto, antransax",chẳng phải tình đầu sao đau đến thế,WM Vietnam,2,20,27,490485,2026-04-30,FALSE,-1,Indie/Alternative
22,spotify:track:11T61UpoNbbcewOMl1kcWN,NHONHO,Dạo Bước HongKong 1999,NHONHO,5,11,5,473833,2026-04-30,FALSE,-11,Indie/Alternative
23,spotify:track:6kCU6i8iRrAAmJJ8Sj4JYC,"Shartnuss, Phankeo, Tr.D",Nắng có mang em về,MaiDao Music,4,23,116,471409,2026-04-30,FALSE,0,Indie/Alternative
24,spotify:track:2wZAvkgiOE5tyrnqhB69KA,Sơn Tùng M-TP,Âm Thầm Bên Em,Umusic Vietnam Co. Ltd. Distributed Labels,9,21,288,466727,2026-04-30,FALSE,-3,Ballad
25,spotify:track:3uT8QfoX0BE8ZJa4h98LDW,"Puppy, Dangrangto",Wrong Times,MaiDao Music,3,28,130,463050,2026-04-30,FALSE,3,Indie/Alternative
26,spotify:track:5cn5oHiXJTLiuthgbgfkMh,VCT,Vết Mưa,Universal Music Indochina Distributed Labels,19,26,112,443253,2026-04-30,FALSE,0,Ballad
27,spotify:track:4BdB08vuS9r4HOoY7GkAxT,SOOBIN,Nếu Ngày Ấy,SS LABEL,18,30,71,442010,2026-04-30,FALSE,3,Ballad
28,spotify:track:6lRlM6bClcoOBLQi0zfA34,"HIEUTHUHAI, Hoàng Tôn",Chờ Tới Khi Anh Về,M Music Records,28,-1,1,431002,2026-04-30,TRUE,NaN,R&B/Soul
29,spotify:track:6GUKRhIsWxA7VuZW8MKQLG,Dương Domic,Không Thời Gian,DAO Entertainment,2,24,32,424202,2026-04-30,FALSE,-5,R&B/Soul
30,spotify:track:5tdz7T4hTxA1ipJMBe24uX,AMEE,"ex's hate me, Pt.2",Yin Yang Media,13,36,184,416313,2026-04-30,FALSE,6,Pop
31,spotify:track:0GXZXSDFSbJjqdGifjSaig,buitruonglinh,Sớm Như Vậy,Umusic Vietnam Co. Ltd. Distributed Labels,19,19,3,415674,2026-04-30,FALSE,-12,Indie/Alternative
32,spotify:track:0t8g66pWghsU8MphjUQIdg,"Phùng Khánh Linh, 30 Pictures",Cảm Ơn Người Đã Thức Cùng Tôi,+84 Vietnam New Wave,5,29,10,411147,2026-04-30,FALSE,-3,Ballad
33,spotify:track:3DLtPObflLQBodZN8qGODT,"JustaTee, BigDaddy",2AM,WM Vietnam,18,22,209,407414,2026-04-30,FALSE,-11,R&B/Soul
34,spotify:track:7jGda8nUxsBtYwaL57Jefh,"Juky San, buitruonglinh",Người Đầu Tiên,DAO Entertainment,2,31,26,404769,2026-04-30,FALSE,-3,Ballad
35,spotify:track:3Ids3RXurYBgySph53qWnB,buitruonglinh,Từng Ngày Yêu Em,LOOPS Music,9,37,69,404492,2026-04-30,FALSE,2,Indie/Alternative
36,spotify:track:4QNH4OjJ9W10afDYAHi03I,HIEUTHUHAI,Anh Nên Đi Khỏi Đây,M Music Records,36,-1,1,403897,2026-04-30,TRUE,NaN,Rap/Hip-hop
37,spotify:track:4gaxEUZE4z9pJAVTSFwgQI,"14 Casper, Bon Nghiêm, buitruonglinh",một đời,DANDERLÉON,14,48,109,399744,2026-04-30,FALSE,11,Indie/Alternative
38,spotify:track:4CUvVaAYuXtvYURLFz7EIL,"Emcee L (Da LAB), Da LAB, Muộii (Starry Night)",Chuyện Đôi Ta (feat. Muộii),Yin Yang Media,3,34,230,392707,2026-04-30,FALSE,-4,Ballad
39,spotify:track:6IxPiUQI4Cd0mL0pBIOjAg,HIEUTHUHAI,Hết Yêu,M Music Records,39,-1,1,391235,2026-04-30,TRUE,NaN,R&B/Soul
40,spotify:track:6Zoi4ue74UdUeYmHXItXnf,"B Ray, V#",Vùng An Toàn,MIXUS,3,41,43,391164,2026-04-30,FALSE,1,Rap/Hip-hop
41,spotify:track:6epn3r7S14KUqlReYr77hA,"Justin Bieber, Ludacris",Baby,RBMG/Def Jam,27,27,3,382932,2026-04-30,FALSE,-14,Pop
42,spotify:track:6mKMGpkgP2cH5gmqILWe7b,Fishy,vết thương,LOOPS Music,15,39,50,372533,2026-04-30,FALSE,-3,Ballad
43,spotify:track:01qFKNWq73UfEslI0GvumE,"Jung Kook, Jack Harlow",3D (feat. Jack Harlow),BIGHIT MUSIC,2,32,134,366869,2026-04-30,FALSE,-11,Pop
44,spotify:track:4nyoalDFgUaZOzIKqj3aS5,"Đặng Vĩnh Thịnh, BMZ, Nguyễn Trung Đức",Ngàn Năm Ánh Sáng,BMZ JSC,5,46,38,356306,2026-04-30,FALSE,2,Ballad
45,spotify:track:27Z9T0mSWHYWSj9SNOGvyt,"JustaTee, Phương Ly",Thằng Điên,NGUYEN THANH TUAN,2,44,195,352911,2026-04-30,FALSE,-1,R&B/Soul
46,spotify:track:0fGJiHH6xSUJU1MAVjxq5m,"Karik, GDucky",Bạn Đời,WM Vietnam,5,57,135,352490,2026-04-30,FALSE,11,Rap/Hip-hop
47,spotify:track:1DVYafsLmcQySKkJnY4RCs,"MAYDAYs, Minh Tốc & Lam",Phép Màu - Đàn Cá Gỗ Original Soundtrack,Universal Music Indochina Distributed Labels,2,51,61,352423,2026-04-30,FALSE,4,Khác
48,spotify:track:3J3nv18iIrOhca1ZWNeuyW,JustaTee,Đã Lỡ Yêu Em Nhiều,NGUYEN THANH TUAN,36,42,169,350738,2026-04-30,FALSE,-6,Ballad
49,spotify:track:4wD6v7xAl1Hhfl2rli4q0n,"HIEUTHUHAI, Hustlang Robber",Vacheron Louie V,M Music Records,49,-1,1,348695,2026-04-30,TRUE,NaN,Rap/Hip-hop
50,spotify:track:5WkuMbkHX7yR7nnBKCn7tV,RIO,vạn vật như muốn ta bên nhau,DAO Entertainment,6,45,55,347445,2026-04-30,FALSE,-5,Indie/Alternative
51,spotify:track:3x7Hh3zsE1wcXCU2G8l5tP,SOOBIN,DANCING IN THE DARK,SS LABEL,3,43,59,341439,2026-04-30,FALSE,-8,EDM/Dance
52,spotify:track:4UC3NBjtqbYcqPqRq1s57D,Lyly,24h,WM Vietnam,47,47,50,335347,2026-04-30,FALSE,-5,Ballad
53,spotify:track:5rSAUmbOg4giDrM29vUyHe,Sơn Tùng M-TP,Nơi Này Có Anh,Umusic Vietnam Co. Ltd. Distributed Labels,5,66,360,334688,2026-04-30,FALSE,13,Pop
54,spotify:track:6Hs2xIgB8nzyGFDvVA8lFa,"Madihu, Low G",Có Em,NGUYEN CHI PHONG,4,49,210,333266,2026-04-30,FALSE,-5,Rap/Hip-hop
55,spotify:track:2pm7K14nHj2fLrpU8j9bit,PC,10 Ngàn Năm,12 trái lê,27,65,203,332700,2026-04-30,FALSE,10,Rap/Hip-hop
56,spotify:track:6VXVYATpQXEIoZ97NnWCmn,"Madihu, Vũ.",Vì Anh Đâu Có Biết,WM Vietnam,2,62,195,329050,2026-04-30,FALSE,6,Ballad
57,spotify:track:3VkV6L37ub0rtuYQoawAqz,Lil Zpoet,Tình Mình Lạ Kì,LiL Z Poet,45,58,13,324671,2026-04-30,FALSE,1,Ballad
58,spotify:track:4MCP9l0QB9YN2LCkIy8mz4,Obito,Dạo Này,12 trái lê,8,60,18,324611,2026-04-30,FALSE,2,Rap/Hip-hop
59,spotify:track:6ag0c7tBr3PIqPb00C2rK4,"VCT, Negav, Jey B, Ngô Kiến Huy",NGƯỜI NHƯ ANH XỨNG ĐÁNG CÔ ĐƠN - KHÔNG ĐAU NỮA RỒI,VIE NETWORK CORPORATION / ADA,45,68,9,316342,2026-04-30,FALSE,9,Rap/Hip-hop
60,spotify:track:7mblTCdc14ylJ1JW71MODb,buitruonglinh,Giờ Thì,LOOPS Music,11,69,72,315511,2026-04-30,FALSE,9,Indie/Alternative
61,spotify:track:25h0TqC9H3BcMA7KjK5nHK,"GREY D, tlinh",vaicaunoicokhiennguoithaydoi,Umusic Vietnam Co. Ltd. Distributed Labels,2,50,202,314953,2026-04-30,FALSE,-11,R&B/Soul
62,spotify:track:3ET3xHCLMGd57u06A9RjJ0,Ronboogz,Nói Dối,MaiDao Music,3,59,130,313041,2026-04-30,FALSE,-3,Indie/Alternative
63,spotify:track:0e6fZkLArSmDIHnZcIua7t,"Vũ., Low G",Không Yêu Em Thì Yêu Ai?,WM Vietnam,19,70,83,311818,2026-04-30,FALSE,7,Indie/Alternative
64,spotify:track:1r9gNSD1WUFscqTSA2Rcet,MAYDAYs,Hẹn Lần Sau,Universal Music Indochina Distributed Labels,13,54,19,308331,2026-04-30,FALSE,-10,Indie/Alternative
65,spotify:track:3vSmjbKFByNM6l31NmFlmB,"GREY D, MIN",đôi mắt kẻ tình si,Umusic Vietnam Co. Ltd. Distributed Labels,12,33,5,307802,2026-04-30,FALSE,-32,R&B/Soul
66,spotify:track:2Pwou3Q2Cf59RxdX2V6MgV,Shiki,Có Đôi Điều,12 trái lê,10,52,70,307759,2026-04-30,FALSE,-14,Rap/Hip-hop
67,spotify:track:1mtmvJjTchdqDCoJbFv1Op,"OgeNus, Dangrangto",Tuyển Bạn Gái,Universal Music Indochina Distributed Labels,40,40,3,304387,2026-04-30,FALSE,-27,Rap/Hip-hop
68,spotify:track:5BTzf3doGTigDIYUFtbkI9,"Emcee L (Da LAB), Da LAB, Badbies",Sinh Ra Đã Là Thứ Đối Lập Nhau (feat. Badbies),Yin Yang Media,5,63,279,303888,2026-04-30,FALSE,-5,Ballad
69,spotify:track:0s7RyyUlQfd8mnnboHe18n,"MANBO, HIEUTHUHAI, HURRYKNG",Hẹn Gặp Em Dưới Ánh Trăng,Gerdnang,20,78,111,299284,2026-04-30,FALSE,9,Rap/Hip-hop
70,spotify:track:58ZlEBxBrzISXtmcOPo476,SOOBIN,giá như,SS LABEL,13,67,107,297523,2026-04-30,FALSE,-3,Ballad
71,spotify:track:1MiJk3dXC5jzhvLFP0dUM7,Da LAB,Thức Giấc,Yin Yang Media,1,55,251,292844,2026-04-30,FALSE,-16,Pop
72,spotify:track:2dPJtlvoa3GDowCh035M8P,Vũ.,Nếu Những Tiếc Nuối,WM Vietnam,33,64,54,290012,2026-04-30,FALSE,-8,Indie/Alternative
73,spotify:track:5SzJs9cwYXdSm9G3xcXuA2,Phùng Khánh Linh,Hôm Nay Tôi Buồn,BLACK SWAN LABEL LLC.,13,61,157,289355,2026-04-30,FALSE,-12,Ballad
74,spotify:track:226ljdOTLM2clGpm4mZvAm,Dangrangto,Love is,MaiDao Music,10,104,79,285626,2026-04-30,FALSE,30,Indie/Alternative
75,spotify:track:2uZmeuNAxSm7XfVIwLkhCx,Ronboogz,nhắn nhủ,MaiDao Music,14,79,124,283219,2026-04-30,FALSE,4,Indie/Alternative
76,spotify:track:3A9A7mfVDVm3rrS9SMGhg5,Kha,Hư không,MaiDao Music,22,87,120,282588,2026-04-30,FALSE,11,Ballad
77,spotify:track:1xoadYaxtOp9gHDwgmPDuz,"JSOL, Hoàng Duyên",Sài Gòn Hôm Nay Mưa,Universal Music Indochina,3,89,257,278769,2026-04-30,FALSE,12,Ballad
78,spotify:track:36fgG6NiEuQXznNgf5y2Ck,"T.R.I, Dangrangto, DONAL",một bài hát không vui mấy - Extended Version,Umusic Vietnam Co. Ltd. Distributed Labels,26,90,69,278584,2026-04-30,FALSE,12,Ballad
79,spotify:track:39KWnPNEvbXt423CzjvBfA,SOOBIN,Anh Đã Quen Với Cô Đơn,WM Vietnam,40,74,76,278505,2026-04-30,FALSE,-5,Ballad
80,spotify:track:2UvqD395dhlJWO0SxHJ89n,"HIEUTHUHAI, HURRYKNG",Đáng Lý Anh Nên Yêu Em Hơn,M Music Records,80,-1,1,275986,2026-04-30,TRUE,NaN,Rap/Hip-hop
81,spotify:track:5XfGQZA0ioQAWUjlyJRcHc,"Shiki, Obito",1000 Ánh Mắt,12 trái lê,8,82,96,275905,2026-04-30,FALSE,1,Rap/Hip-hop
82,spotify:track:1o6cYDMHvKOfizi4d9Lqxr,W/N,id 072019,Universal Music Indochina Distributed Labels,3,98,144,268988,2026-04-30,FALSE,16,Pop
83,spotify:track:54PbBpquVfhfrwRwvjSXbI,"Charlie Puth, Selena Gomez",We Don't Talk Anymore (feat. Selena Gomez),Artist Partner,71,72,283,266806,2026-04-30,FALSE,-11,R&B/Soul
84,spotify:track:2ZBi1KpCR0grEWRNgySqwg,Hngle,Buông,Sony Music Entertainment,17,56,11,265612,2026-04-30,FALSE,-28,Ballad
85,spotify:track:3CmacJj7VC4W6daC8BWd0h,Dương Domic,Mất Kết Nối,DAO Entertainment,2,76,75,261773,2026-04-30,FALSE,-9,R&B/Soul
86,spotify:track:1FUdEz4fX1DxPcVAARlu6A,GREY D,yêu em như…,Umusic Vietnam Co. Ltd. Distributed Labels,13,38,5,261693,2026-04-30,FALSE,-48,R&B/Soul
87,spotify:track:6OWWZtNQORY1McaZmOrwhc,CORTIS,GO!,Republic Records – CORTIS,87,135,23,261482,2026-04-30,FALSE,48,Pop
88,spotify:track:0aPZbnkMoWJaJ5CNVLCj8S,Justin Bieber,That Should Be Me,RBMG/Def Jam,53,53,3,259069,2026-04-30,FALSE,-35,Ballad
89,spotify:track:6Q2oEdOhRjZ1DTv2a7j0lN,"PC, Dick, tofutns",Ghé Qua,12 trái lê,61,81,293,258924,2026-04-30,FALSE,-8,Rap/Hip-hop
90,spotify:track:4ecdsGz3Hg6TKPwQ0ZOdJz,CORTIS,FaSHioN,Republic Records – CORTIS,90,138,21,258403,2026-04-30,FALSE,48,Pop
91,spotify:track:1hPbWyZnUPaeAWbOSKwkXJ,Quang Đăng Trần,Anh Đã Không Biết Cách Yêu Em,338ENT,9,73,39,257240,2026-04-30,FALSE,-18,Ballad
92,spotify:track:31VNCmwspR7nVJ6kruUuJt,Sơn Tùng M-TP,Đừng Làm Trái Tim Anh Đau,Umusic Vietnam Co. Ltd. Distributed Labels,1,99,99,255999,2026-04-30,FALSE,7,Pop
93,spotify:track:2w7jOvl0kpplNxisgfnCdT,"Đức Trường, BMZ",Nếu Biết Đó Là Lần Cuối,BMZ,47,80,34,254571,2026-04-30,FALSE,-13,Ballad
94,spotify:track:5ouxRyInSdRBQubu3KTd97,"tlinh, 2Pillz",nếu lúc đó,M Music Records,1,77,165,252588,2026-04-30,FALSE,-17,R&B/Soul
95,spotify:track:42i1d7gos5WvqZIFWCfE7E,Ngô Lan Hương,"Có công mài ""Sắc""",Ngô Lan Hương Exclusive,85,85,3,248104,2026-04-30,FALSE,-10,Pop
96,spotify:track:27F22WcGDyl4Z2KylVJkXL,buitruonglinh,Đường Tôi Chở Em Về,Universal Music Indochina Distributed Labels,14,112,183,246190,2026-04-30,FALSE,16,Indie/Alternative
97,spotify:track:3P3rcI48wwVEgxF5vPM6pG,Sơn Tùng M-TP,Buông Đôi Tay Nhau Ra,Umusic Vietnam Co. Ltd. Distributed Labels,7,88,146,245681,2026-04-30,FALSE,-9,Ballad
98,spotify:track:6jcLKVmEKAQIXIVHJZ8vzS,"MONSTAR, GREY D, NICKY, VƯƠNG BÌNH",tình yêu chậm trễ,Yin Yang Media,46,75,176,245612,2026-04-30,FALSE,-23,R&B/Soul
99,spotify:track:4qJSUFwZFouto5VZUlln75,"tlinh, Trung Trần",Thích Quá Rùi Nà,Universal Music Indochina Distributed Labels,34,109,293,243836,2026-04-30,FALSE,10,R&B/Soul
100,spotify:track:2pBZoglJzsRk4UeVey8n0k,Việt Anh,Ngày Này Năm Ấy,338ENT,17,83,38,242390,2026-04-30,FALSE,-17,Ballad
101,spotify:track:43zzuEWDotRcKlSFzrlJqs,Đạt G,Thêm Bao Nhiêu Lâu,12 trái lê,97,97,51,242265,2026-04-30,FALSE,-4,Ballad
102,spotify:track:0JKEP4dB1riE6l7Kq5kJm1,Chillies,Em Đừng Khóc,WM Vietnam,3,100,64,240476,2026-04-30,FALSE,-2,Indie/Alternative
103,spotify:track:1UQNU5O9VttUgO16pxUnjw,"Obito, Shiki, RPT MCK",Đánh Đổi,12 trái lê,7,103,134,239330,2026-04-30,FALSE,0,Rap/Hip-hop
104,spotify:track:1J12HjUuXfJnaUdubTEzSR,HIEUTHUHAI,Nghe Như Tình Yêu,M Music Records,35,110,241,237027,2026-04-30,FALSE,6,R&B/Soul
105,spotify:track:567e29TDzLwZwfDuEpGTwo,"The Kid LAROI, Justin Bieber",STAY (with Justin Bieber),Columbia,1,71,108,235944,2026-04-30,FALSE,-34,EDM/Dance
106,spotify:track:6E3P4uOfKHYXJLK6Q3s0Tj,"JustaTee, Binz",Cơn Mưa Cuối,NGUYEN THANH TUAN,86,95,26,233626,2026-04-30,FALSE,-11,Rap/Hip-hop
107,spotify:track:7q1qYSyRkGT4ZaCc2ZQihP,"Hoàng Tôn, Koo",Em Còn Nhớ Anh Không - Remastered,Hoàng Tôn,69,120,55,232851,2026-04-30,FALSE,13,Ballad
108,spotify:track:22zBIXKmSoEtushsWPJZOH,HIEUTHUHAI,Nước Mắt Cá Sấu,M Music Records,3,-1,37,232849,2026-04-30,TRUE,NaN,Rap/Hip-hop
109,spotify:track:5KzRocC5BSxcmR73kP4N1V,HIEUTHUHAI,Đâu Có Ai Nhìn,M Music Records,109,-1,1,231489,2026-04-30,TRUE,NaN,R&B/Soul
110,spotify:track:0KA8tBqZ81mBe2po59GK5j,Đỗ Hoàng Long,Trạng Thái Mộng Mơ,Umusic Vietnam Co. Ltd. Distributed Labels,92,93,10,228975,2026-04-30,FALSE,-17,Indie/Alternative
111,spotify:track:6D94p9ASguBcYlDC0o56vx,HIEUTHUHAI,NOLOVENOLIFE,M Music Records,24,125,133,228791,2026-04-30,FALSE,14,Rap/Hip-hop
112,spotify:track:2o4dDfLK6NVI7TjBm5VoMv,"Lou Hoàng, Miu Lê",Yêu Một Người Có Lẽ,Onlyc Entertainment,33,130,219,228314,2026-04-30,FALSE,18,Pop
113,spotify:track:2rKkfc4VZ74FQDc1FF1Zo6,BTS,Body to Body,BIGHIT MUSIC,5,102,6,227822,2026-04-30,FALSE,-11,Pop
114,spotify:track:3rAcN3CLeSrkhIZN8PHbwb,CORTIS,What You Want,Republic Records – CORTIS,114,-1,1,224976,2026-04-30,TRUE,NaN,Pop
115,spotify:track:1J3SmWwlYAG68LGKr86MVH,Sơn Tùng M-TP,Chúng Ta Của Hiện Tại,Umusic Vietnam Co. Ltd. Distributed Labels,1,140,280,224768,2026-04-30,FALSE,25,Pop
116,spotify:track:1i5SZL7Ngz0sYFaKmwieyw,"Quang Hùng MasterD, Low G, Hino",Chất Gây Hại,M Music Records,16,105,19,224486,2026-04-30,FALSE,-11,Rap/Hip-hop
117,spotify:track:4CVxKSRLUxqUuj2z9vn4fS,SOOBIN,Xin Đừng Lặng Im,"HONG AN ENTERTAIMENT,.JSC",37,94,49,223607,2026-04-30,FALSE,-23,Ballad
118,spotify:track:4Iz5EWPCAT8jYNk4IpLoll,buitruonglinh,Dù Cho Mai Về Sau,Yin Yang Media,10,126,266,221194,2026-04-30,FALSE,8,Indie/Alternative
119,spotify:track:7dlgEjrK3lHbP786dshKDV,"ANH TRAI ""SAY HI"", B Ray, AMEE",CHỜ ANH VỀ,Universal Music Indochina Distributed Labels,2,92,21,218526,2026-04-30,FALSE,-27,Rap/Hip-hop
120,spotify:track:66v7AvDs5gZfmkJgFMMtHL,"Công Dương, Nguyễn Lâm Thảo Tâm, 30 Pictures",A Little Dream Of Me,+84 Vietnam New Wave,22,119,8,218200,2026-04-30,FALSE,-1,Khác
121,spotify:track:5PGh9MyKry8slG5AfvD1eD,"Obito, Shiki, VSTRA",Hà Nội,12 trái lê,10,106,134,218152,2026-04-30,FALSE,-15,Rap/Hip-hop
122,spotify:track:317Lh6QCAz9JpWbV3oxrCf,"Phùng Khánh Linh, Thành Luke",EM ĐAU,BLACK SWAN LABEL LLC.,62,114,16,217445,2026-04-30,FALSE,-8,Ballad
123,spotify:track:51bYFYWODfYOZU0rwvjiCc,"Binz, Đen",Cho Mình Em,Spacespeakers,32,117,127,217200,2026-04-30,FALSE,-6,Rap/Hip-hop
124,spotify:track:0oL2jCTf9P9a7flY5mCpYu,"Wxrdie, JustaTee",Trở Về,Universal Music Indochina Distributed Labels,54,149,61,217112,2026-04-30,FALSE,25,Rap/Hip-hop
125,spotify:track:2GE2p2dFpxp7OIz2QOFBzW,"ANH TRAI ""SAY HI"", HURRYKNG, HIEUTHUHAI, Negav, Pháp Kiều, Isaac","KIM PHÚT, KIM GIỜ (feat. HURRYKNG, HIEUTHUHAI, Negav, Pháp Kiều & Isaac)",Anh Trai Say Hi,5,122,79,216527,2026-04-30,FALSE,-3,Rap/Hip-hop
126,spotify:track:4fj4Jn4nw8fGX8xdbCntJf,"CoolKid, RHYDER",Sau Cơn Mưa,MaiDao Music,8,136,139,216200,2026-04-30,FALSE,10,Rap/Hip-hop
127,spotify:track:7fCeYpR02Q8JVuD88hJZVT,"Da LAB, Minh Tốc & Lam",Bầu Trời Mới,Universal Music Indochina Distributed Labels,8,150,82,215390,2026-04-30,FALSE,23,Indie/Alternative
128,spotify:track:5u5AsK8JLgkr154QHZjJqh,"ANH TRAI ""SAY HI"", VCT, Karik, Negav, Ngô Kiến Huy, Jey B",NGƯỜI NHƯ ANH XỨNG ĐÁNG CÔ ĐƠN,Universal Music Indochina Distributed Labels,3,111,31,215232,2026-04-30,FALSE,-17,Rap/Hip-hop
129,spotify:track:6T17ZI0glfM2IGLdUwtnLK,CORTIS,JoyRide,Republic Records – CORTIS,129,-1,1,213331,2026-04-30,TRUE,NaN,Pop
130,spotify:track:5tmA5oQDF0ULqRI12LKCDw,JayKii,Chiều Hôm Ấy,The First Management,95,121,27,212834,2026-04-30,FALSE,-9,Ballad
131,spotify:track:3b34161QoxLwsqhWSPy9i5,Da LAB,Thanh Xuân,Sony Music Entertainment,1,116,398,212504,2026-04-30,FALSE,-15,Indie/Alternative
132,spotify:track:0SmQ0UWeiHKQtxUej4Rem6,SOOBIN,Tháng Năm,Spacespeakers,6,101,180,212263,2026-04-30,FALSE,-31,Pop
133,spotify:track:1LJyhnPdYGRLerwJd8CmL1,"Vũ., Dear Jane",Những Lời Hứa Bỏ Quên,WM Vietnam,1,108,124,211146,2026-04-30,FALSE,-25,Indie/Alternative
134,spotify:track:6TGwaBlfUGVoeZMBLzvXGP,"Dangrangto, DONAL",thế giới của anh,Higher Dimension,50,146,13,208323,2026-04-30,FALSE,12,Indie/Alternative
135,spotify:track:0pavLg3wbL6PVXAgXoWv4S,"24k.Right, Ngắn, Hipz",Một Nửa Sự Thật,Universal Music Indochina,119,195,4,206374,2026-04-30,FALSE,60,R&B/Soul
136,spotify:track:5UUNrCgGtC6JOrATM3y3ZT,HIEUTHUHAI,Sắp Nổi Tiếng 2,M Music Records,136,-1,1,206348,2026-04-30,TRUE,NaN,Rap/Hip-hop
137,spotify:track:5C3fx9rdM4Bxf1MSOQC4Ym,"Low G, Thắng",An Thần,M Music Records,2,137,236,206276,2026-04-30,FALSE,0,Rap/Hip-hop
138,spotify:track:12DNdwLD9oZOPADqM10oyE,"Fishy, Trí Dũng",Forget Me Now,LOOPS Music,131,159,39,205500,2026-04-30,FALSE,21,R&B/Soul
139,spotify:track:4ZbHPwPlbR7ia3OXfto6ZZ,HIEUTHUHAI,Đâu Cần Gì Hơn,M Music Records,139,-1,1,204505,2026-04-30,TRUE,NaN,Rap/Hip-hop
140,spotify:track:5Bti0azlFhMattVY76qFr9,Vũ.,Lạ Lùng,WM Vietnam,17,107,421,204109,2026-04-30,FALSE,-33,Indie/Alternative
141,spotify:track:4TyQKEifYDWTfTSRwpxlYI,Quân A.P,Bông Hoa Đẹp Nhất,Great Entertainment,32,128,122,201636,2026-04-30,FALSE,-13,Ballad
142,spotify:track:22GCbN9OyrCa1tC1jZnX8O,"Thắng, Hà Lê",Gội Đầu,Thắng,27,91,4,200362,2026-04-30,FALSE,-51,Indie/Alternative
143,spotify:track:09CtPGIpYB4BrO8qb1RGsF,Justin Bieber,Sorry,RBMG/Def Jam,84,84,4,199551,2026-04-30,FALSE,-59,EDM/Dance
144,spotify:track:5VGOYjxkEaf19LoRPIolD2,"The Wind, Dangrangto",Anh Muốn Nhìn Thấy Em,M Music Records,77,188,72,199074,2026-04-30,FALSE,44,Indie/Alternative
145,spotify:track:25NLn8W1JxuVrXQTVrDA4c,"Dfoxie37, myhoa, Tuann",hello em có khỏe không,Universal Music Indochina Distributed Labels,15,133,22,199063,2026-04-30,FALSE,-12,Pop
146,spotify:track:7HoAJ6Hc1P91eoOrn1WY5d,"Đức Trường, BMZ, Kun",Đáng Lý Ra Phải Là Anh,BMZ,90,134,20,197523,2026-04-30,FALSE,-12,Ballad
147,spotify:track:3gLRyMbg5nWLcuKD46Uz72,Phương Ly,Anh Là Ai,PHUONG LY,109,132,31,197276,2026-04-30,FALSE,-15,Pop
148,spotify:track:4D1eaEIisnWCVPMnYuMh7q,白浩贤BlueC,漫步香港1999,腾讯音乐人,13,131,11,196997,2026-04-30,FALSE,-17,Indie/Alternative
149,spotify:track:29Tj2R8sZZ3fzlXZVe1OyY,"Dương Domic, Lou Hoàng",Pin Dự Phòng,DAO Entertainment,13,144,43,194981,2026-04-30,FALSE,-5,R&B/Soul
150,spotify:track:0eAuGrXyGFYwur9ARUe7LJ,Malcolm Todd,Earrings,Columbia,150,-1,1,194490,2026-04-30,TRUE,NaN,R&B/Soul
151,spotify:track:4N99EuIjwSSFFFMDfTeOLU,"buitruonglinh, Vũ Phụng Tiên",Em Không Khóc (feat. Vũ Phụng Tiên),Yin Yang Media,62,170,182,194414,2026-04-30,FALSE,19,Indie/Alternative
152,spotify:track:5U30iZBlmxkpHqzb1OSnBS,Rhymastic,Yêu 5,WM Vietnam,77,123,221,194255,2026-04-30,FALSE,-29,R&B/Soul
153,spotify:track:170CNv2CAZn8wg6GxvHXYC,"B Ray, AMEE",Ex's Hate Me,B Ray,129,161,26,194067,2026-04-30,FALSE,8,Rap/Hip-hop
154,spotify:track:1GJ3suxtUVaguVQRemw6Zp,Andiez,Suýt Nữa Thì...,MaiDao Music,74,155,164,193498,2026-04-30,FALSE,1,Ballad
155,spotify:track:4vfhartd7HDWGJbdVIycEu,Sơn Tùng M-TP,Muộn Rồi Mà Sao Còn,Umusic Vietnam Co. Ltd. Distributed Labels,1,172,262,192808,2026-04-30,FALSE,17,Pop
156,spotify:track:3bmpXHVie1GTy37OkXJ7Vc,BTS,2.0,BIGHIT MUSIC,11,162,6,191748,2026-04-30,FALSE,6,Rap/Hip-hop
157,spotify:track:3COYA2vgfcUhDyRlVpZy5p,"tlinh, Low G",PHÓNG ZÌN ZÌN,M Music Records,4,148,84,191096,2026-04-30,FALSE,-9,Rap/Hip-hop
158,spotify:track:7J9l9ebYB3IEs5ea5J1M7a,"Da LAB, Tóc Tiên",Nước Mắt Em Lau Bằng Tình Yêu Mới,MUNIZ MUSIC COMPANY LIMITED,107,118,114,191008,2026-04-30,FALSE,-40,Pop
159,spotify:track:65st6HfPZyxq1RNTvqSIos,"Wren Evans, itsnk",Thu Đợi,Universal Music Indochina Distributed Labels,6,154,18,190182,2026-04-30,FALSE,-5,R&B/Soul
160,spotify:track:50kpGaPAhYJ3sGmk6vplg0,Justin Bieber,Love Yourself,RBMG/Def Jam,79,86,126,189520,2026-04-30,FALSE,-74,Pop
161,spotify:track:53zusvCJkyGYjEZ6bnLIjh,Hà Anh Tuấn,Tháng Tư Là Lời Nói Dối Của Em,Yin Yang Media,49,124,59,189160,2026-04-30,FALSE,-37,Ballad
162,spotify:track:20dAJsyno9ZoBLJtqgQnUI,BTS,Hooligan,BIGHIT MUSIC,8,165,6,188501,2026-04-30,FALSE,3,Pop
163,spotify:track:2RkZ5LkEzeHGRsmDqKwmaJ,Alex Warren,Ordinary,Atlantic Records,38,141,13,188467,2026-04-30,FALSE,-22,Pop
164,spotify:track:0669gFIK8dYK9GGQ0K0QNF,Dương Domic,Tràn Bộ Nhớ,DAO Entertainment,7,151,75,187297,2026-04-30,FALSE,-13,R&B/Soul
165,spotify:track:2uxjHthUJd2A8PmWaUGGsI,"Hoàng Dũng, Hoàng Rob",Chờ Anh Nhé,Lirico Entertainment,99,156,46,187215,2026-04-30,FALSE,-9,Indie/Alternative
166,spotify:track:2FnXZhpEKgIab8vI6t2C7e,"Shiki, Tyronee",Perfect,12 trái lê,74,127,55,186857,2026-04-30,FALSE,-39,Rap/Hip-hop
167,spotify:track:3f0OEJd7mlPNhmH3fUOrqy,CORTIS,"Mention Me - From The Movie ""GOAT""",Mercury Records,63,-1,3,186019,2026-04-30,TRUE,NaN,Khác
168,spotify:track:4Jjz6vzbNUU6naUSzQUFf7,HIEUTHUHAI,Interlude Nước Mắt Cá Sấu,M Music Records,168,-1,1,185559,2026-04-30,TRUE,NaN,Rap/Hip-hop
169,spotify:track:3y66li7DIrH7HLKIZzxR5H,Kai Đinh,Lễ Đường,Yin Yang Media,3,157,59,185238,2026-04-30,FALSE,-12,Ballad
170,spotify:track:7yxogpPUBn4wVEKBgI5c7U,Lil Zpoet,Yêu Từ Đâu Mà Ra,MaiDao Music,143,153,29,184993,2026-04-30,FALSE,-17,Pop
171,spotify:track:55K3e7BGewGDUJ4ZQwkh7M,Only C,Người Đáng Thương Là Anh,OnlyC Production,165,183,15,184751,2026-04-30,FALSE,12,Ballad
172,spotify:track:54UNNgtE3zzERwTuWSQLqd,"MONSTAR, GREY D, VƯƠNG BÌNH",có hẹn với thanh xuân,Yin Yang Media,5,174,172,184518,2026-04-30,FALSE,2,R&B/Soul
173,spotify:track:498g7npirihKT5MPdVSfb0,Hoàng Dũng,Phonecert,"CAM, LIRICO",137,190,19,184504,2026-04-30,FALSE,17,R&B/Soul
174,spotify:track:5prZw3OHd2UhAq0VBKpqUM,GREY D,mới hôm qua,Umusic Vietnam Co. Ltd. Distributed Labels,34,115,5,184423,2026-04-30,FALSE,-59,R&B/Soul
175,spotify:track:1Ipu7wzbc2qM7muqszyiZD,"Solmee, Dyteller, hoangkiet",Tâm sự,Umusic Vietnam Co. Ltd. Distributed Labels,143,160,5,184106,2026-04-30,FALSE,-15,R&B/Soul
176,spotify:track:5cF0dROlMOK5uNZtivgu50,Charlie Puth,Attention,Artist Partner,21,139,199,183295,2026-04-30,FALSE,-37,R&B/Soul
177,spotify:track:55Eo6NDkVhSRBonrT16kXM,"Cloud 5, Dangrangto",Đến Đây Bên Anh,Yin Yang Media,66,171,56,182929,2026-04-30,FALSE,-6,Indie/Alternative
178,spotify:track:33S16Xa5cZmLPhn6eZI4Nm,"52Hz, RIO, WEAN",ĐỢI (feat. WEAN) - SPECIAL VERSION,DAO Entertainment,58,175,92,182141,2026-04-30,FALSE,-3,R&B/Soul
179,spotify:track:4FT18tLTmf3QNBzG5r6OTj,"Đen, Ngọc Linh",Mười Năm (Lộn Xộn 3),Đen,17,169,130,181326,2026-04-30,FALSE,-10,Rap/Hip-hop
180,spotify:track:7CyPwkp0oE8Ro9Dd5CUDjW,"The Weeknd, JENNIE, Lily-Rose Depp","One Of The Girls (with JENNIE, Lily Rose Depp)",XO / Republic Records,11,142,149,181110,2026-04-30,FALSE,-38,R&B/Soul
181,spotify:track:6uxuJ8Fr1AAfSPJUF9N1yr,Vũ.,Bước Qua Mùa Cô Đơn,WM Vietnam,1,164,269,179673,2026-04-30,FALSE,-17,Indie/Alternative
182,spotify:track:2G5ujw3rrWcAXQqT8PVnrz,"Obito, Shiki, Lăng LD",Đầu Đường Xó Chợ,12 trái lê,39,163,80,179292,2026-04-30,FALSE,-19,Rap/Hip-hop
183,spotify:track:3H6nzsPNMttEvUl3ai3xN8,Chillies,Vùng Ký Ức,WM Vietnam,1,168,126,178345,2026-04-30,FALSE,-15,Indie/Alternative
184,spotify:track:2n00rcPaXcWfFB9irOKOmh,Ronboogz,Anh Chỉ Muốn,MaiDao Music,76,-1,98,176655,2026-04-30,TRUE,NaN,Indie/Alternative
185,spotify:track:2ppLwHSMgDGEQ5c8o6nAX2,Low G,Simp Gái 808,M Music Records,9,187,133,176202,2026-04-30,FALSE,2,Rap/Hip-hop
186,spotify:track:4vVTI94F9uJ8lHNDWKv0i2,"Sean Kingston, Justin Bieber",Eenie Meenie,Epic/Beluga Heights,96,96,2,174390,2026-04-30,FALSE,-90,EDM/Dance
187,spotify:track:0jHpGB1Xt2kIX0VaPFvStp,"Tùng TeA, PC, TaynguyenSound",Già Cùng Nhau Là Được,12 trái lê,70,147,143,172456,2026-04-30,FALSE,-40,Rap/Hip-hop
188,spotify:track:78qgfGQXLCxLcJRShFeAyk,"Inso, Thazh, Đông",Mở Lòng Vì Ai - Thazh x Đông Remix,Air Media,125,167,7,171757,2026-04-30,FALSE,-21,Indie/Alternative
189,spotify:track:6UFvSmKzCZ16fxsybf4PhE,"Nguyễn Trọng Tài, Don Raemo, Double X",HONGKONG1,T2B Media,177,-1,9,171702,2026-04-30,TRUE,NaN,Indie/Alternative
190,spotify:track:5BJqg07SKgmFnVLOBmLFvq,Bùi Anh Tuấn,"Hẹn Một Mai - From"" 4 Năm 2 Chàng 1 Tình Yêu""",1LABEL,109,-1,54,168368,2026-04-30,TRUE,NaN,Ballad
191,spotify:track:1izPmgSW7FV6XFdEOiTvOY,"Changg, Minh Huy",Em Không Hiểu,Universal Music Indochina Distributed Labels,27,-1,241,167880,2026-04-30,TRUE,NaN,R&B/Soul
192,spotify:track:0QIBqBajZLLcWfL6mpVsN3,"Hải Đăng Doo, Weeza",Chuyện Chúng Ta Sau Này,MaiDao Music,59,-1,62,167782,2026-04-30,TRUE,NaN,Indie/Alternative
193,spotify:track:2SykQzXuFSeprST1uDjj1m,AMEE,trời giấu trời mang đi,Yin Yang Media,52,189,85,167664,2026-04-30,FALSE,-4,R&B/Soul
194,spotify:track:6hytdEPX4UcGh91gDBUZDv,"Dab, Helinn",Anh Cũng Đâu Có Muốn Tin?,MaiDao Music,147,198,27,167557,2026-04-30,FALSE,4,Pop
195,spotify:track:7Hc6qcJG4NtyZgbNvQyd8U,Olivia Rodrigo,drop dead,Olivia Rodrigo PS,145,145,2,167119,2026-04-30,FALSE,-50,Pop
196,spotify:track:5kJMW3pK49PvQDtpVryHf5,JustaTee,Forget About Her,Spacespeakers,31,-1,37,166968,2026-04-30,TRUE,NaN,R&B/Soul
197,spotify:track:5LuyL5o2BcFKK4FOJLYsSy,"Minh Đinh, Hà An Huy",Nằm Bên Anh,DAO Entertainment,28,-1,46,166856,2026-04-30,TRUE,NaN,Ballad
198,spotify:track:7Cjsw965r7mVK888ZqP6Wo,Negav,Mình Anh Thôi,MIXUS,18,177,58,166537,2026-04-30,FALSE,-21,Rap/Hip-hop
199,spotify:track:5NULs64MNtA1HnRK9Bedys,"Ánh Sáng AZA, Negav",tâm trí lang thang,DAO Entertainment,11,173,45,166176,2026-04-30,FALSE,-26,Rap/Hip-hop
200,spotify:track:0Lf0ydJp4nbcEkYgPtIUuD,Ronboogz,Khi Mà,MaiDao Music,73,-1,77,166102,2026-04-30,TRUE,NaN,Indie/Alternative
1,spotify:track:2HRgqmZQC0MC7GeNuDIXHN,"Jung Kook, Latto",Seven (feat. Latto) (Explicit Ver.),BIGHIT MUSIC,1,1,147,2413076,2026-05-07,FALSE,0,Pop
2,spotify:track:68lbSrXDORS51pmyjZv712,BTS,SWIM,BIGHIT MUSIC,1,2,7,1949416,2026-05-07,FALSE,0,Pop
3,spotify:track:5xVCfx47vCXuLdpfbepqEo,HIEUTHUHAI,Người Im Lặng Gặp Người Hay Nói,M Music Records,2,3,9,872024,2026-05-07,FALSE,0,Rap/Hip-hop
4,spotify:track:1ApIGNgp1azc0qB61x4GzG,"Hngle, Ari",Không Buông,Umusic Vietnam Co. Ltd. Distributed Labels,2,4,35,836755,2026-05-07,FALSE,0,Pop
5,spotify:track:2fCwv2ppU5nTRTckomIGsd,CORTIS,REDRED,Republic Records – CORTIS,5,8,3,806197,2026-05-07,FALSE,3,Pop
6,spotify:track:2KslE17cAJNHTsI2MI0jb2,Jung Kook,Standing Next to You,BIGHIT MUSIC,1,11,130,794646,2026-05-07,FALSE,5,Pop
7,spotify:track:6Qwl74olNi1rl65FNxG5We,"marzuz, Changg",Và Thế Giới Đã Mất Đi Một Người Cô Đơn,Universal Music Indochina,7,7,24,695014,2026-05-07,FALSE,0,Ballad
8,spotify:track:7uUuftbcr94tzGOCJSM25u,"Low G, JustaTee",In Love,M Music Records,2,5,28,670531,2026-05-07,FALSE,-3,Rap/Hip-hop
9,spotify:track:4nXrVH5xwN1w6TpmP7uu8n,"HIEUTHUHAI, marzuz",Exit Sign,M Music Records,4,6,134,644472,2026-05-07,FALSE,-3,Rap/Hip-hop
10,spotify:track:73RcFjiDtStfP3GCW44vJu,"Minh Huy, Pinny",Ngày Rời Chuyến Bay,12 trái lê,10,10,5,621970,2026-05-07,FALSE,0,Ballad
11,spotify:track:5KYv3kORBKUmVEoqbRRWxt,"Bảo Anh, Táo",Từng Là Của Nhau,Yin Yang Media,7,12,35,571589,2026-05-07,FALSE,1,Ballad
12,spotify:track:6QFCMUUq1T2Vf5sFUXcuQ7,"Justin Bieber, Nicki Minaj",Beauty And A Beat,RBMG/Def Jam,9,9,4,553211,2026-05-07,FALSE,-3,EDM/Dance
13,spotify:track:7bFFUPBiF15n8m8RziqS4o,GREY D,dự báo thời tiết hôm nay mưa,Umusic Vietnam Co. Ltd. Distributed Labels,7,18,181,510486,2026-05-07,FALSE,5,R&B/Soul
14,spotify:track:42AOwjuMmIN1ioyyWB60Lw,GREY D,hoá ra…,Umusic Vietnam Co. Ltd. Distributed Labels,5,15,6,496217,2026-05-07,FALSE,1,R&B/Soul
15,spotify:track:0NyrI1tMvqcK3vU5z9DMdI,JustaTee,She Neva Knows,NGUYEN THANH TUAN,13,13,14,493520,2026-05-07,FALSE,-2,R&B/Soul
16,spotify:track:2a5hng9yXtbjtTVVm9UviC,VCT,Mơ,Universal Music Indochina Distributed Labels,6,19,193,492261,2026-05-07,FALSE,3,Pop
17,spotify:track:1K0HQ30Wc11okzlcnFA7Ub,HIEUTHUHAI,Không Thể Say,M Music Records,7,20,159,487746,2026-05-07,FALSE,3,Rap/Hip-hop
18,spotify:track:6GM4ZOBDcDroldUxI8GZ2B,"VSTRA, Tyronee",Ai Ngoài Anh,CDSL,2,14,18,475719,2026-05-07,FALSE,-4,R&B/Soul
19,spotify:track:0t8g66pWghsU8MphjUQIdg,"Phùng Khánh Linh, 30 Pictures",Cảm Ơn Người Đã Thức Cùng Tôi,+84 Vietnam New Wave,5,32,11,458060,2026-05-07,FALSE,13,Ballad
20,spotify:track:2wZAvkgiOE5tyrnqhB69KA,Sơn Tùng M-TP,Âm Thầm Bên Em,Umusic Vietnam Co. Ltd. Distributed Labels,9,24,289,453630,2026-05-07,FALSE,4,Ballad
21,spotify:track:5cn5oHiXJTLiuthgbgfkMh,VCT,Vết Mưa,Universal Music Indochina Distributed Labels,19,26,113,442823,2026-05-07,FALSE,5,Ballad
22,spotify:track:4BdB08vuS9r4HOoY7GkAxT,SOOBIN,Nếu Ngày Ấy,SS LABEL,18,27,72,438016,2026-05-07,FALSE,5,Ballad
23,spotify:track:6lRlM6bClcoOBLQi0zfA34,"HIEUTHUHAI, Hoàng Tôn",Chờ Tới Khi Anh Về,M Music Records,23,28,2,432320,2026-05-07,FALSE,5,R&B/Soul
24,spotify:track:41DlPJXKTCypXdf2eSqa03,"Vũ., Binz",bình yên,WM Vietnam,4,17,88,423732,2026-05-07,FALSE,-7,Rap/Hip-hop
25,spotify:track:6kCU6i8iRrAAmJJ8Sj4JYC,"Shartnuss, Phankeo, Tr.D",Nắng có mang em về,MaiDao Music,4,23,117,414817,2026-05-07,FALSE,-2,Indie/Alternative
26,spotify:track:0hB27T4dy9qBUcZabsrLOj,HIEUTHUHAI,Dạo Gần Đây Anh Thấy Anh Không Bằng Ai Hết,M Music Records,16,16,2,408858,2026-05-07,FALSE,-10,Rap/Hip-hop
27,spotify:track:11T61UpoNbbcewOMl1kcWN,NHONHO,Dạo Bước HongKong 1999,NHONHO,5,22,6,393555,2026-05-07,FALSE,-5,Indie/Alternative
28,spotify:track:3T7XHOdRcyhKU3QCB6kZG3,"MIN, Dangrangto, antransax",chẳng phải tình đầu sao đau đến thế,WM Vietnam,2,21,28,392715,2026-05-07,FALSE,-7,Indie/Alternative
29,spotify:track:3uT8QfoX0BE8ZJa4h98LDW,"Puppy, Dangrangto",Wrong Times,MaiDao Music,3,25,131,391291,2026-05-07,FALSE,-4,Indie/Alternative
30,spotify:track:6mKMGpkgP2cH5gmqILWe7b,Fishy,vết thương,LOOPS Music,15,42,51,388936,2026-05-07,FALSE,12,Ballad
31,spotify:track:0fGJiHH6xSUJU1MAVjxq5m,"Karik, GDucky",Bạn Đời,WM Vietnam,5,46,136,387537,2026-05-07,FALSE,15,Rap/Hip-hop
32,spotify:track:6Zoi4ue74UdUeYmHXItXnf,"B Ray, V#",Vùng An Toàn,MIXUS,3,40,44,381444,2026-05-07,FALSE,8,Rap/Hip-hop
33,spotify:track:4gaxEUZE4z9pJAVTSFwgQI,"14 Casper, Bon Nghiêm, buitruonglinh",một đời,DANDERLÉON,14,37,110,381109,2026-05-07,FALSE,4,Indie/Alternative
34,spotify:track:3DLtPObflLQBodZN8qGODT,"JustaTee, BigDaddy",2AM,WM Vietnam,18,33,210,380693,2026-05-07,FALSE,-1,R&B/Soul
35,spotify:track:6GUKRhIsWxA7VuZW8MKQLG,Dương Domic,Không Thời Gian,DAO Entertainment,2,29,33,380651,2026-05-07,FALSE,-6,R&B/Soul
36,spotify:track:3Ids3RXurYBgySph53qWnB,buitruonglinh,Từng Ngày Yêu Em,LOOPS Music,9,35,70,375008,2026-05-07,FALSE,-1,Indie/Alternative
37,spotify:track:27Z9T0mSWHYWSj9SNOGvyt,"JustaTee, Phương Ly",Thằng Điên,NGUYEN THANH TUAN,2,45,196,371615,2026-05-07,FALSE,8,R&B/Soul
38,spotify:track:4CUvVaAYuXtvYURLFz7EIL,"Emcee L (Da LAB), Da LAB, Muộii (Starry Night)",Chuyện Đôi Ta (feat. Muộii),Yin Yang Media,3,38,231,368704,2026-05-07,FALSE,0,Ballad
39,spotify:track:5tdz7T4hTxA1ipJMBe24uX,AMEE,"ex's hate me, Pt.2",Yin Yang Media,13,30,185,366228,2026-05-07,FALSE,-9,Pop
40,spotify:track:0GXZXSDFSbJjqdGifjSaig,buitruonglinh,Sớm Như Vậy,Umusic Vietnam Co. Ltd. Distributed Labels,19,31,4,352431,2026-05-07,FALSE,-9,Indie/Alternative
41,spotify:track:4nyoalDFgUaZOzIKqj3aS5,"Đặng Vĩnh Thịnh, BMZ, Nguyễn Trung Đức",Ngàn Năm Ánh Sáng,BMZ JSC,5,44,39,343036,2026-05-07,FALSE,3,Ballad
42,spotify:track:3dbfL7nHOZlM4adzLHNnB3,"Juky San, buitruonglinh",Người Đầu Tiên,DAO Entertainment,2,34,27,342745,2026-05-07,FALSE,-8,Ballad
43,spotify:track:3x7Hh3zsE1wcXCU2G8l5tP,SOOBIN,DANCING IN THE DARK,SS LABEL,3,51,60,337040,2026-05-07,FALSE,8,EDM/Dance
44,spotify:track:6Hs2xIgB8nzyGFDvVA8lFa,"Madihu, Low G",Có Em,NGUYEN CHI PHONG,4,54,211,336618,2026-05-07,FALSE,10,Rap/Hip-hop
45,spotify:track:3J3nv18iIrOhca1ZWNeuyW,JustaTee,Đã Lỡ Yêu Em Nhiều,NGUYEN THANH TUAN,36,48,170,334401,2026-05-07,FALSE,3,Ballad
46,spotify:track:3VkV6L37ub0rtuYQoawAqz,Lil Zpoet,Tình Mình Lạ Kì,LiL Z Poet,45,57,14,334347,2026-05-07,FALSE,11,Ballad
47,spotify:track:1DVYafsLmcQySKkJnY4RCs,"MAYDAYs, Minh Tốc & Lam",Phép Màu - Đàn Cá Gỗ Original Soundtrack,Universal Music Indochina Distributed Labels,2,47,62,333463,2026-05-07,FALSE,0,Khác
48,spotify:track:5rSAUmbOg4giDrM29vUyHe,Sơn Tùng M-TP,Nơi Này Có Anh,Umusic Vietnam Co. Ltd. Distributed Labels,5,53,361,333159,2026-05-07,FALSE,5,Pop
49,spotify:track:5WkuMbkHX7yR7nnBKCn7tV,RIO,vạn vật như muốn ta bên nhau,DAO Entertainment,6,50,56,332595,2026-05-07,FALSE,1,Indie/Alternative
50,spotify:track:7diH1qnFziArYzynk3vkr6,CORTIS,TNT,Republic Records – CORTIS,50,-1,1,331764,2026-05-07,TRUE,NaN,Pop
51,spotify:track:7Ldcvhcl4Xj4eOTSWpZus5,CORTIS,ACAI,Republic Records – CORTIS,51,-1,1,331162,2026-05-07,TRUE,NaN,Pop
52,spotify:track:6IxPiUQI4Cd0mL0pBIOjAg,HIEUTHUHAI,Hết Yêu,M Music Records,39,39,2,324556,2026-05-07,FALSE,-13,R&B/Soul
53,spotify:track:7mblTCdc14ylJ1JW71MODb,buitruonglinh,Giờ Thì,LOOPS Music,11,60,73,324502,2026-05-07,FALSE,7,Indie/Alternative
54,spotify:track:4MCP9l0QB9YN2LCkIy8mz4,Obito,Dạo Này,12 trái lê,8,58,19,323129,2026-05-07,FALSE,4,Rap/Hip-hop
55,spotify:track:01qFKNWq73UfEslI0GvumE,"Jung Kook, Jack Harlow",3D (feat. Jack Harlow),BIGHIT MUSIC,2,43,135,317591,2026-05-07,FALSE,-12,Pop
56,spotify:track:3ET3xHCLMGd57u06A9RjJ0,Ronboogz,Nói Dối,MaiDao Music,3,62,131,311912,2026-05-07,FALSE,6,Indie/Alternative
57,spotify:track:3vSmjbKFByNM6l31NmFlmB,"GREY D, MIN",đôi mắt kẻ tình si,Umusic Vietnam Co. Ltd. Distributed Labels,12,65,6,307402,2026-05-07,FALSE,8,R&B/Soul
58,spotify:track:6ag0c7tBr3PIqPb00C2rK4,"VCT, Negav, Jey B, Ngô Kiến Huy",NGƯỜI NHƯ ANH XỨNG ĐÁNG CÔ ĐƠN - KHÔNG ĐAU NỮA RỒI,VIE NETWORK CORPORATION / ADA,45,59,10,306120,2026-05-07,FALSE,1,Rap/Hip-hop
59,spotify:track:1VyXprVXZYNGWWZf1u4JfN,CORTIS,Blue Lips,Republic Records – CORTIS,59,-1,1,301620,2026-05-07,TRUE,NaN,Pop
60,spotify:track:58ZlEBxBrzISXtmcOPo476,SOOBIN,giá như,SS LABEL,13,70,108,301491,2026-05-07,FALSE,10,Ballad
61,spotify:track:1MiJk3dXC5jzhvLFP0dUM7,Da LAB,Thức Giấc,Yin Yang Media,1,71,252,300195,2026-05-07,FALSE,10,Pop
62,spotify:track:2pm7K14nHj2fLrpU8j9bit,PC,10 Ngàn Năm,12 trái lê,27,55,204,299776,2026-05-07,FALSE,-7,Rap/Hip-hop
63,spotify:track:6VXVYATpQXEIoZ97NnWCmn,"Madihu, Vũ.",Vì Anh Đâu Có Biết,WM Vietnam,2,56,196,297623,2026-05-07,FALSE,-7,Ballad
64,spotify:track:4UC3NBjtqbYcqPqRq1s57D,Lyly,24h,WM Vietnam,47,52,51,296751,2026-05-07,FALSE,-12,Ballad
65,spotify:track:1r9gNSD1WUFscqTSA2Rcet,MAYDAYs,Hẹn Lần Sau,Universal Music Indochina Distributed Labels,13,64,20,293928,2026-05-07,FALSE,-1,Indie/Alternative
66,spotify:track:4QNH4OjJ9W10afDYAHi03I,HIEUTHUHAI,Anh Nên Đi Khỏi Đây,M Music Records,36,36,2,291023,2026-05-07,FALSE,-30,Rap/Hip-hop
67,spotify:track:39KWnPNEvbXt423CzjvBfA,SOOBIN,Anh Đã Quen Với Cô Đơn,WM Vietnam,40,79,77,290698,2026-05-07,FALSE,12,Ballad
68,spotify:track:0e6fZkLArSmDIHnZcIua7t,"Vũ., Low G",Không Yêu Em Thì Yêu Ai?,WM Vietnam,19,63,84,290559,2026-05-07,FALSE,-5,Indie/Alternative
69,spotify:track:2uZmeuNAxSm7XfVIwLkhCx,Ronboogz,nhắn nhủ,MaiDao Music,14,75,125,288798,2026-05-07,FALSE,6,Indie/Alternative
70,spotify:track:25h0TqC9H3BcMA7KjK5nHK,"GREY D, tlinh",vaicaunoicokhiennguoithaydoi,Umusic Vietnam Co. Ltd. Distributed Labels,2,61,203,288722,2026-05-07,FALSE,-9,R&B/Soul
71,spotify:track:4qJSUFwZFouto5VZUlln75,"tlinh, Trung Trần",Thích Quá Rùi Nà,Universal Music Indochina Distributed Labels,34,99,294,285918,2026-05-07,FALSE,28,R&B/Soul
72,spotify:track:6epn3r7S14KUqlReYr77hA,"Justin Bieber, Ludacris",Baby,RBMG/Def Jam,27,41,4,285836,2026-05-07,FALSE,-31,Pop
73,spotify:track:5SzJs9cwYXdSm9G3xcXuA2,Phùng Khánh Linh,Hôm Nay Tôi Buồn,BLACK SWAN LABEL LLC.,13,73,158,285366,2026-05-07,FALSE,0,Ballad
74,spotify:track:1xoadYaxtOp9gHDwgmPDuz,"JSOL, Hoàng Duyên",Sài Gòn Hôm Nay Mưa,Universal Music Indochina,3,77,258,284357,2026-05-07,FALSE,3,Ballad
75,spotify:track:36fgG6NiEuQXznNgf5y2Ck,"T.R.I, Dangrangto, DONAL",một bài hát không vui mấy - Extended Version,Umusic Vietnam Co. Ltd. Distributed Labels,26,78,70,283954,2026-05-07,FALSE,3,Ballad
76,spotify:track:2Pwou3Q2Cf59RxdX2V6MgV,Shiki,Có Đôi Điều,12 trái lê,10,66,71,283224,2026-05-07,FALSE,-10,Rap/Hip-hop
77,spotify:track:1o6cYDMHvKOfizi4d9Lqxr,W/N,id 072019,Universal Music Indochina Distributed Labels,3,82,145,276870,2026-05-07,FALSE,5,Pop
78,spotify:track:2dPJtlvoa3GDowCh035M8P,Vũ.,Nếu Những Tiếc Nuối,WM Vietnam,33,72,55,276630,2026-05-07,FALSE,-6,Indie/Alternative
79,spotify:track:3dCdcURa0Kk5UWXRY00HQy,CORTIS,Wassup,Republic Records – CORTIS,79,-1,1,273203,2026-05-07,TRUE,NaN,Pop
80,spotify:track:226ljdOTLM2clGpm4mZvAm,Dangrangto,Love is,MaiDao Music,10,74,80,271141,2026-05-07,FALSE,-6,Indie/Alternative
81,spotify:track:5BTzf3doGTigDIYUFtbkI9,"Emcee L (Da LAB), Da LAB, Badbies",Sinh Ra Đã Là Thứ Đối Lập Nhau (feat. Badbies),Yin Yang Media,5,68,280,271029,2026-05-07,FALSE,-13,Ballad
82,spotify:track:6OWWZtNQORY1McaZmOrwhc,CORTIS,GO!,Republic Records – CORTIS,82,87,24,262439,2026-05-07,FALSE,5,Pop
83,spotify:track:0s7RyyUlQfd8mnnboHe18n,"MANBO, HIEUTHUHAI, HURRYKNG",Hẹn Gặp Em Dưới Ánh Trăng,Gerdnang,20,69,112,262149,2026-05-07,FALSE,-14,Rap/Hip-hop
84,spotify:track:3P3rcI48wwVEgxF5vPM6pG,Sơn Tùng M-TP,Buông Đôi Tay Nhau Ra,Umusic Vietnam Co. Ltd. Distributed Labels,7,97,147,259415,2026-05-07,FALSE,13,Ballad
85,spotify:track:3A9A7mfVDVm3rrS9SMGhg5,Kha,Hư không,MaiDao Music,22,76,121,258336,2026-05-07,FALSE,-9,Ballad
86,spotify:track:31VNCmwspR7nVJ6kruUuJt,Sơn Tùng M-TP,Đừng Làm Trái Tim Anh Đau,Umusic Vietnam Co. Ltd. Distributed Labels,1,92,100,257173,2026-05-07,FALSE,6,Pop
87,spotify:track:2vKNzC9T3kdU2JECcvob3V,CORTIS,YOUNGCREATORCREW,Republic Records – CORTIS,87,-1,1,255330,2026-05-07,TRUE,NaN,Pop
88,spotify:track:1mtmvJjTchdqDCoJbFv1Op,"OgeNus, Dangrangto",Tuyển Bạn Gái,Universal Music Indochina Distributed Labels,40,67,4,252345,2026-05-07,FALSE,-21,Rap/Hip-hop
89,spotify:track:66v7AvDs5gZfmkJgFMMtHL,"Công Dương, Nguyễn Lâm Thảo Tâm, 30 Pictures",A Little Dream Of Me,+84 Vietnam New Wave,22,120,9,251327,2026-05-07,FALSE,31,Khác
90,spotify:track:4ecdsGz3Hg6TKPwQ0ZOdJz,CORTIS,FaSHioN,Republic Records – CORTIS,90,90,22,251239,2026-05-07,FALSE,0,Pop
91,spotify:track:2w7jOvl0kpplNxisgfnCdT,"Đức Trường, BMZ",Nếu Biết Đó Là Lần Cuối,BMZ,47,93,35,249874,2026-05-07,FALSE,2,Ballad
92,spotify:track:2rKkfc4VZ74FQDc1FF1Zo6,BTS,Body to Body,BIGHIT MUSIC,5,113,7,249733,2026-05-07,FALSE,21,Pop
93,spotify:track:5XfGQZA0ioQAWUjlyJRcHc,"Shiki, Obito",1000 Ánh Mắt,12 trái lê,8,81,97,248868,2026-05-07,FALSE,-12,Rap/Hip-hop
94,spotify:track:7q1qYSyRkGT4ZaCc2ZQihP,"Hoàng Tôn, Koo",Em Còn Nhớ Anh Không - Remastered,Hoàng Tôn,69,107,56,247856,2026-05-07,FALSE,13,Ballad
95,spotify:track:5VGOYjxkEaf19LoRPIolD2,"The Wind, Dangrangto",Anh Muốn Nhìn Thấy Em,M Music Records,77,144,73,247489,2026-05-07,FALSE,49,Indie/Alternative
96,spotify:track:3CmacJj7VC4W6daC8BWd0h,Dương Domic,Mất Kết Nối,DAO Entertainment,2,85,76,245030,2026-05-07,FALSE,-11,R&B/Soul
97,spotify:track:5ouxRyInSdRBQubu3KTd97,"tlinh, 2Pillz",nếu lúc đó,M Music Records,1,94,166,244728,2026-05-07,FALSE,-3,R&B/Soul
98,spotify:track:0JKEP4dB1riE6l7Kq5kJm1,Chillies,Em Đừng Khóc,WM Vietnam,3,102,65,242139,2026-05-07,FALSE,4,Indie/Alternative
99,spotify:track:6jcLKVmEKAQIXIVHJZ8vzS,"MONSTAR, GREY D, NICKY, VƯƠNG BÌNH",tình yêu chậm trễ,Yin Yang Media,46,98,177,241310,2026-05-07,FALSE,-1,R&B/Soul
100,spotify:track:27F22WcGDyl4Z2KylVJkXL,buitruonglinh,Đường Tôi Chở Em Về,Universal Music Indochina Distributed Labels,14,96,184,240257,2026-05-07,FALSE,-4,Indie/Alternative
101,spotify:track:1hPbWyZnUPaeAWbOSKwkXJ,Quang Đăng Trần,Anh Đã Không Biết Cách Yêu Em,338ENT,9,91,40,240092,2026-05-07,FALSE,-10,Ballad
102,spotify:track:6Q2oEdOhRjZ1DTv2a7j0lN,"PC, Dick, tofutns",Ghé Qua,12 trái lê,61,89,294,239322,2026-05-07,FALSE,-13,Rap/Hip-hop
103,spotify:track:54PbBpquVfhfrwRwvjSXbI,"Charlie Puth, Selena Gomez",We Don't Talk Anymore (feat. Selena Gomez),Artist Partner,71,83,284,236895,2026-05-07,FALSE,-20,R&B/Soul
104,spotify:track:43zzuEWDotRcKlSFzrlJqs,Đạt G,Thêm Bao Nhiêu Lâu,12 trái lê,97,101,52,236709,2026-05-07,FALSE,-3,Ballad
105,spotify:track:4wD6v7xAl1Hhfl2rli4q0n,"HIEUTHUHAI, Hustlang Robber",Vacheron Louie V,M Music Records,49,49,2,234738,2026-05-07,FALSE,-56,Rap/Hip-hop
106,spotify:track:2ZBi1KpCR0grEWRNgySqwg,Hngle,Buông,Sony Music Entertainment,17,84,12,232333,2026-05-07,FALSE,-22,Ballad
107,spotify:track:1i5SZL7Ngz0sYFaKmwieyw,"Quang Hùng MasterD, Low G, Hino",Chất Gây Hại,M Music Records,16,116,20,230449,2026-05-07,FALSE,9,Rap/Hip-hop
108,spotify:track:0eAuGrXyGFYwur9ARUe7LJ,Malcolm Todd,Earrings,Columbia,108,150,2,229997,2026-05-07,FALSE,42,R&B/Soul
109,spotify:track:4CVxKSRLUxqUuj2z9vn4fS,SOOBIN,Xin Đừng Lặng Im,"HONG AN ENTERTAIMENT,.JSC",37,117,50,228479,2026-05-07,FALSE,8,Ballad
110,spotify:track:6D94p9ASguBcYlDC0o56vx,HIEUTHUHAI,NOLOVENOLIFE,M Music Records,24,111,134,228255,2026-05-07,FALSE,1,Rap/Hip-hop
111,spotify:track:1J3SmWwlYAG68LGKr86MVH,Sơn Tùng M-TP,Chúng Ta Của Hiện Tại,Umusic Vietnam Co. Ltd. Distributed Labels,1,115,281,226981,2026-05-07,FALSE,4,Pop
112,spotify:track:0SmQ0UWeiHKQtxUej4Rem6,SOOBIN,Tháng Năm,Spacespeakers,6,132,181,226947,2026-05-07,FALSE,20,Pop
113,spotify:track:2pBZoglJzsRk4UeVey8n0k,Việt Anh,Ngày Này Năm Ấy,338ENT,17,100,39,226241,2026-05-07,FALSE,-13,Ballad
114,spotify:track:2o4dDfLK6NVI7TjBm5VoMv,"Lou Hoàng, Miu Lê",Yêu Một Người Có Lẽ,Onlyc Entertainment,33,112,220,225217,2026-05-07,FALSE,-2,Pop
115,spotify:track:5u5AsK8JLgkr154QHZjJqh,"ANH TRAI ""SAY HI"", VCT, Karik, Negav, Ngô Kiến Huy, Jey B",NGƯỜI NHƯ ANH XỨNG ĐÁNG CÔ ĐƠN,Universal Music Indochina Distributed Labels,3,128,32,223995,2026-05-07,FALSE,13,Rap/Hip-hop
116,spotify:track:1J12HjUuXfJnaUdubTEzSR,HIEUTHUHAI,Nghe Như Tình Yêu,M Music Records,35,104,242,223534,2026-05-07,FALSE,-12,R&B/Soul
117,spotify:track:1FUdEz4fX1DxPcVAARlu6A,GREY D,yêu em như…,Umusic Vietnam Co. Ltd. Distributed Labels,13,86,6,222608,2026-05-07,FALSE,-31,R&B/Soul
118,spotify:track:6E3P4uOfKHYXJLK6Q3s0Tj,"JustaTee, Binz",Cơn Mưa Cuối,NGUYEN THANH TUAN,86,106,27,219536,2026-05-07,FALSE,-12,Rap/Hip-hop
119,spotify:track:0oL2jCTf9P9a7flY5mCpYu,"Wxrdie, JustaTee",Trở Về,Universal Music Indochina Distributed Labels,54,124,62,218626,2026-05-07,FALSE,5,Rap/Hip-hop
120,spotify:track:7HoAJ6Hc1P91eoOrn1WY5d,"Đức Trường, BMZ, Kun",Đáng Lý Ra Phải Là Anh,BMZ,90,146,21,217758,2026-05-07,FALSE,26,Ballad
121,spotify:track:0KA8tBqZ81mBe2po59GK5j,Đỗ Hoàng Long,Trạng Thái Mộng Mơ,Umusic Vietnam Co. Ltd. Distributed Labels,92,110,11,216766,2026-05-07,FALSE,-11,Indie/Alternative
122,spotify:track:1UQNU5O9VttUgO16pxUnjw,"Obito, Shiki, RPT MCK",Đánh Đổi,12 trái lê,7,103,135,215649,2026-05-07,FALSE,-19,Rap/Hip-hop
123,spotify:track:7fCeYpR02Q8JVuD88hJZVT,"Da LAB, Minh Tốc & Lam",Bầu Trời Mới,Universal Music Indochina Distributed Labels,8,127,83,213965,2026-05-07,FALSE,4,Indie/Alternative
124,spotify:track:3bmpXHVie1GTy37OkXJ7Vc,BTS,2.0,BIGHIT MUSIC,11,156,7,213205,2026-05-07,FALSE,32,Rap/Hip-hop
125,spotify:track:4Iz5EWPCAT8jYNk4IpLoll,buitruonglinh,Dù Cho Mai Về Sau,Yin Yang Media,10,118,267,210966,2026-05-07,FALSE,-7,Indie/Alternative
126,spotify:track:12DNdwLD9oZOPADqM10oyE,"Fishy, Trí Dũng",Forget Me Now,LOOPS Music,126,138,40,209339,2026-05-07,FALSE,12,R&B/Soul
127,spotify:track:6TGwaBlfUGVoeZMBLzvXGP,"Dangrangto, DONAL",thế giới của anh,Higher Dimension,50,134,14,209331,2026-05-07,FALSE,7,Indie/Alternative
128,spotify:track:20dAJsyno9ZoBLJtqgQnUI,BTS,Hooligan,BIGHIT MUSIC,8,162,7,207319,2026-05-07,FALSE,34,Pop
129,spotify:track:3COYA2vgfcUhDyRlVpZy5p,"tlinh, Low G",PHÓNG ZÌN ZÌN,M Music Records,4,157,85,206688,2026-05-07,FALSE,28,Rap/Hip-hop
130,spotify:track:3gLRyMbg5nWLcuKD46Uz72,Phương Ly,Anh Là Ai,PHUONG LY,109,147,32,203021,2026-05-07,FALSE,17,Pop
131,spotify:track:0aPZbnkMoWJaJ5CNVLCj8S,Justin Bieber,That Should Be Me,RBMG/Def Jam,53,88,4,202319,2026-05-07,FALSE,-43,Ballad
132,spotify:track:5Bti0azlFhMattVY76qFr9,Vũ.,Lạ Lùng,WM Vietnam,17,140,422,201997,2026-05-07,FALSE,8,Indie/Alternative
133,spotify:track:51bYFYWODfYOZU0rwvjiCc,"Binz, Đen",Cho Mình Em,Spacespeakers,32,123,128,201465,2026-05-07,FALSE,-10,Rap/Hip-hop
134,spotify:track:4TyQKEifYDWTfTSRwpxlYI,Quân A.P,Bông Hoa Đẹp Nhất,Great Entertainment,32,141,123,200937,2026-05-07,FALSE,7,Ballad
135,spotify:track:3b34161QoxLwsqhWSPy9i5,Da LAB,Thanh Xuân,Sony Music Entertainment,1,131,399,200673,2026-05-07,FALSE,-4,Indie/Alternative
136,spotify:track:2GE2p2dFpxp7OIz2QOFBzW,"ANH TRAI ""SAY HI"", HURRYKNG, HIEUTHUHAI, Negav, Pháp Kiều, Isaac","KIM PHÚT, KIM GIỜ (feat. HURRYKNG, HIEUTHUHAI, Negav, Pháp Kiều & Isaac)",Anh Trai Say Hi,5,125,80,200265,2026-05-07,FALSE,-11,Rap/Hip-hop
137,spotify:track:3rAcN3CLeSrkhIZN8PHbwb,CORTIS,What You Want,Republic Records – CORTIS,114,114,2,199868,2026-05-07,FALSE,-23,Pop
138,spotify:track:0pavLg3wbL6PVXAgXoWv4S,"24k.Right, Ngắn, Hipz",Một Nửa Sự Thật,Universal Music Indochina,119,135,5,199397,2026-05-07,FALSE,-3,R&B/Soul
139,spotify:track:3y66li7DIrH7HLKIZzxR5H,Kai Đinh,Lễ Đường,Yin Yang Media,3,169,60,199194,2026-05-07,FALSE,30,Ballad
140,spotify:track:317Lh6QCAz9JpWbV3oxrCf,"Phùng Khánh Linh, Thành Luke",EM ĐAU,BLACK SWAN LABEL LLC.,62,122,17,198477,2026-05-07,FALSE,-18,Ballad
141,spotify:track:2ppLwHSMgDGEQ5c8o6nAX2,Low G,Simp Gái 808,M Music Records,9,185,134,197898,2026-05-07,FALSE,44,Rap/Hip-hop
142,spotify:track:6T17ZI0glfM2IGLdUwtnLK,CORTIS,JoyRide,Republic Records – CORTIS,129,129,2,197828,2026-05-07,FALSE,-13,Pop
143,spotify:track:5PGh9MyKry8slG5AfvD1eD,"Obito, Shiki, VSTRA",Hà Nội,12 trái lê,10,121,135,197382,2026-05-07,FALSE,-22,Rap/Hip-hop
144,spotify:track:2UvqD395dhlJWO0SxHJ89n,"HIEUTHUHAI, HURRYKNG",Đáng Lý Anh Nên Yêu Em Hơn,M Music Records,80,80,2,196396,2026-05-07,FALSE,-64,Rap/Hip-hop
145,spotify:track:7dlgEjrK3lHbP786dshKDV,"ANH TRAI ""SAY HI"", B Ray, AMEE",CHỜ ANH VỀ,Universal Music Indochina Distributed Labels,2,119,22,195259,2026-05-07,FALSE,-26,Rap/Hip-hop
146,spotify:track:5tmA5oQDF0ULqRI12LKCDw,JayKii,Chiều Hôm Ấy,The First Management,95,130,28,194641,2026-05-07,FALSE,-16,Ballad
147,spotify:track:4N99EuIjwSSFFFMDfTeOLU,"buitruonglinh, Vũ Phụng Tiên",Em Không Khóc (feat. Vũ Phụng Tiên),Yin Yang Media,62,151,183,194592,2026-05-07,FALSE,4,Indie/Alternative
148,spotify:track:2FnXZhpEKgIab8vI6t2C7e,"Shiki, Tyronee",Perfect,12 trái lê,74,166,56,193212,2026-05-07,FALSE,18,Rap/Hip-hop
149,spotify:track:5prZw3OHd2UhAq0VBKpqUM,GREY D,mới hôm qua,Umusic Vietnam Co. Ltd. Distributed Labels,34,174,6,192410,2026-05-07,FALSE,25,R&B/Soul
150,spotify:track:1LJyhnPdYGRLerwJd8CmL1,"Vũ., Dear Jane",Những Lời Hứa Bỏ Quên,WM Vietnam,1,133,125,191880,2026-05-07,FALSE,-17,Indie/Alternative
151,spotify:track:5U30iZBlmxkpHqzb1OSnBS,Rhymastic,Yêu 5,WM Vietnam,77,152,222,191546,2026-05-07,FALSE,1,R&B/Soul
152,spotify:track:4D1eaEIisnWCVPMnYuMh7q,白浩贤BlueC,漫步香港1999,腾讯音乐人,13,148,12,190893,2026-05-07,FALSE,-4,Indie/Alternative
153,spotify:track:1GJ3suxtUVaguVQRemw6Zp,Andiez,Suýt Nữa Thì...,MaiDao Music,74,154,165,190830,2026-05-07,FALSE,1,Ballad
154,spotify:track:2uxjHthUJd2A8PmWaUGGsI,"Hoàng Dũng, Hoàng Rob",Chờ Anh Nhé,Lirico Entertainment,99,165,47,190755,2026-05-07,FALSE,11,Indie/Alternative
155,spotify:track:0jHpGB1Xt2kIX0VaPFvStp,"Tùng TeA, PC, TaynguyenSound",Già Cùng Nhau Là Được,12 trái lê,70,187,144,190747,2026-05-07,FALSE,32,Rap/Hip-hop
156,spotify:track:5C3fx9rdM4Bxf1MSOQC4Ym,"Low G, Thắng",An Thần,M Music Records,2,137,237,190022,2026-05-07,FALSE,-19,Rap/Hip-hop
157,spotify:track:4fj4Jn4nw8fGX8xdbCntJf,"CoolKid, RHYDER",Sau Cơn Mưa,MaiDao Music,8,126,140,189851,2026-05-07,FALSE,-31,Rap/Hip-hop
158,spotify:track:5BJqg07SKgmFnVLOBmLFvq,Bùi Anh Tuấn,"Hẹn Một Mai - From"" 4 Năm 2 Chàng 1 Tình Yêu""",1LABEL,109,190,55,189664,2026-05-07,FALSE,32,Ballad
159,spotify:track:25NLn8W1JxuVrXQTVrDA4c,"Dfoxie37, myhoa, Tuann",hello em có khỏe không,Universal Music Indochina Distributed Labels,15,145,23,189591,2026-05-07,FALSE,-14,Pop
160,spotify:track:54UNNgtE3zzERwTuWSQLqd,"MONSTAR, GREY D, VƯƠNG BÌNH",có hẹn với thanh xuân,Yin Yang Media,5,172,173,188502,2026-05-07,FALSE,12,R&B/Soul
161,spotify:track:2n00rcPaXcWfFB9irOKOmh,Ronboogz,Anh Chỉ Muốn,MaiDao Music,76,184,99,186561,2026-05-07,FALSE,23,Indie/Alternative
162,spotify:track:29Tj2R8sZZ3fzlXZVe1OyY,"Dương Domic, Lou Hoàng",Pin Dự Phòng,DAO Entertainment,13,149,44,185623,2026-05-07,FALSE,-13,R&B/Soul
163,spotify:track:170CNv2CAZn8wg6GxvHXYC,"B Ray, AMEE",Ex's Hate Me,B Ray,129,153,27,182474,2026-05-07,FALSE,-10,Rap/Hip-hop
164,spotify:track:7yxogpPUBn4wVEKBgI5c7U,Lil Zpoet,Yêu Từ Đâu Mà Ra,MaiDao Music,143,170,30,182028,2026-05-07,FALSE,6,Pop
165,spotify:track:55K3e7BGewGDUJ4ZQwkh7M,Only C,Người Đáng Thương Là Anh,OnlyC Production,165,171,16,181130,2026-05-07,FALSE,6,Ballad
166,spotify:track:4vfhartd7HDWGJbdVIycEu,Sơn Tùng M-TP,Muộn Rồi Mà Sao Còn,Umusic Vietnam Co. Ltd. Distributed Labels,1,155,263,180813,2026-05-07,FALSE,-11,Pop
167,spotify:track:567e29TDzLwZwfDuEpGTwo,"The Kid LAROI, Justin Bieber",STAY (with Justin Bieber),Columbia,1,105,109,178742,2026-05-07,FALSE,-62,EDM/Dance
168,spotify:track:53zusvCJkyGYjEZ6bnLIjh,Hà Anh Tuấn,Tháng Tư Là Lời Nói Dối Của Em,Yin Yang Media,49,161,60,178125,2026-05-07,FALSE,-7,Ballad
169,spotify:track:6KIhgRkprgyJNERRMu7Quh,MIN,Có Em Chờ,MIN,117,-1,52,177254,2026-05-07,TRUE,NaN,Pop
170,spotify:track:5wYQC7AuxV8ROALWcbVNxc,"Hoàng Dũng, Rhymastic, Lelarec",Giữ Anh Cho Ngày Hôm Qua,Lirico Entertainment,40,-1,30,176961,2026-05-07,TRUE,NaN,Ballad
171,spotify:track:55Eo6NDkVhSRBonrT16kXM,"Cloud 5, Dangrangto",Đến Đây Bên Anh,Yin Yang Media,66,177,57,176838,2026-05-07,FALSE,6,Indie/Alternative
172,spotify:track:1fFvYVg1v3rpUSqKNCUh7b,VCT,Người Bình Thường,Universal Music Indochina Distributed Labels,49,-1,57,176014,2026-05-07,TRUE,NaN,Ballad
173,spotify:track:2RkZ5LkEzeHGRsmDqKwmaJ,Alex Warren,Ordinary,Atlantic Records,38,163,14,175506,2026-05-07,FALSE,-10,Pop
174,spotify:track:33S16Xa5cZmLPhn6eZI4Nm,"52Hz, RIO, WEAN",ĐỢI (feat. WEAN) - SPECIAL VERSION,DAO Entertainment,58,178,93,175449,2026-05-07,FALSE,4,R&B/Soul
175,spotify:track:65st6HfPZyxq1RNTvqSIos,"Wren Evans, itsnk",Thu Đợi,Universal Music Indochina Distributed Labels,6,159,19,174482,2026-05-07,FALSE,-16,R&B/Soul
176,spotify:track:42i1d7gos5WvqZIFWCfE7E,Ngô Lan Hương,"Có công mài ""Sắc""",Ngô Lan Hương Exclusive,85,95,4,173832,2026-05-07,FALSE,-81,Pop
177,spotify:track:1zvL2X6HPrLfvtSY4DpopE,MIN,Em Mới Là Người Yêu Anh,MIN,1,-1,155,173682,2026-05-07,TRUE,NaN,Pop
178,spotify:track:5NULs64MNtA1HnRK9Bedys,"Ánh Sáng AZA, Negav",tâm trí lang thang,DAO Entertainment,11,199,46,172708,2026-05-07,FALSE,21,Rap/Hip-hop
179,spotify:track:7so0lgd0zP2Sbgs2d7a1SZ,"Lady Gaga, Bruno Mars",Die With A Smile,Interscope Records,4,-1,87,170877,2026-05-07,TRUE,NaN,Ballad
180,spotify:track:7CyPwkp0oE8Ro9Dd5CUDjW,"The Weeknd, JENNIE, Lily-Rose Depp","One Of The Girls (with JENNIE, Lily Rose Depp)",XO / Republic Records,11,180,150,169962,2026-05-07,FALSE,0,R&B/Soul
181,spotify:track:4FT18tLTmf3QNBzG5r6OTj,"Đen, Ngọc Linh",Mười Năm (Lộn Xộn 3),Đen,17,179,131,169224,2026-05-07,FALSE,-2,Rap/Hip-hop
182,spotify:track:7jLSThU5Kg1RWt19Leiaxm,"RPT MCK, Trung Trần",Chìm Sâu,abandonh3ll records,1,-1,218,168645,2026-05-07,TRUE,NaN,R&B/Soul
183,spotify:track:6UFvSmKzCZ16fxsybf4PhE,"Nguyễn Trọng Tài, Don Raemo, Double X",HONGKONG1,T2B Media,177,189,10,168603,2026-05-07,FALSE,6,Indie/Alternative
184,spotify:track:5KzRocC5BSxcmR73kP4N1V,HIEUTHUHAI,Đâu Có Ai Nhìn,M Music Records,109,109,2,168138,2026-05-07,FALSE,-75,R&B/Soul
185,spotify:track:5YPU2SdqR2pOsfFs5AW25q,"Rum, NIT",Kém Duyên,Rum,120,-1,6,167974,2026-05-07,TRUE,NaN,Indie/Alternative
186,spotify:track:6hytdEPX4UcGh91gDBUZDv,"Dab, Helinn",Anh Cũng Đâu Có Muốn Tin?,MaiDao Music,147,194,28,167912,2026-05-07,FALSE,8,Pop
187,spotify:track:3H6nzsPNMttEvUl3ai3xN8,Chillies,Vùng Ký Ức,WM Vietnam,1,183,127,167840,2026-05-07,FALSE,-4,Indie/Alternative
188,spotify:track:527UV7H9SbnmTVkxBVg56X,Sơn Tùng M-TP,Chắc Ai Đó Sẽ Về,Umusic Vietnam Co. Ltd. Distributed Labels,126,-1,35,166635,2026-05-07,TRUE,NaN,Pop
189,spotify:track:3f0OEJd7mlPNhmH3fUOrqy,CORTIS,"Mention Me - From The Movie ""GOAT""",Mercury Records,63,167,4,165814,2026-05-07,FALSE,-22,Khác
190,spotify:track:498g7npirihKT5MPdVSfb0,Hoàng Dũng,Phonecert,"CAM, LIRICO",137,173,20,165633,2026-05-07,FALSE,-17,R&B/Soul
191,spotify:track:5kJMW3pK49PvQDtpVryHf5,JustaTee,Forget About Her,Spacespeakers,31,196,38,163650,2026-05-07,FALSE,5,R&B/Soul
192,spotify:track:2kt7udEZmN2kj1Jsl118zY,Wxrdie,0 AI NGHĨ,M Music Records,92,-1,32,163567,2026-05-07,TRUE,NaN,Rap/Hip-hop
193,spotify:track:7AD5F85waSb3yZxZxEXhJM,"Tóc Tiên, Touliver",Có Ai Thương Em Như Anh,Yin Yang Media,20,-1,145,162863,2026-05-07,TRUE,NaN,EDM/Dance
194,spotify:track:7J9l9ebYB3IEs5ea5J1M7a,"Da LAB, Tóc Tiên",Nước Mắt Em Lau Bằng Tình Yêu Mới,MUNIZ MUSIC COMPANY LIMITED,107,158,115,161913,2026-05-07,FALSE,-36,Pop
195,spotify:track:4qYfRfSxsmhJ1WMaywtLyI,"Wren Evans, itsnk",Từng Quen,Universal Music Indochina,1,-1,121,160958,2026-05-07,TRUE,NaN,R&B/Soul
196,spotify:track:1Ipu7wzbc2qM7muqszyiZD,"Solmee, Dyteller, hoangkiet",Tâm sự,Umusic Vietnam Co. Ltd. Distributed Labels,143,175,6,160578,2026-05-07,FALSE,-21,R&B/Soul
197,spotify:track:6uxuJ8Fr1AAfSPJUF9N1yr,Vũ.,Bước Qua Mùa Cô Đơn,WM Vietnam,1,181,270,160527,2026-05-07,FALSE,-16,Indie/Alternative
198,spotify:track:0OB5hTu7ELKeVoD6JVRo6m,"Quân A.P, Hải Đăng Doo",Thiên Mệnh,Umusic Vietnam Co. Ltd. Distributed Labels,96,-1,7,159792,2026-05-07,TRUE,NaN,Pop
199,spotify:track:0bAmqokpYHnFWAHpzqDOxB,"Ân ngờ, Suzie MK, Zer Nguyễn",Nghe kể năm 90s,M Music Records,99,-1,18,159528,2026-05-07,TRUE,NaN,Indie/Alternative
200,spotify:track:5cF0dROlMOK5uNZtivgu50,Charlie Puth,Attention,Artist Partner,21,176,200,159236,2026-05-07,FALSE,-24,R&B/Soul
1,spotify:track:2HRgqmZQC0MC7GeNuDIXHN,"Jung Kook, Latto",Seven (feat. Latto) (Explicit Ver.),BIGHIT MUSIC,1,1,148,2356524,2026-05-14,FALSE,0,Pop
2,spotify:track:68lbSrXDORS51pmyjZv712,BTS,SWIM,BIGHIT MUSIC,1,2,8,2099028,2026-05-14,FALSE,0,Pop
3,spotify:track:1ApIGNgp1azc0qB61x4GzG,"Hngle, Ari",Không Buông,Umusic Vietnam Co. Ltd. Distributed Labels,2,4,36,840024,2026-05-14,FALSE,1,Pop
4,spotify:track:5xVCfx47vCXuLdpfbepqEo,HIEUTHUHAI,Người Im Lặng Gặp Người Hay Nói,M Music Records,2,3,10,818203,2026-05-14,FALSE,-1,Rap/Hip-hop
5,spotify:track:2KslE17cAJNHTsI2MI0jb2,Jung Kook,Standing Next to You,BIGHIT MUSIC,1,6,131,779147,2026-05-14,FALSE,1,Pop
6,spotify:track:2fCwv2ppU5nTRTckomIGsd,CORTIS,REDRED,Republic Records – CORTIS,5,5,4,706094,2026-05-14,FALSE,-1,Pop
7,spotify:track:7uUuftbcr94tzGOCJSM25u,"Low G, JustaTee",In Love,M Music Records,2,8,29,670536,2026-05-14,FALSE,1,Rap/Hip-hop
8,spotify:track:4nXrVH5xwN1w6TpmP7uu8n,"HIEUTHUHAI, marzuz",Exit Sign,M Music Records,4,9,135,658281,2026-05-14,FALSE,1,Rap/Hip-hop
9,spotify:track:73RcFjiDtStfP3GCW44vJu,"Minh Huy, Pinny",Ngày Rời Chuyến Bay,12 trái lê,9,10,6,654543,2026-05-14,FALSE,1,Ballad
10,spotify:track:6Qwl74olNi1rl65FNxG5We,"marzuz, Changg",Và Thế Giới Đã Mất Đi Một Người Cô Đơn,Universal Music Indochina,7,7,25,602143,2026-05-14,FALSE,-3,Ballad
11,spotify:track:7bFFUPBiF15n8m8RziqS4o,GREY D,dự báo thời tiết hôm nay mưa,Umusic Vietnam Co. Ltd. Distributed Labels,7,13,182,593437,2026-05-14,FALSE,2,R&B/Soul
12,spotify:track:0NyrI1tMvqcK3vU5z9DMdI,JustaTee,She Neva Knows,NGUYEN THANH TUAN,12,15,15,512446,2026-05-14,FALSE,3,R&B/Soul
13,spotify:track:5KYv3kORBKUmVEoqbRRWxt,"Bảo Anh, Táo",Từng Là Của Nhau,Yin Yang Media,7,11,36,509861,2026-05-14,FALSE,-2,Ballad
14,spotify:track:2a5hng9yXtbjtTVVm9UviC,VCT,Mơ,Universal Music Indochina Distributed Labels,6,16,194,505039,2026-05-14,FALSE,2,Pop
15,spotify:track:6QFCMUUq1T2Vf5sFUXcuQ7,"Justin Bieber, Nicki Minaj",Beauty And A Beat,RBMG/Def Jam,9,12,5,475448,2026-05-14,FALSE,-3,EDM/Dance
16,spotify:track:42AOwjuMmIN1ioyyWB60Lw,GREY D,hoá ra…,Umusic Vietnam Co. Ltd. Distributed Labels,5,14,7,472440,2026-05-14,FALSE,-2,R&B/Soul
17,spotify:track:6GM4ZOBDcDroldUxI8GZ2B,"VSTRA, Tyronee",Ai Ngoài Anh,CDSL,2,18,19,471463,2026-05-14,FALSE,1,R&B/Soul
18,spotify:track:2wZAvkgiOE5tyrnqhB69KA,Sơn Tùng M-TP,Âm Thầm Bên Em,Umusic Vietnam Co. Ltd. Distributed Labels,9,20,290,459886,2026-05-14,FALSE,2,Ballad
19,spotify:track:4BdB08vuS9r4HOoY7GkAxT,SOOBIN,Nếu Ngày Ấy,SS LABEL,18,22,73,440972,2026-05-14,FALSE,3,Ballad
20,spotify:track:41DlPJXKTCypXdf2eSqa03,"Vũ., Binz",bình yên,WM Vietnam,4,24,89,439371,2026-05-14,FALSE,4,Rap/Hip-hop
21,spotify:track:5cn5oHiXJTLiuthgbgfkMh,VCT,Vết Mưa,Universal Music Indochina Distributed Labels,19,21,114,437071,2026-05-14,FALSE,0,Ballad
22,spotify:track:1K0HQ30Wc11okzlcnFA7Ub,HIEUTHUHAI,Không Thể Say,M Music Records,7,17,160,433539,2026-05-14,FALSE,-5,Rap/Hip-hop
23,spotify:track:0t8g66pWghsU8MphjUQIdg,"Phùng Khánh Linh, 30 Pictures",Cảm Ơn Người Đã Thức Cùng Tôi,+84 Vietnam New Wave,5,19,12,429909,2026-05-14,FALSE,-4,Ballad
24,spotify:track:6kCU6i8iRrAAmJJ8Sj4JYC,"Shartnuss, Phankeo, Tr.D",Nắng có mang em về,MaiDao Music,4,25,118,417893,2026-05-14,FALSE,1,Indie/Alternative
25,spotify:track:7Ldcvhcl4Xj4eOTSWpZus5,CORTIS,ACAI,Republic Records – CORTIS,25,51,2,409185,2026-05-14,FALSE,26,Pop
26,spotify:track:6Zoi4ue74UdUeYmHXItXnf,"B Ray, V#",Vùng An Toàn,MIXUS,3,32,45,406665,2026-05-14,FALSE,6,Rap/Hip-hop
27,spotify:track:7diH1qnFziArYzynk3vkr6,CORTIS,TNT,Republic Records – CORTIS,27,50,2,405944,2026-05-14,FALSE,23,Pop
28,spotify:track:3T7XHOdRcyhKU3QCB6kZG3,"MIN, Dangrangto, antransax",chẳng phải tình đầu sao đau đến thế,WM Vietnam,2,28,29,381271,2026-05-14,FALSE,0,Indie/Alternative
29,spotify:track:6mKMGpkgP2cH5gmqILWe7b,Fishy,vết thương,LOOPS Music,15,30,52,377855,2026-05-14,FALSE,1,Ballad
30,spotify:track:6GUKRhIsWxA7VuZW8MKQLG,Dương Domic,Không Thời Gian,DAO Entertainment,2,35,34,375449,2026-05-14,FALSE,5,R&B/Soul
31,spotify:track:11T61UpoNbbcewOMl1kcWN,NHONHO,Dạo Bước HongKong 1999,NHONHO,5,27,7,364809,2026-05-14,FALSE,-4,Indie/Alternative
32,spotify:track:3Ids3RXurYBgySph53qWnB,buitruonglinh,Từng Ngày Yêu Em,LOOPS Music,9,36,71,364659,2026-05-14,FALSE,4,Indie/Alternative
33,spotify:track:3dbfL7nHOZlM4adzLHNnB3,"Juky San, buitruonglinh",Người Đầu Tiên,DAO Entertainment,2,42,28,364113,2026-05-14,FALSE,9,Ballad
34,spotify:track:4CUvVaAYuXtvYURLFz7EIL,"Emcee L (Da LAB), Da LAB, Muộii (Starry Night)",Chuyện Đôi Ta (feat. Muộii),Yin Yang Media,3,38,232,363974,2026-05-14,FALSE,4,Ballad
35,spotify:track:5WkuMbkHX7yR7nnBKCn7tV,RIO,vạn vật như muốn ta bên nhau,DAO Entertainment,6,49,57,361538,2026-05-14,FALSE,14,Indie/Alternative
36,spotify:track:6n2xOcqQrNOY0IfgATSwWs,"Puppy, Dangrangto",Wrong Times,MaiDao Music,3,29,132,361405,2026-05-14,FALSE,-7,Indie/Alternative
37,spotify:track:27Z9T0mSWHYWSj9SNOGvyt,"JustaTee, Phương Ly",Thằng Điên,NGUYEN THANH TUAN,2,37,197,361195,2026-05-14,FALSE,0,R&B/Soul
38,spotify:track:6Hs2xIgB8nzyGFDvVA8lFa,"Madihu, Low G",Có Em,NGUYEN CHI PHONG,4,44,212,356766,2026-05-14,FALSE,6,Rap/Hip-hop
39,spotify:track:0fGJiHH6xSUJU1MAVjxq5m,"Karik, GDucky",Bạn Đời,WM Vietnam,5,31,137,354021,2026-05-14,FALSE,-8,Rap/Hip-hop
40,spotify:track:3x7Hh3zsE1wcXCU2G8l5tP,SOOBIN,DANCING IN THE DARK,SS LABEL,3,43,61,352906,2026-05-14,FALSE,3,EDM/Dance
41,spotify:track:3J3nv18iIrOhca1ZWNeuyW,JustaTee,Đã Lỡ Yêu Em Nhiều,NGUYEN THANH TUAN,36,45,171,350574,2026-05-14,FALSE,4,Ballad
42,spotify:track:5tdz7T4hTxA1ipJMBe24uX,AMEE,"ex's hate me, Pt.2",Yin Yang Media,13,39,186,349481,2026-05-14,FALSE,-3,Pop
43,spotify:track:3DLtPObflLQBodZN8qGODT,"JustaTee, BigDaddy",2AM,WM Vietnam,18,34,211,345859,2026-05-14,FALSE,-9,R&B/Soul
44,spotify:track:4gaxEUZE4z9pJAVTSFwgQI,"14 Casper, Bon Nghiêm, buitruonglinh",một đời,DANDERLÉON,14,33,111,345521,2026-05-14,FALSE,-11,Indie/Alternative
45,spotify:track:0hB27T4dy9qBUcZabsrLOj,HIEUTHUHAI,Dạo Gần Đây Anh Thấy Anh Không Bằng Ai Hết,M Music Records,16,26,3,343067,2026-05-14,FALSE,-19,Rap/Hip-hop
46,spotify:track:5rSAUmbOg4giDrM29vUyHe,Sơn Tùng M-TP,Nơi Này Có Anh,Umusic Vietnam Co. Ltd. Distributed Labels,5,48,362,340561,2026-05-14,FALSE,2,Pop
47,spotify:track:6lRlM6bClcoOBLQi0zfA34,"HIEUTHUHAI, Hoàng Tôn",Chờ Tới Khi Anh Về,M Music Records,23,23,3,337132,2026-05-14,FALSE,-24,R&B/Soul
48,spotify:track:6VXVYATpQXEIoZ97NnWCmn,"Madihu, Vũ.",Vì Anh Đâu Có Biết,WM Vietnam,2,63,197,334086,2026-05-14,FALSE,15,Ballad
49,spotify:track:4MCP9l0QB9YN2LCkIy8mz4,Obito,Dạo Này,12 trái lê,8,54,20,326846,2026-05-14,FALSE,5,Rap/Hip-hop
50,spotify:track:58ZlEBxBrzISXtmcOPo476,SOOBIN,giá như,SS LABEL,13,60,109,324746,2026-05-14,FALSE,10,Ballad
51,spotify:track:4nyoalDFgUaZOzIKqj3aS5,"Đặng Vĩnh Thịnh, BMZ, Nguyễn Trung Đức",Ngàn Năm Ánh Sáng,BMZ JSC,5,41,40,320392,2026-05-14,FALSE,-10,Ballad
52,spotify:track:1DVYafsLmcQySKkJnY4RCs,"MAYDAYs, Minh Tốc & Lam",Phép Màu - Đàn Cá Gỗ Original Soundtrack,Universal Music Indochina Distributed Labels,2,47,63,319350,2026-05-14,FALSE,-5,Khác
53,spotify:track:3VkV6L37ub0rtuYQoawAqz,Lil Zpoet,Tình Mình Lạ Kì,LiL Z Poet,45,46,15,316649,2026-05-14,FALSE,-7,Ballad
54,spotify:track:7mblTCdc14ylJ1JW71MODb,buitruonglinh,Giờ Thì,LOOPS Music,11,53,74,313731,2026-05-14,FALSE,-1,Indie/Alternative
55,spotify:track:3vSmjbKFByNM6l31NmFlmB,"GREY D, MIN",đôi mắt kẻ tình si,Umusic Vietnam Co. Ltd. Distributed Labels,12,57,7,307308,2026-05-14,FALSE,2,R&B/Soul
56,spotify:track:1MiJk3dXC5jzhvLFP0dUM7,Da LAB,Thức Giấc,Yin Yang Media,1,61,253,305232,2026-05-14,FALSE,5,Pop
57,spotify:track:01qFKNWq73UfEslI0GvumE,"Jung Kook, Jack Harlow",3D (feat. Jack Harlow),BIGHIT MUSIC,2,55,136,304308,2026-05-14,FALSE,-2,Pop
58,spotify:track:2vKNzC9T3kdU2JECcvob3V,CORTIS,YOUNGCREATORCREW,Republic Records – CORTIS,58,87,2,303344,2026-05-14,FALSE,29,Pop
59,spotify:track:4UC3NBjtqbYcqPqRq1s57D,Lyly,24h,WM Vietnam,47,64,52,302391,2026-05-14,FALSE,5,Ballad
60,spotify:track:5u5AsK8JLgkr154QHZjJqh,"ANH TRAI ""SAY HI"", VCT, Karik, Negav, Ngô Kiến Huy, Jey B",NGƯỜI NHƯ ANH XỨNG ĐÁNG CÔ ĐƠN,Universal Music Indochina Distributed Labels,3,115,33,300124,2026-05-14,FALSE,55,Rap/Hip-hop
61,spotify:track:4qJSUFwZFouto5VZUlln75,"tlinh, Trung Trần",Thích Quá Rùi Nà,Universal Music Indochina Distributed Labels,34,71,295,299821,2026-05-14,FALSE,10,R&B/Soul
62,spotify:track:0e6fZkLArSmDIHnZcIua7t,"Vũ., Low G",Không Yêu Em Thì Yêu Ai?,WM Vietnam,19,68,85,295924,2026-05-14,FALSE,6,Indie/Alternative
63,spotify:track:2pm7K14nHj2fLrpU8j9bit,PC,10 Ngàn Năm,12 trái lê,27,62,205,295784,2026-05-14,FALSE,-1,Rap/Hip-hop
64,spotify:track:1VyXprVXZYNGWWZf1u4JfN,CORTIS,Blue Lips,Republic Records – CORTIS,59,59,2,289118,2026-05-14,FALSE,-5,Pop
65,spotify:track:3ET3xHCLMGd57u06A9RjJ0,Ronboogz,Nói Dối,MaiDao Music,3,56,132,288716,2026-05-14,FALSE,-9,Indie/Alternative
66,spotify:track:3dCdcURa0Kk5UWXRY00HQy,CORTIS,Wassup,Republic Records – CORTIS,66,79,2,286751,2026-05-14,FALSE,13,Pop
67,spotify:track:6ag0c7tBr3PIqPb00C2rK4,"VCT, Negav, Jey B, Ngô Kiến Huy",NGƯỜI NHƯ ANH XỨNG ĐÁNG CÔ ĐƠN - KHÔNG ĐAU NỮA RỒI,VIE NETWORK CORPORATION / ADA,45,58,11,283026,2026-05-14,FALSE,-9,Rap/Hip-hop
68,spotify:track:2o4dDfLK6NVI7TjBm5VoMv,"Lou Hoàng, Miu Lê",Yêu Một Người Có Lẽ,Onlyc Entertainment,33,114,221,281663,2026-05-14,FALSE,46,Pop
69,spotify:track:2rKkfc4VZ74FQDc1FF1Zo6,BTS,Body to Body,BIGHIT MUSIC,5,92,8,280926,2026-05-14,FALSE,23,Pop
70,spotify:track:39KWnPNEvbXt423CzjvBfA,SOOBIN,Anh Đã Quen Với Cô Đơn,WM Vietnam,40,67,78,280341,2026-05-14,FALSE,-3,Ballad
71,spotify:track:25h0TqC9H3BcMA7KjK5nHK,"GREY D, tlinh",vaicaunoicokhiennguoithaydoi,Umusic Vietnam Co. Ltd. Distributed Labels,2,70,204,278073,2026-05-14,FALSE,-1,R&B/Soul
72,spotify:track:5SzJs9cwYXdSm9G3xcXuA2,Phùng Khánh Linh,Hôm Nay Tôi Buồn,BLACK SWAN LABEL LLC.,13,73,159,274507,2026-05-14,FALSE,1,Ballad
73,spotify:track:6rEWOmyRZwZ4Aouth1YBSX,B Ray,Tệ Hại Và Xấu Xí,Great Entertainment/Sony Music,73,-1,1,270776,2026-05-14,TRUE,NaN,Rap/Hip-hop
74,spotify:track:1r9gNSD1WUFscqTSA2Rcet,MAYDAYs,Hẹn Lần Sau,Universal Music Indochina Distributed Labels,13,65,21,270774,2026-05-14,FALSE,-9,Indie/Alternative
75,spotify:track:2dPJtlvoa3GDowCh035M8P,Vũ.,Nếu Những Tiếc Nuối,WM Vietnam,33,78,56,269291,2026-05-14,FALSE,3,Indie/Alternative
76,spotify:track:66v7AvDs5gZfmkJgFMMtHL,"Công Dương, Nguyễn Lâm Thảo Tâm, 30 Pictures",A Little Dream Of Me,+84 Vietnam New Wave,22,89,10,269121,2026-05-14,FALSE,13,Khác
77,spotify:track:31VNCmwspR7nVJ6kruUuJt,Sơn Tùng M-TP,Đừng Làm Trái Tim Anh Đau,Umusic Vietnam Co. Ltd. Distributed Labels,1,86,101,268199,2026-05-14,FALSE,9,Pop
78,spotify:track:3P3rcI48wwVEgxF5vPM6pG,Sơn Tùng M-TP,Buông Đôi Tay Nhau Ra,Umusic Vietnam Co. Ltd. Distributed Labels,7,84,148,266935,2026-05-14,FALSE,6,Ballad
79,spotify:track:36fgG6NiEuQXznNgf5y2Ck,"T.R.I, Dangrangto, DONAL",một bài hát không vui mấy - Extended Version,Umusic Vietnam Co. Ltd. Distributed Labels,26,75,71,264617,2026-05-14,FALSE,-4,Ballad
80,spotify:track:5BTzf3doGTigDIYUFtbkI9,"Emcee L (Da LAB), Da LAB, Badbies",Sinh Ra Đã Là Thứ Đối Lập Nhau (feat. Badbies),Yin Yang Media,5,81,281,264469,2026-05-14,FALSE,1,Ballad
81,spotify:track:2Pwou3Q2Cf59RxdX2V6MgV,Shiki,Có Đôi Điều,12 trái lê,10,76,72,261375,2026-05-14,FALSE,-5,Rap/Hip-hop
82,spotify:track:2uZmeuNAxSm7XfVIwLkhCx,Ronboogz,nhắn nhủ,MaiDao Music,14,69,126,259257,2026-05-14,FALSE,-13,Indie/Alternative
83,spotify:track:1o6cYDMHvKOfizi4d9Lqxr,W/N,id 072019,Universal Music Indochina Distributed Labels,3,77,146,255312,2026-05-14,FALSE,-6,Pop
84,spotify:track:6jcLKVmEKAQIXIVHJZ8vzS,"MONSTAR, GREY D, NICKY, VƯƠNG BÌNH",tình yêu chậm trễ,Yin Yang Media,46,99,178,255180,2026-05-14,FALSE,15,R&B/Soul
85,spotify:track:6IxPiUQI4Cd0mL0pBIOjAg,HIEUTHUHAI,Hết Yêu,M Music Records,39,52,3,254950,2026-05-14,FALSE,-33,R&B/Soul
86,spotify:track:5ouxRyInSdRBQubu3KTd97,"tlinh, 2Pillz",nếu lúc đó,M Music Records,1,97,167,253282,2026-05-14,FALSE,11,R&B/Soul
87,spotify:track:1J3SmWwlYAG68LGKr86MVH,Sơn Tùng M-TP,Chúng Ta Của Hiện Tại,Umusic Vietnam Co. Ltd. Distributed Labels,1,111,282,253153,2026-05-14,FALSE,24,Pop
88,spotify:track:1xoadYaxtOp9gHDwgmPDuz,"JSOL, Hoàng Duyên",Sài Gòn Hôm Nay Mưa,Universal Music Indochina,3,74,259,251560,2026-05-14,FALSE,-14,Ballad
89,spotify:track:0s7RyyUlQfd8mnnboHe18n,"MANBO, HIEUTHUHAI, HURRYKNG",Hẹn Gặp Em Dưới Ánh Trăng,Gerdnang,20,83,113,249085,2026-05-14,FALSE,-6,Rap/Hip-hop
90,spotify:track:27F22WcGDyl4Z2KylVJkXL,buitruonglinh,Đường Tôi Chở Em Về,Universal Music Indochina Distributed Labels,14,100,185,248616,2026-05-14,FALSE,10,Indie/Alternative
91,spotify:track:1i5SZL7Ngz0sYFaKmwieyw,"Quang Hùng MasterD, Low G, Hino",Chất Gây Hại,M Music Records,16,107,21,247925,2026-05-14,FALSE,16,Rap/Hip-hop
92,spotify:track:2w7jOvl0kpplNxisgfnCdT,"Đức Trường, BMZ",Nếu Biết Đó Là Lần Cuối,BMZ,47,91,36,246294,2026-05-14,FALSE,-1,Ballad
93,spotify:track:3bmpXHVie1GTy37OkXJ7Vc,BTS,2.0,BIGHIT MUSIC,11,124,8,244389,2026-05-14,FALSE,31,Rap/Hip-hop
94,spotify:track:43zzuEWDotRcKlSFzrlJqs,Đạt G,Thêm Bao Nhiêu Lâu,12 trái lê,94,104,53,242313,2026-05-14,FALSE,10,Ballad
95,spotify:track:4QNH4OjJ9W10afDYAHi03I,HIEUTHUHAI,Anh Nên Đi Khỏi Đây,M Music Records,36,66,3,241891,2026-05-14,FALSE,-29,Rap/Hip-hop
96,spotify:track:0eAuGrXyGFYwur9ARUe7LJ,Malcolm Todd,Earrings,Columbia,96,108,3,240651,2026-05-14,FALSE,12,R&B/Soul
97,spotify:track:226ljdOTLM2clGpm4mZvAm,Dangrangto,Love is,MaiDao Music,10,80,81,240198,2026-05-14,FALSE,-17,Indie/Alternative
98,spotify:track:0JKEP4dB1riE6l7Kq5kJm1,Chillies,Em Đừng Khóc,WM Vietnam,3,98,66,238973,2026-05-14,FALSE,0,Indie/Alternative
99,spotify:track:2pBZoglJzsRk4UeVey8n0k,Việt Anh,Ngày Này Năm Ấy,338ENT,17,113,40,238599,2026-05-14,FALSE,14,Ballad
100,spotify:track:4CVxKSRLUxqUuj2z9vn4fS,SOOBIN,Xin Đừng Lặng Im,"HONG AN ENTERTAIMENT,.JSC",37,109,51,236936,2026-05-14,FALSE,9,Ballad
101,spotify:track:0GXZXSDFSbJjqdGifjSaig,buitruonglinh,Sớm Như Vậy,Umusic Vietnam Co. Ltd. Distributed Labels,19,40,5,236355,2026-05-14,FALSE,-61,Indie/Alternative
102,spotify:track:1hPbWyZnUPaeAWbOSKwkXJ,Quang Đăng Trần,Anh Đã Không Biết Cách Yêu Em,338ENT,9,101,41,234711,2026-05-14,FALSE,-1,Ballad
103,spotify:track:20dAJsyno9ZoBLJtqgQnUI,BTS,Hooligan,BIGHIT MUSIC,8,128,8,234329,2026-05-14,FALSE,25,Pop
104,spotify:track:6epn3r7S14KUqlReYr77hA,"Justin Bieber, Ludacris",Baby,RBMG/Def Jam,27,72,5,232849,2026-05-14,FALSE,-32,Pop
105,spotify:track:0SmQ0UWeiHKQtxUej4Rem6,SOOBIN,Tháng Năm,Spacespeakers,6,112,182,232673,2026-05-14,FALSE,7,Pop
106,spotify:track:3CmacJj7VC4W6daC8BWd0h,Dương Domic,Mất Kết Nối,DAO Entertainment,2,96,77,230898,2026-05-14,FALSE,-10,R&B/Soul
107,spotify:track:6OWWZtNQORY1McaZmOrwhc,CORTIS,GO!,Republic Records – CORTIS,82,82,25,230539,2026-05-14,FALSE,-25,Pop
108,spotify:track:54PbBpquVfhfrwRwvjSXbI,"Charlie Puth, Selena Gomez",We Don't Talk Anymore (feat. Selena Gomez),Artist Partner,71,103,285,228941,2026-05-14,FALSE,-5,R&B/Soul
109,spotify:track:1FUdEz4fX1DxPcVAARlu6A,GREY D,yêu em như…,Umusic Vietnam Co. Ltd. Distributed Labels,13,117,7,228061,2026-05-14,FALSE,8,R&B/Soul
110,spotify:track:6gunPOwkADFspLkQtmVuZT,BABYMONSTER,CHOOM,YG Entertainment,110,-1,1,227546,2026-05-14,TRUE,NaN,Pop
111,spotify:track:6Q2oEdOhRjZ1DTv2a7j0lN,"PC, Dick, tofutns",Ghé Qua,12 trái lê,61,102,295,226766,2026-05-14,FALSE,-9,Rap/Hip-hop
112,spotify:track:2ZBi1KpCR0grEWRNgySqwg,Hngle,Buông,Sony Music Entertainment,17,106,13,225433,2026-05-14,FALSE,-6,Ballad
113,spotify:track:7q1qYSyRkGT4ZaCc2ZQihP,"Hoàng Tôn, Koo",Em Còn Nhớ Anh Không - Remastered,Hoàng Tôn,69,94,57,223904,2026-05-14,FALSE,-19,Ballad
114,spotify:track:5VGOYjxkEaf19LoRPIolD2,"The Wind, Dangrangto",Anh Muốn Nhìn Thấy Em,M Music Records,77,95,74,222549,2026-05-14,FALSE,-19,Indie/Alternative
115,spotify:track:5XfGQZA0ioQAWUjlyJRcHc,"Shiki, Obito",1000 Ánh Mắt,12 trái lê,8,93,98,221518,2026-05-14,FALSE,-22,Rap/Hip-hop
116,spotify:track:1UQNU5O9VttUgO16pxUnjw,"Obito, Shiki, RPT MCK",Đánh Đổi,12 trái lê,7,122,136,219973,2026-05-14,FALSE,6,Rap/Hip-hop
117,spotify:track:5tmA5oQDF0ULqRI12LKCDw,JayKii,Chiều Hôm Ấy,The First Management,95,146,29,219685,2026-05-14,FALSE,29,Ballad
118,spotify:track:4ecdsGz3Hg6TKPwQ0ZOdJz,CORTIS,FaSHioN,Republic Records – CORTIS,90,90,23,216698,2026-05-14,FALSE,-28,Pop
119,spotify:track:1LJyhnPdYGRLerwJd8CmL1,"Vũ., Dear Jane",Những Lời Hứa Bỏ Quên,WM Vietnam,1,150,126,216061,2026-05-14,FALSE,31,Indie/Alternative
120,spotify:track:5U30iZBlmxkpHqzb1OSnBS,Rhymastic,Yêu 5,WM Vietnam,77,151,223,215766,2026-05-14,FALSE,31,R&B/Soul
121,spotify:track:0sR5ThoE0uoskXWrm6KDxP,Kha,Hư không,MaiDao Music,22,85,122,213340,2026-05-14,FALSE,-36,Ballad
122,spotify:track:0pavLg3wbL6PVXAgXoWv4S,"24k.Right, Ngắn, Hipz",Một Nửa Sự Thật,Universal Music Indochina,119,138,6,213103,2026-05-14,FALSE,16,R&B/Soul
123,spotify:track:6E3P4uOfKHYXJLK6Q3s0Tj,"JustaTee, Binz",Cơn Mưa Cuối,NGUYEN THANH TUAN,86,118,28,212894,2026-05-14,FALSE,-5,Rap/Hip-hop
124,spotify:track:0KA8tBqZ81mBe2po59GK5j,Đỗ Hoàng Long,Trạng Thái Mộng Mơ,Umusic Vietnam Co. Ltd. Distributed Labels,92,121,12,212796,2026-05-14,FALSE,-3,Indie/Alternative
125,spotify:track:0oL2jCTf9P9a7flY5mCpYu,"Wxrdie, JustaTee",Trở Về,Universal Music Indochina Distributed Labels,54,119,63,211133,2026-05-14,FALSE,-6,Rap/Hip-hop
126,spotify:track:317Lh6QCAz9JpWbV3oxrCf,"Phùng Khánh Linh, Thành Luke",EM ĐAU,BLACK SWAN LABEL LLC.,62,140,18,211075,2026-05-14,FALSE,14,Ballad
127,spotify:track:4TyQKEifYDWTfTSRwpxlYI,Quân A.P,Bông Hoa Đẹp Nhất,Great Entertainment,32,134,124,210039,2026-05-14,FALSE,7,Ballad
128,spotify:track:54UNNgtE3zzERwTuWSQLqd,"MONSTAR, GREY D, VƯƠNG BÌNH",có hẹn với thanh xuân,Yin Yang Media,5,160,174,209434,2026-05-14,FALSE,32,R&B/Soul
129,spotify:track:12DNdwLD9oZOPADqM10oyE,"Fishy, Trí Dũng",Forget Me Now,LOOPS Music,126,126,41,208726,2026-05-14,FALSE,-3,R&B/Soul
130,spotify:track:1J12HjUuXfJnaUdubTEzSR,HIEUTHUHAI,Nghe Như Tình Yêu,M Music Records,35,116,243,207828,2026-05-14,FALSE,-14,R&B/Soul
131,spotify:track:55K3e7BGewGDUJ4ZQwkh7M,Only C,Người Đáng Thương Là Anh,OnlyC Production,131,165,17,206928,2026-05-14,FALSE,34,Ballad
132,spotify:track:3COYA2vgfcUhDyRlVpZy5p,"tlinh, Low G",PHÓNG ZÌN ZÌN,M Music Records,4,129,86,205025,2026-05-14,FALSE,-3,Rap/Hip-hop
133,spotify:track:7fCeYpR02Q8JVuD88hJZVT,"Da LAB, Minh Tốc & Lam",Bầu Trời Mới,Universal Music Indochina Distributed Labels,8,123,84,202735,2026-05-14,FALSE,-10,Indie/Alternative
134,spotify:track:7HoAJ6Hc1P91eoOrn1WY5d,"Đức Trường, BMZ, Kun",Đáng Lý Ra Phải Là Anh,BMZ,90,120,22,202076,2026-05-14,FALSE,-14,Ballad
135,spotify:track:5Bti0azlFhMattVY76qFr9,Vũ.,Lạ Lùng,WM Vietnam,17,132,423,201982,2026-05-14,FALSE,-3,Indie/Alternative
136,spotify:track:6D94p9ASguBcYlDC0o56vx,HIEUTHUHAI,NOLOVENOLIFE,M Music Records,24,110,135,201377,2026-05-14,FALSE,-26,Rap/Hip-hop
137,spotify:track:3b34161QoxLwsqhWSPy9i5,Da LAB,Thanh Xuân,Sony Music Entertainment,1,135,400,201061,2026-05-14,FALSE,-2,Indie/Alternative
138,spotify:track:1GJ3suxtUVaguVQRemw6Zp,Andiez,Suýt Nữa Thì...,MaiDao Music,74,153,166,200938,2026-05-14,FALSE,15,Ballad
139,spotify:track:4vfhartd7HDWGJbdVIycEu,Sơn Tùng M-TP,Muộn Rồi Mà Sao Còn,Umusic Vietnam Co. Ltd. Distributed Labels,1,166,264,200811,2026-05-14,FALSE,27,Pop
140,spotify:track:5C3fx9rdM4Bxf1MSOQC4Ym,"Low G, Thắng",An Thần,M Music Records,2,156,238,199231,2026-05-14,FALSE,16,Rap/Hip-hop
141,spotify:track:3y66li7DIrH7HLKIZzxR5H,Kai Đinh,Lễ Đường,Yin Yang Media,3,139,61,198269,2026-05-14,FALSE,-2,Ballad
142,spotify:track:7dlgEjrK3lHbP786dshKDV,"ANH TRAI ""SAY HI"", B Ray, AMEE",CHỜ ANH VỀ,Universal Music Indochina Distributed Labels,2,145,23,196864,2026-05-14,FALSE,3,Rap/Hip-hop
143,spotify:track:6TGwaBlfUGVoeZMBLzvXGP,"Dangrangto, DONAL",thế giới của anh,Higher Dimension,50,127,15,195738,2026-05-14,FALSE,-16,Indie/Alternative
144,spotify:track:51bYFYWODfYOZU0rwvjiCc,"Binz, Đen",Cho Mình Em,Spacespeakers,32,133,129,195157,2026-05-14,FALSE,-11,Rap/Hip-hop
145,spotify:track:5PGh9MyKry8slG5AfvD1eD,"Obito, Shiki, VSTRA",Hà Nội,12 trái lê,10,143,136,194100,2026-05-14,FALSE,-2,Rap/Hip-hop
146,spotify:track:5LuyL5o2BcFKK4FOJLYsSy,"Minh Đinh, Hà An Huy",Nằm Bên Anh,DAO Entertainment,28,-1,47,193192,2026-05-14,TRUE,NaN,Ballad
147,spotify:track:4Iz5EWPCAT8jYNk4IpLoll,buitruonglinh,Dù Cho Mai Về Sau,Yin Yang Media,10,125,268,193188,2026-05-14,FALSE,-22,Indie/Alternative
148,spotify:track:5prZw3OHd2UhAq0VBKpqUM,GREY D,mới hôm qua,Umusic Vietnam Co. Ltd. Distributed Labels,34,149,7,192539,2026-05-14,FALSE,1,R&B/Soul
149,spotify:track:3gLRyMbg5nWLcuKD46Uz72,Phương Ly,Anh Là Ai,PHUONG LY,109,130,33,192432,2026-05-14,FALSE,-19,Pop
150,spotify:track:6UFvSmKzCZ16fxsybf4PhE,"Nguyễn Trọng Tài, Don Raemo, Double X",HONGKONG1,T2B Media,150,183,11,189809,2026-05-14,FALSE,33,Indie/Alternative
151,spotify:track:25NLn8W1JxuVrXQTVrDA4c,"Dfoxie37, myhoa, Tuann",hello em có khỏe không,Universal Music Indochina Distributed Labels,15,159,24,189757,2026-05-14,FALSE,8,Pop
152,spotify:track:4N99EuIjwSSFFFMDfTeOLU,"buitruonglinh, Vũ Phụng Tiên",Em Không Khóc (feat. Vũ Phụng Tiên),Yin Yang Media,62,147,184,188644,2026-05-14,FALSE,-5,Indie/Alternative
153,spotify:track:33S16Xa5cZmLPhn6eZI4Nm,"52Hz, RIO, WEAN",ĐỢI (feat. WEAN) - SPECIAL VERSION,DAO Entertainment,58,174,94,188465,2026-05-14,FALSE,21,R&B/Soul
154,spotify:track:4wD6v7xAl1Hhfl2rli4q0n,"HIEUTHUHAI, Hustlang Robber",Vacheron Louie V,M Music Records,49,105,3,188424,2026-05-14,FALSE,-49,Rap/Hip-hop
155,spotify:track:2GE2p2dFpxp7OIz2QOFBzW,"ANH TRAI ""SAY HI"", HURRYKNG, HIEUTHUHAI, Negav, Pháp Kiều, Isaac","KIM PHÚT, KIM GIỜ (feat. HURRYKNG, HIEUTHUHAI, Negav, Pháp Kiều & Isaac)",Anh Trai Say Hi,5,136,81,187888,2026-05-14,FALSE,-19,Rap/Hip-hop
156,spotify:track:5wYQC7AuxV8ROALWcbVNxc,"Hoàng Dũng, Rhymastic, Lelarec",Giữ Anh Cho Ngày Hôm Qua,Lirico Entertainment,40,170,31,186966,2026-05-14,FALSE,14,Ballad
157,spotify:track:2ppLwHSMgDGEQ5c8o6nAX2,Low G,Simp Gái 808,M Music Records,9,141,135,186038,2026-05-14,FALSE,-16,Rap/Hip-hop
158,spotify:track:1mtmvJjTchdqDCoJbFv1Op,"OgeNus, Dangrangto",Tuyển Bạn Gái,Universal Music Indochina Distributed Labels,40,88,5,185658,2026-05-14,FALSE,-70,Rap/Hip-hop
159,spotify:track:2uxjHthUJd2A8PmWaUGGsI,"Hoàng Dũng, Hoàng Rob",Chờ Anh Nhé,Lirico Entertainment,99,154,48,185235,2026-05-14,FALSE,-5,Indie/Alternative
160,spotify:track:4fj4Jn4nw8fGX8xdbCntJf,"CoolKid, RHYDER",Sau Cơn Mưa,MaiDao Music,8,157,141,184830,2026-05-14,FALSE,-3,Rap/Hip-hop
161,spotify:track:7J9l9ebYB3IEs5ea5J1M7a,"Da LAB, Tóc Tiên",Nước Mắt Em Lau Bằng Tình Yêu Mới,MUNIZ MUSIC COMPANY LIMITED,107,194,116,183634,2026-05-14,FALSE,33,Pop
162,spotify:track:1zvL2X6HPrLfvtSY4DpopE,MIN,Em Mới Là Người Yêu Anh,MIN,1,177,156,181686,2026-05-14,FALSE,15,Pop
163,spotify:track:498g7npirihKT5MPdVSfb0,Hoàng Dũng,Phonecert,"CAM, LIRICO",137,190,21,181239,2026-05-14,FALSE,27,R&B/Soul
164,spotify:track:5kJMW3pK49PvQDtpVryHf5,JustaTee,Forget About Her,Spacespeakers,31,191,39,181148,2026-05-14,FALSE,27,R&B/Soul
165,spotify:track:50cmxP6KlnQA9IG3q5ckKD,Chillies,Mascara,WM Vietnam,3,-1,225,180982,2026-05-14,TRUE,NaN,Indie/Alternative
166,spotify:track:4D1eaEIisnWCVPMnYuMh7q,白浩贤BlueC,漫步香港1999,腾讯音乐人,13,152,13,178904,2026-05-14,FALSE,-14,Indie/Alternative
167,spotify:track:0aPZbnkMoWJaJ5CNVLCj8S,Justin Bieber,That Should Be Me,RBMG/Def Jam,53,131,5,175831,2026-05-14,FALSE,-36,Ballad
168,spotify:track:6uxuJ8Fr1AAfSPJUF9N1yr,Vũ.,Bước Qua Mùa Cô Đơn,WM Vietnam,1,197,271,175546,2026-05-14,FALSE,29,Indie/Alternative
169,spotify:track:7CyPwkp0oE8Ro9Dd5CUDjW,"The Weeknd, JENNIE, Lily-Rose Depp","One Of The Girls (with JENNIE, Lily Rose Depp)",XO / Republic Records,11,180,151,174201,2026-05-14,FALSE,11,R&B/Soul
170,spotify:track:2FnXZhpEKgIab8vI6t2C7e,"Shiki, Tyronee",Perfect,12 trái lê,74,148,57,174079,2026-05-14,FALSE,-22,Rap/Hip-hop
171,spotify:track:6qgATU8r0ZPcPFPtZ5qA7B,Long Cao,Em Của Anh Đừng Của Ai!,Long Cao,167,-1,2,174055,2026-05-14,TRUE,NaN,Pop
172,spotify:track:170CNv2CAZn8wg6GxvHXYC,"B Ray, AMEE",Ex's Hate Me,B Ray,129,163,28,172978,2026-05-14,FALSE,-9,Rap/Hip-hop
173,spotify:track:7so0lgd0zP2Sbgs2d7a1SZ,"Lady Gaga, Bruno Mars",Die With A Smile,Interscope Records,4,179,88,172691,2026-05-14,FALSE,6,Ballad
174,spotify:track:1fFvYVg1v3rpUSqKNCUh7b,VCT,Người Bình Thường,Universal Music Indochina Distributed Labels,49,172,58,171849,2026-05-14,FALSE,-2,Ballad
175,spotify:track:7yxogpPUBn4wVEKBgI5c7U,Lil Zpoet,Yêu Từ Đâu Mà Ra,MaiDao Music,143,164,31,171416,2026-05-14,FALSE,-11,Pop
176,spotify:track:6KIhgRkprgyJNERRMu7Quh,MIN,Có Em Chờ,MIN,117,169,53,171404,2026-05-14,FALSE,-7,Pop
177,spotify:track:4qYfRfSxsmhJ1WMaywtLyI,"Wren Evans, itsnk",Từng Quen,Universal Music Indochina,1,195,122,171187,2026-05-14,FALSE,18,R&B/Soul
178,spotify:track:5BJqg07SKgmFnVLOBmLFvq,Bùi Anh Tuấn,"Hẹn Một Mai - From"" 4 Năm 2 Chàng 1 Tình Yêu""",1LABEL,109,158,56,171158,2026-05-14,FALSE,-20,Ballad
179,spotify:track:29Tj2R8sZZ3fzlXZVe1OyY,"Dương Domic, Lou Hoàng",Pin Dự Phòng,DAO Entertainment,13,162,45,171038,2026-05-14,FALSE,-17,R&B/Soul
180,spotify:track:2RkZ5LkEzeHGRsmDqKwmaJ,Alex Warren,Ordinary,Atlantic Records,38,173,15,170951,2026-05-14,FALSE,-7,Pop
181,spotify:track:6T17ZI0glfM2IGLdUwtnLK,CORTIS,JoyRide,Republic Records – CORTIS,129,142,3,169723,2026-05-14,FALSE,-39,Pop
182,spotify:track:2G5ujw3rrWcAXQqT8PVnrz,"Obito, Shiki, Lăng LD",Đầu Đường Xó Chợ,12 trái lê,39,-1,81,168446,2026-05-14,TRUE,NaN,Rap/Hip-hop
183,spotify:track:65st6HfPZyxq1RNTvqSIos,"Wren Evans, itsnk",Thu Đợi,Universal Music Indochina Distributed Labels,6,175,20,168124,2026-05-14,FALSE,-8,R&B/Soul
184,spotify:track:42i1d7gos5WvqZIFWCfE7E,Ngô Lan Hương,"Có công mài ""Sắc""",Ngô Lan Hương Exclusive,85,176,5,167554,2026-05-14,FALSE,-8,Pop
185,spotify:track:7kgzRBNkBRArtTPkYjWLYT,"14 Casper, Bon Nghiêm",bao tiền một mớ bình yên?,DANDERLÉON,9,-1,260,167189,2026-05-14,TRUE,NaN,Ballad
186,spotify:track:6hytdEPX4UcGh91gDBUZDv,"Dab, Helinn",Anh Cũng Đâu Có Muốn Tin?,MaiDao Music,147,186,29,165516,2026-05-14,FALSE,0,Pop
187,spotify:track:1Ipu7wzbc2qM7muqszyiZD,"Solmee, Dyteller, hoangkiet",Tâm sự,Umusic Vietnam Co. Ltd. Distributed Labels,143,196,7,165380,2026-05-14,FALSE,9,R&B/Soul
188,spotify:track:08ULi904W2Po6pVj8nN7KC,"GREY D, Chillies",đưa em về nhàa,Umusic Vietnam Co. Ltd. Distributed Labels,3,-1,157,163550,2026-05-14,TRUE,NaN,R&B/Soul
189,spotify:track:2n00rcPaXcWfFB9irOKOmh,Ronboogz,Anh Chỉ Muốn,MaiDao Music,76,161,100,161945,2026-05-14,FALSE,-28,Indie/Alternative
190,spotify:track:3H6nzsPNMttEvUl3ai3xN8,Chillies,Vùng Ký Ức,WM Vietnam,1,187,128,161253,2026-05-14,FALSE,-3,Indie/Alternative
191,spotify:track:5yvVYFDUpbnjcnRBgjwTzM,"Tame Impala, JENNIE",Dracula - JENNIE Remix,Columbia,173,-1,4,160996,2026-05-14,TRUE,NaN,EDM/Dance
192,spotify:track:7G7mSV4BebkoHWwKTDvXu9,"V, Park Hyo Shin",Winter Ahead (with PARK HYO SHIN),BIGHIT MUSIC,3,-1,66,160671,2026-05-14,TRUE,NaN,Pop
193,spotify:track:0669gFIK8dYK9GGQ0K0QNF,Dương Domic,Tràn Bộ Nhớ,DAO Entertainment,7,-1,76,160399,2026-05-14,TRUE,NaN,R&B/Soul
194,spotify:track:2UvqD395dhlJWO0SxHJ89n,"HIEUTHUHAI, HURRYKNG",Đáng Lý Anh Nên Yêu Em Hơn,M Music Records,80,144,3,160319,2026-05-14,FALSE,-50,Rap/Hip-hop
195,spotify:track:527UV7H9SbnmTVkxBVg56X,Sơn Tùng M-TP,Chắc Ai Đó Sẽ Về,Umusic Vietnam Co. Ltd. Distributed Labels,126,188,36,160233,2026-05-14,FALSE,-7,Pop
196,spotify:track:53zusvCJkyGYjEZ6bnLIjh,Hà Anh Tuấn,Tháng Tư Là Lời Nói Dối Của Em,Yin Yang Media,49,168,61,159889,2026-05-14,FALSE,-28,Ballad
197,spotify:track:5cF0dROlMOK5uNZtivgu50,Charlie Puth,Attention,Artist Partner,21,200,201,159713,2026-05-14,FALSE,3,R&B/Soul
198,spotify:track:0jHpGB1Xt2kIX0VaPFvStp,"Tùng TeA, PC, TaynguyenSound",Già Cùng Nhau Là Được,12 trái lê,70,155,145,159465,2026-05-14,FALSE,-43,Rap/Hip-hop
199,spotify:track:7jLSThU5Kg1RWt19Leiaxm,"RPT MCK, Trung Trần",Chìm Sâu,abandonh3ll records,1,182,219,158745,2026-05-14,FALSE,-17,R&B/Soul
200,spotify:track:1uiqiUzPn2EJpvHDy84PEZ,"EM XINH ""SAY HI"", Orange, Mỹ Mỹ, 52Hz, Châu Bùi, Pháp Kiều",KHÔNG ĐAU NỮA RỒI,Em Xinh Say Hi,2,-1,45,158526,2026-05-14,TRUE,NaN,Rap/Hip-hop
1,spotify:track:2HRgqmZQC0MC7GeNuDIXHN,"Jung Kook, Latto",Seven (feat. Latto) (Explicit Ver.),BIGHIT MUSIC,1,1,149,2394661,2026-05-21,FALSE,0,Pop
2,spotify:track:68lbSrXDORS51pmyjZv712,BTS,SWIM,BIGHIT MUSIC,1,2,9,1875162,2026-05-21,FALSE,0,Pop
3,spotify:track:1ApIGNgp1azc0qB61x4GzG,"Hngle, Ari",Không Buông,Umusic Vietnam Co. Ltd. Distributed Labels,2,3,37,897297,2026-05-21,FALSE,0,Pop
4,spotify:track:5xVCfx47vCXuLdpfbepqEo,HIEUTHUHAI,Người Im Lặng Gặp Người Hay Nói,M Music Records,2,4,11,809139,2026-05-21,FALSE,0,Rap/Hip-hop
5,spotify:track:2KslE17cAJNHTsI2MI0jb2,Jung Kook,Standing Next to You,BIGHIT MUSIC,1,5,132,779071,2026-05-21,FALSE,0,Pop
6,spotify:track:73RcFjiDtStfP3GCW44vJu,"Minh Huy, Pinny",Ngày Rời Chuyến Bay,12 trái lê,6,9,7,708270,2026-05-21,FALSE,3,Ballad
7,spotify:track:7uUuftbcr94tzGOCJSM25u,"Low G, JustaTee",In Love,M Music Records,2,7,30,666899,2026-05-21,FALSE,0,Rap/Hip-hop
8,spotify:track:4nXrVH5xwN1w6TpmP7uu8n,"HIEUTHUHAI, marzuz",Exit Sign,M Music Records,4,8,136,648955,2026-05-21,FALSE,0,Rap/Hip-hop
9,spotify:track:7bFFUPBiF15n8m8RziqS4o,GREY D,dự báo thời tiết hôm nay mưa,Umusic Vietnam Co. Ltd. Distributed Labels,7,11,183,608666,2026-05-21,FALSE,2,R&B/Soul
10,spotify:track:2fCwv2ppU5nTRTckomIGsd,CORTIS,REDRED,Republic Records – CORTIS,5,6,5,585122,2026-05-21,FALSE,-4,Pop
11,spotify:track:6Qwl74olNi1rl65FNxG5We,"marzuz, Changg",Và Thế Giới Đã Mất Đi Một Người Cô Đơn,Universal Music Indochina,7,10,26,561327,2026-05-21,FALSE,-1,Ballad
12,spotify:track:2a5hng9yXtbjtTVVm9UviC,VCT,Mơ,Universal Music Indochina Distributed Labels,6,14,195,556659,2026-05-21,FALSE,2,Pop
13,spotify:track:0NyrI1tMvqcK3vU5z9DMdI,JustaTee,She Neva Knows,NGUYEN THANH TUAN,12,12,16,537065,2026-05-21,FALSE,-1,R&B/Soul
14,spotify:track:2wZAvkgiOE5tyrnqhB69KA,Sơn Tùng M-TP,Âm Thầm Bên Em,Umusic Vietnam Co. Ltd. Distributed Labels,9,18,291,514374,2026-05-21,FALSE,4,Ballad
15,spotify:track:5KYv3kORBKUmVEoqbRRWxt,"Bảo Anh, Táo",Từng Là Của Nhau,Yin Yang Media,7,13,37,489122,2026-05-21,FALSE,-2,Ballad
16,spotify:track:41DlPJXKTCypXdf2eSqa03,"Vũ., Binz",bình yên,WM Vietnam,4,20,90,464111,2026-05-21,FALSE,4,Rap/Hip-hop
17,spotify:track:2o4dDfLK6NVI7TjBm5VoMv,"Lou Hoàng, Miu Lê",Yêu Một Người Có Lẽ,Onlyc Entertainment,17,68,222,456281,2026-05-21,FALSE,51,Pop
18,spotify:track:4BdB08vuS9r4HOoY7GkAxT,SOOBIN,Nếu Ngày Ấy,SS LABEL,18,19,74,451807,2026-05-21,FALSE,1,Ballad
19,spotify:track:6GM4ZOBDcDroldUxI8GZ2B,"VSTRA, Tyronee",Ai Ngoài Anh,CDSL,2,17,20,451282,2026-05-21,FALSE,-2,R&B/Soul
20,spotify:track:5cn5oHiXJTLiuthgbgfkMh,VCT,Vết Mưa,Universal Music Indochina Distributed Labels,19,21,115,447075,2026-05-21,FALSE,1,Ballad
21,spotify:track:6Zoi4ue74UdUeYmHXItXnf,"B Ray, V#",Vùng An Toàn,MIXUS,3,26,46,444052,2026-05-21,FALSE,5,Rap/Hip-hop
22,spotify:track:1K0HQ30Wc11okzlcnFA7Ub,HIEUTHUHAI,Không Thể Say,M Music Records,7,22,161,435968,2026-05-21,FALSE,0,Rap/Hip-hop
23,spotify:track:42AOwjuMmIN1ioyyWB60Lw,GREY D,hoá ra…,Umusic Vietnam Co. Ltd. Distributed Labels,5,16,8,433403,2026-05-21,FALSE,-7,R&B/Soul
24,spotify:track:6QFCMUUq1T2Vf5sFUXcuQ7,"Justin Bieber, Nicki Minaj",Beauty And A Beat,RBMG/Def Jam,9,15,6,415607,2026-05-21,FALSE,-9,EDM/Dance
25,spotify:track:0t8g66pWghsU8MphjUQIdg,"Phùng Khánh Linh, 30 Pictures",Cảm Ơn Người Đã Thức Cùng Tôi,+84 Vietnam New Wave,5,23,13,412465,2026-05-21,FALSE,-2,Ballad
26,spotify:track:4CUvVaAYuXtvYURLFz7EIL,"Emcee L (Da LAB), Da LAB, Muộii (Starry Night)",Chuyện Đôi Ta (feat. Muộii),Yin Yang Media,3,34,233,410709,2026-05-21,FALSE,8,Ballad
27,spotify:track:3DLtPObflLQBodZN8qGODT,"JustaTee, BigDaddy",2AM,WM Vietnam,18,43,212,409735,2026-05-21,FALSE,16,R&B/Soul
28,spotify:track:6mKMGpkgP2cH5gmqILWe7b,Fishy,vết thương,LOOPS Music,15,29,53,405419,2026-05-21,FALSE,1,Ballad
29,spotify:track:27Z9T0mSWHYWSj9SNOGvyt,"JustaTee, Phương Ly",Thằng Điên,NGUYEN THANH TUAN,2,37,198,397343,2026-05-21,FALSE,8,R&B/Soul
30,spotify:track:11T61UpoNbbcewOMl1kcWN,NHONHO,Dạo Bước HongKong 1999,NHONHO,5,31,8,391505,2026-05-21,FALSE,1,Indie/Alternative
31,spotify:track:5rSAUmbOg4giDrM29vUyHe,Sơn Tùng M-TP,Nơi Này Có Anh,Umusic Vietnam Co. Ltd. Distributed Labels,5,46,363,380374,2026-05-21,FALSE,15,Pop
32,spotify:track:0fGJiHH6xSUJU1MAVjxq5m,"Karik, GDucky",Bạn Đời,WM Vietnam,5,39,138,378123,2026-05-21,FALSE,7,Rap/Hip-hop
33,spotify:track:3T7XHOdRcyhKU3QCB6kZG3,"MIN, Dangrangto, antransax",chẳng phải tình đầu sao đau đến thế,WM Vietnam,2,28,30,375519,2026-05-21,FALSE,-5,Indie/Alternative
34,spotify:track:3dbfL7nHOZlM4adzLHNnB3,"Juky San, buitruonglinh",Người Đầu Tiên,DAO Entertainment,2,33,29,373614,2026-05-21,FALSE,-1,Ballad
35,spotify:track:3Ids3RXurYBgySph53qWnB,buitruonglinh,Từng Ngày Yêu Em,LOOPS Music,9,32,72,372875,2026-05-21,FALSE,-3,Indie/Alternative
36,spotify:track:3x7Hh3zsE1wcXCU2G8l5tP,SOOBIN,DANCING IN THE DARK,SS LABEL,3,40,62,370475,2026-05-21,FALSE,4,EDM/Dance
37,spotify:track:3J3nv18iIrOhca1ZWNeuyW,JustaTee,Đã Lỡ Yêu Em Nhiều,NGUYEN THANH TUAN,36,41,172,364517,2026-05-21,FALSE,4,Ballad
38,spotify:track:6Hs2xIgB8nzyGFDvVA8lFa,"Madihu, Low G",Có Em,NGUYEN CHI PHONG,4,38,213,358948,2026-05-21,FALSE,0,Rap/Hip-hop
39,spotify:track:5tdz7T4hTxA1ipJMBe24uX,AMEE,"ex's hate me, Pt.2",Yin Yang Media,13,42,187,357039,2026-05-21,FALSE,3,Pop
40,spotify:track:4gaxEUZE4z9pJAVTSFwgQI,"14 Casper, Bon Nghiêm, buitruonglinh",một đời,DANDERLÉON,14,44,112,350494,2026-05-21,FALSE,4,Indie/Alternative
41,spotify:track:7mblTCdc14ylJ1JW71MODb,buitruonglinh,Giờ Thì,LOOPS Music,11,54,75,346206,2026-05-21,FALSE,13,Indie/Alternative
42,spotify:track:7Ldcvhcl4Xj4eOTSWpZus5,CORTIS,ACAI,Republic Records – CORTIS,25,25,3,344136,2026-05-21,FALSE,-17,Pop
43,spotify:track:4MCP9l0QB9YN2LCkIy8mz4,Obito,Dạo Này,12 trái lê,8,49,21,338010,2026-05-21,FALSE,6,Rap/Hip-hop
44,spotify:track:58ZlEBxBrzISXtmcOPo476,SOOBIN,giá như,SS LABEL,13,50,110,336425,2026-05-21,FALSE,6,Ballad
45,spotify:track:6nInHlewtrNKguNKlXt0Ur,"Shartnuss, Phankeo, Tr.D",Nắng có mang em về,MaiDao Music,4,24,119,333195,2026-05-21,FALSE,-21,Indie/Alternative
46,spotify:track:1MiJk3dXC5jzhvLFP0dUM7,Da LAB,Thức Giấc,Yin Yang Media,1,56,254,330104,2026-05-21,FALSE,10,Pop
47,spotify:track:6VXVYATpQXEIoZ97NnWCmn,"Madihu, Vũ.",Vì Anh Đâu Có Biết,WM Vietnam,2,48,198,329916,2026-05-21,FALSE,1,Ballad
48,spotify:track:1DVYafsLmcQySKkJnY4RCs,"MAYDAYs, Minh Tốc & Lam",Phép Màu - Đàn Cá Gỗ Original Soundtrack,Universal Music Indochina Distributed Labels,2,52,64,327026,2026-05-21,FALSE,4,Khác
49,spotify:track:4nyoalDFgUaZOzIKqj3aS5,"Đặng Vĩnh Thịnh, BMZ, Nguyễn Trung Đức",Ngàn Năm Ánh Sáng,BMZ JSC,5,51,41,326544,2026-05-21,FALSE,2,Ballad
50,spotify:track:01qFKNWq73UfEslI0GvumE,"Jung Kook, Jack Harlow",3D (feat. Jack Harlow),BIGHIT MUSIC,2,57,137,319626,2026-05-21,FALSE,7,Pop
51,spotify:track:2pm7K14nHj2fLrpU8j9bit,PC,10 Ngàn Năm,12 trái lê,27,63,206,319193,2026-05-21,FALSE,12,Rap/Hip-hop
52,spotify:track:7diH1qnFziArYzynk3vkr6,CORTIS,TNT,Republic Records – CORTIS,27,27,3,314996,2026-05-21,FALSE,-25,Pop
53,spotify:track:3vSmjbKFByNM6l31NmFlmB,"GREY D, MIN",đôi mắt kẻ tình si,Umusic Vietnam Co. Ltd. Distributed Labels,12,55,8,312949,2026-05-21,FALSE,2,R&B/Soul
54,spotify:track:4UC3NBjtqbYcqPqRq1s57D,Lyly,24h,WM Vietnam,47,59,53,309895,2026-05-21,FALSE,5,Ballad
55,spotify:track:6n2xOcqQrNOY0IfgATSwWs,"Puppy, Dangrangto",Wrong Times,MaiDao Music,3,36,133,306398,2026-05-21,FALSE,-19,Indie/Alternative
56,spotify:track:1xoadYaxtOp9gHDwgmPDuz,"JSOL, Hoàng Duyên",Sài Gòn Hôm Nay Mưa,Universal Music Indochina,3,88,260,303168,2026-05-21,FALSE,32,Ballad
57,spotify:track:25h0TqC9H3BcMA7KjK5nHK,"GREY D, tlinh",vaicaunoicokhiennguoithaydoi,Umusic Vietnam Co. Ltd. Distributed Labels,2,71,205,299379,2026-05-21,FALSE,14,R&B/Soul
58,spotify:track:39KWnPNEvbXt423CzjvBfA,SOOBIN,Anh Đã Quen Với Cô Đơn,WM Vietnam,40,70,79,297800,2026-05-21,FALSE,12,Ballad
59,spotify:track:2dPJtlvoa3GDowCh035M8P,Vũ.,Nếu Những Tiếc Nuối,WM Vietnam,33,75,57,295222,2026-05-21,FALSE,16,Indie/Alternative
60,spotify:track:31VNCmwspR7nVJ6kruUuJt,Sơn Tùng M-TP,Đừng Làm Trái Tim Anh Đau,Umusic Vietnam Co. Ltd. Distributed Labels,1,77,102,294377,2026-05-21,FALSE,17,Pop
61,spotify:track:4QalnBNnw9uK1dj543nf76,Dương Domic,Không Thời Gian,DAO Entertainment,2,30,35,290554,2026-05-21,FALSE,-31,R&B/Soul
62,spotify:track:4qJSUFwZFouto5VZUlln75,"tlinh, Trung Trần",Thích Quá Rùi Nà,Universal Music Indochina Distributed Labels,34,61,296,288510,2026-05-21,FALSE,-1,R&B/Soul
63,spotify:track:1r9gNSD1WUFscqTSA2Rcet,MAYDAYs,Hẹn Lần Sau,Universal Music Indochina Distributed Labels,13,74,22,286360,2026-05-21,FALSE,11,Indie/Alternative
64,spotify:track:0e6fZkLArSmDIHnZcIua7t,"Vũ., Low G",Không Yêu Em Thì Yêu Ai?,WM Vietnam,19,62,86,285982,2026-05-21,FALSE,-2,Indie/Alternative
65,spotify:track:27F22WcGDyl4Z2KylVJkXL,buitruonglinh,Đường Tôi Chở Em Về,Universal Music Indochina Distributed Labels,14,90,186,285893,2026-05-21,FALSE,25,Indie/Alternative
66,spotify:track:6ag0c7tBr3PIqPb00C2rK4,"VCT, Negav, Jey B, Ngô Kiến Huy",NGƯỜI NHƯ ANH XỨNG ĐÁNG CÔ ĐƠN - KHÔNG ĐAU NỮA RỒI,VIE NETWORK CORPORATION / ADA,45,67,12,276333,2026-05-21,FALSE,1,Rap/Hip-hop
67,spotify:track:3VkV6L37ub0rtuYQoawAqz,Lil Zpoet,Tình Mình Lạ Kì,LiL Z Poet,45,53,16,276329,2026-05-21,FALSE,-14,Ballad
68,spotify:track:0hB27T4dy9qBUcZabsrLOj,HIEUTHUHAI,Dạo Gần Đây Anh Thấy Anh Không Bằng Ai Hết,M Music Records,16,45,4,276098,2026-05-21,FALSE,-23,Rap/Hip-hop
69,spotify:track:5SzJs9cwYXdSm9G3xcXuA2,Phùng Khánh Linh,Hôm Nay Tôi Buồn,BLACK SWAN LABEL LLC.,13,72,160,275341,2026-05-21,FALSE,3,Ballad
70,spotify:track:66v7AvDs5gZfmkJgFMMtHL,"Công Dương, Nguyễn Lâm Thảo Tâm, 30 Pictures",A Little Dream Of Me,+84 Vietnam New Wave,22,76,11,274502,2026-05-21,FALSE,6,Khác
71,spotify:track:36fgG6NiEuQXznNgf5y2Ck,"T.R.I, Dangrangto, DONAL",một bài hát không vui mấy - Extended Version,Umusic Vietnam Co. Ltd. Distributed Labels,26,79,72,274417,2026-05-21,FALSE,8,Ballad
72,spotify:track:5BTzf3doGTigDIYUFtbkI9,"Emcee L (Da LAB), Da LAB, Badbies",Sinh Ra Đã Là Thứ Đối Lập Nhau (feat. Badbies),Yin Yang Media,5,80,282,273938,2026-05-21,FALSE,8,Ballad
73,spotify:track:1J3SmWwlYAG68LGKr86MVH,Sơn Tùng M-TP,Chúng Ta Của Hiện Tại,Umusic Vietnam Co. Ltd. Distributed Labels,1,87,283,273747,2026-05-21,FALSE,14,Pop
74,spotify:track:2Pwou3Q2Cf59RxdX2V6MgV,Shiki,Có Đôi Điều,12 trái lê,10,81,73,271972,2026-05-21,FALSE,7,Rap/Hip-hop
75,spotify:track:5ouxRyInSdRBQubu3KTd97,"tlinh, 2Pillz",nếu lúc đó,M Music Records,1,86,168,271540,2026-05-21,FALSE,11,R&B/Soul
76,spotify:track:1o6cYDMHvKOfizi4d9Lqxr,W/N,id 072019,Universal Music Indochina Distributed Labels,3,83,147,271223,2026-05-21,FALSE,7,Pop
77,spotify:track:6lRlM6bClcoOBLQi0zfA34,"HIEUTHUHAI, Hoàng Tôn",Chờ Tới Khi Anh Về,M Music Records,23,47,4,267236,2026-05-21,FALSE,-30,R&B/Soul
78,spotify:track:6jcLKVmEKAQIXIVHJZ8vzS,"MONSTAR, GREY D, NICKY, VƯƠNG BÌNH",tình yêu chậm trễ,Yin Yang Media,46,84,179,266020,2026-05-21,FALSE,6,R&B/Soul
79,spotify:track:4CVxKSRLUxqUuj2z9vn4fS,SOOBIN,Xin Đừng Lặng Im,"HONG AN ENTERTAIMENT,.JSC",37,100,52,264924,2026-05-21,FALSE,21,Ballad
80,spotify:track:5u5AsK8JLgkr154QHZjJqh,"ANH TRAI ""SAY HI"", VCT, Karik, Negav, Ngô Kiến Huy, Jey B",NGƯỜI NHƯ ANH XỨNG ĐÁNG CÔ ĐƠN,Universal Music Indochina Distributed Labels,3,60,34,262407,2026-05-21,FALSE,-20,Rap/Hip-hop
81,spotify:track:3P3rcI48wwVEgxF5vPM6pG,Sơn Tùng M-TP,Buông Đôi Tay Nhau Ra,Umusic Vietnam Co. Ltd. Distributed Labels,7,78,149,260497,2026-05-21,FALSE,-3,Ballad
82,spotify:track:2pBZoglJzsRk4UeVey8n0k,Việt Anh,Ngày Này Năm Ấy,338ENT,17,99,41,260264,2026-05-21,FALSE,17,Ballad
83,spotify:track:0Gi23nmOQ0eaPASq2VoMOW,RIO,vạn vật như muốn ta bên nhau,DAO Entertainment,6,35,58,259190,2026-05-21,FALSE,-48,Indie/Alternative
84,spotify:track:2rKkfc4VZ74FQDc1FF1Zo6,BTS,Body to Body,BIGHIT MUSIC,5,69,9,256441,2026-05-21,FALSE,-15,Pop
85,spotify:track:0SmQ0UWeiHKQtxUej4Rem6,SOOBIN,Tháng Năm,Spacespeakers,6,105,183,255112,2026-05-21,FALSE,20,Pop
86,spotify:track:0eAuGrXyGFYwur9ARUe7LJ,Malcolm Todd,Earrings,Columbia,86,96,4,254937,2026-05-21,FALSE,10,R&B/Soul
87,spotify:track:0s7RyyUlQfd8mnnboHe18n,"MANBO, HIEUTHUHAI, HURRYKNG",Hẹn Gặp Em Dưới Ánh Trăng,Gerdnang,20,89,114,251705,2026-05-21,FALSE,2,Rap/Hip-hop
88,spotify:track:6Q2oEdOhRjZ1DTv2a7j0lN,"PC, Dick, tofutns",Ghé Qua,12 trái lê,61,111,296,249658,2026-05-21,FALSE,23,Rap/Hip-hop
89,spotify:track:1hPbWyZnUPaeAWbOSKwkXJ,Quang Đăng Trần,Anh Đã Không Biết Cách Yêu Em,338ENT,9,102,42,248060,2026-05-21,FALSE,13,Ballad
90,spotify:track:2w7jOvl0kpplNxisgfnCdT,"Đức Trường, BMZ",Nếu Biết Đó Là Lần Cuối,BMZ,47,92,37,241796,2026-05-21,FALSE,2,Ballad
91,spotify:track:5XfGQZA0ioQAWUjlyJRcHc,"Shiki, Obito",1000 Ánh Mắt,12 trái lê,8,115,99,239937,2026-05-21,FALSE,24,Rap/Hip-hop
92,spotify:track:2ZBi1KpCR0grEWRNgySqwg,Hngle,Buông,Sony Music Entertainment,17,112,14,239379,2026-05-21,FALSE,20,Ballad
93,spotify:track:43zzuEWDotRcKlSFzrlJqs,Đạt G,Thêm Bao Nhiêu Lâu,12 trái lê,93,94,54,239100,2026-05-21,FALSE,1,Ballad
94,spotify:track:1UQNU5O9VttUgO16pxUnjw,"Obito, Shiki, RPT MCK",Đánh Đổi,12 trái lê,7,116,137,238668,2026-05-21,FALSE,22,Rap/Hip-hop
95,spotify:track:54UNNgtE3zzERwTuWSQLqd,"MONSTAR, GREY D, VƯƠNG BÌNH",có hẹn với thanh xuân,Yin Yang Media,5,128,175,237602,2026-05-21,FALSE,33,R&B/Soul
96,spotify:track:2vKNzC9T3kdU2JECcvob3V,CORTIS,YOUNGCREATORCREW,Republic Records – CORTIS,58,58,3,235747,2026-05-21,FALSE,-38,Pop
97,spotify:track:0GXZXSDFSbJjqdGifjSaig,buitruonglinh,Sớm Như Vậy,Umusic Vietnam Co. Ltd. Distributed Labels,19,101,6,235533,2026-05-21,FALSE,4,Indie/Alternative
98,spotify:track:0JKEP4dB1riE6l7Kq5kJm1,Chillies,Em Đừng Khóc,WM Vietnam,3,98,67,235209,2026-05-21,FALSE,0,Indie/Alternative
99,spotify:track:4TyQKEifYDWTfTSRwpxlYI,Quân A.P,Bông Hoa Đẹp Nhất,Great Entertainment,32,127,125,231469,2026-05-21,FALSE,28,Ballad
100,spotify:track:5tmA5oQDF0ULqRI12LKCDw,JayKii,Chiều Hôm Ấy,The First Management,95,117,30,230883,2026-05-21,FALSE,17,Ballad
101,spotify:track:1i5SZL7Ngz0sYFaKmwieyw,"Quang Hùng MasterD, Low G, Hino",Chất Gây Hại,M Music Records,16,91,22,226616,2026-05-21,FALSE,-10,Rap/Hip-hop
102,spotify:track:1LJyhnPdYGRLerwJd8CmL1,"Vũ., Dear Jane",Những Lời Hứa Bỏ Quên,WM Vietnam,1,119,127,226082,2026-05-21,FALSE,17,Indie/Alternative
103,spotify:track:5C3fx9rdM4Bxf1MSOQC4Ym,"Low G, Thắng",An Thần,M Music Records,2,140,239,225461,2026-05-21,FALSE,37,Rap/Hip-hop
104,spotify:track:0oL2jCTf9P9a7flY5mCpYu,"Wxrdie, JustaTee",Trở Về,Universal Music Indochina Distributed Labels,54,125,64,223992,2026-05-21,FALSE,21,Rap/Hip-hop
105,spotify:track:19U8QkwGDiQnYtnNIlspuo,Ronboogz,Nói Dối,MaiDao Music,3,65,133,223386,2026-05-21,FALSE,-40,Indie/Alternative
106,spotify:track:3bmpXHVie1GTy37OkXJ7Vc,BTS,2.0,BIGHIT MUSIC,11,93,9,223039,2026-05-21,FALSE,-13,Rap/Hip-hop
107,spotify:track:54PbBpquVfhfrwRwvjSXbI,"Charlie Puth, Selena Gomez",We Don't Talk Anymore (feat. Selena Gomez),Artist Partner,71,108,286,221136,2026-05-21,FALSE,1,R&B/Soul
108,spotify:track:7q1qYSyRkGT4ZaCc2ZQihP,"Hoàng Tôn, Koo",Em Còn Nhớ Anh Không - Remastered,Hoàng Tôn,69,113,58,220287,2026-05-21,FALSE,5,Ballad
109,spotify:track:6qgATU8r0ZPcPFPtZ5qA7B,Long Cao,Em Của Anh Đừng Của Ai!,Long Cao,109,171,3,220146,2026-05-21,FALSE,62,Pop
110,spotify:track:5BJqg07SKgmFnVLOBmLFvq,Bùi Anh Tuấn,"Hẹn Một Mai - From"" 4 Năm 2 Chàng 1 Tình Yêu""",1LABEL,109,178,57,219706,2026-05-21,FALSE,68,Ballad
111,spotify:track:4Iz5EWPCAT8jYNk4IpLoll,buitruonglinh,Dù Cho Mai Về Sau,Yin Yang Media,10,147,269,219232,2026-05-21,FALSE,36,Indie/Alternative
112,spotify:track:5Bti0azlFhMattVY76qFr9,Vũ.,Lạ Lùng,WM Vietnam,17,135,424,218680,2026-05-21,FALSE,23,Indie/Alternative
113,spotify:track:6OWWZtNQORY1McaZmOrwhc,CORTIS,GO!,Republic Records – CORTIS,82,107,26,218475,2026-05-21,FALSE,-6,Pop
114,spotify:track:4vfhartd7HDWGJbdVIycEu,Sơn Tùng M-TP,Muộn Rồi Mà Sao Còn,Umusic Vietnam Co. Ltd. Distributed Labels,1,139,265,218371,2026-05-21,FALSE,25,Pop
115,spotify:track:0KA8tBqZ81mBe2po59GK5j,Đỗ Hoàng Long,Trạng Thái Mộng Mơ,Umusic Vietnam Co. Ltd. Distributed Labels,92,124,13,217341,2026-05-21,FALSE,9,Indie/Alternative
116,spotify:track:5VGOYjxkEaf19LoRPIolD2,"The Wind, Dangrangto",Anh Muốn Nhìn Thấy Em,M Music Records,77,114,75,217308,2026-05-21,FALSE,-2,Indie/Alternative
117,spotify:track:317Lh6QCAz9JpWbV3oxrCf,"Phùng Khánh Linh, Thành Luke",EM ĐAU,BLACK SWAN LABEL LLC.,62,126,19,217277,2026-05-21,FALSE,9,Ballad
118,spotify:track:20dAJsyno9ZoBLJtqgQnUI,BTS,Hooligan,BIGHIT MUSIC,8,103,9,214732,2026-05-21,FALSE,-15,Pop
119,spotify:track:1VyXprVXZYNGWWZf1u4JfN,CORTIS,Blue Lips,Republic Records – CORTIS,59,64,3,214604,2026-05-21,FALSE,-55,Pop
120,spotify:track:5U30iZBlmxkpHqzb1OSnBS,Rhymastic,Yêu 5,WM Vietnam,77,120,224,212946,2026-05-21,FALSE,0,R&B/Soul
121,spotify:track:3dCdcURa0Kk5UWXRY00HQy,CORTIS,Wassup,Republic Records – CORTIS,66,66,3,212629,2026-05-21,FALSE,-55,Pop
122,spotify:track:3b34161QoxLwsqhWSPy9i5,Da LAB,Thanh Xuân,Sony Music Entertainment,1,137,401,212348,2026-05-21,FALSE,15,Indie/Alternative
123,spotify:track:1FUdEz4fX1DxPcVAARlu6A,GREY D,yêu em như…,Umusic Vietnam Co. Ltd. Distributed Labels,13,109,8,211840,2026-05-21,FALSE,-14,R&B/Soul
124,spotify:track:6rEWOmyRZwZ4Aouth1YBSX,B Ray,Tệ Hại Và Xấu Xí,Great Entertainment/Sony Music,73,73,2,209635,2026-05-21,FALSE,-51,Rap/Hip-hop
125,spotify:track:7fCeYpR02Q8JVuD88hJZVT,"Da LAB, Minh Tốc & Lam",Bầu Trời Mới,Universal Music Indochina Distributed Labels,8,133,85,208848,2026-05-21,FALSE,8,Indie/Alternative
126,spotify:track:6E3P4uOfKHYXJLK6Q3s0Tj,"JustaTee, Binz",Cơn Mưa Cuối,NGUYEN THANH TUAN,86,123,29,208469,2026-05-21,FALSE,-3,Rap/Hip-hop
127,spotify:track:1J12HjUuXfJnaUdubTEzSR,HIEUTHUHAI,Nghe Như Tình Yêu,M Music Records,35,130,244,207777,2026-05-21,FALSE,3,R&B/Soul
128,spotify:track:0pavLg3wbL6PVXAgXoWv4S,"24k.Right, Ngắn, Hipz",Một Nửa Sự Thật,Universal Music Indochina,119,122,7,207333,2026-05-21,FALSE,-6,R&B/Soul
129,spotify:track:6epn3r7S14KUqlReYr77hA,"Justin Bieber, Ludacris",Baby,RBMG/Def Jam,27,104,6,205348,2026-05-21,FALSE,-25,Pop
130,spotify:track:4ecdsGz3Hg6TKPwQ0ZOdJz,CORTIS,FaSHioN,Republic Records – CORTIS,90,118,24,204129,2026-05-21,FALSE,-12,Pop
131,spotify:track:0rR27Ayle8G7sKoCt8OWUr,Dương Domic,Mất Kết Nối,DAO Entertainment,2,106,78,202677,2026-05-21,FALSE,-25,R&B/Soul
132,spotify:track:7J9l9ebYB3IEs5ea5J1M7a,"Da LAB, Tóc Tiên",Nước Mắt Em Lau Bằng Tình Yêu Mới,MUNIZ MUSIC COMPANY LIMITED,107,161,117,202497,2026-05-21,FALSE,29,Pop
133,spotify:track:6KIhgRkprgyJNERRMu7Quh,MIN,Có Em Chờ,MIN,117,176,54,202367,2026-05-21,FALSE,43,Pop
134,spotify:track:2Wjghh0RpiBquLsJ932X6R,Ronboogz,nhắn nhủ,MaiDao Music,14,82,127,202073,2026-05-21,FALSE,-52,Indie/Alternative
135,spotify:track:7G7mSV4BebkoHWwKTDvXu9,"V, Park Hyo Shin",Winter Ahead (with PARK HYO SHIN),BIGHIT MUSIC,3,192,67,202050,2026-05-21,FALSE,57,Pop
136,spotify:track:4N99EuIjwSSFFFMDfTeOLU,"buitruonglinh, Vũ Phụng Tiên",Em Không Khóc (feat. Vũ Phụng Tiên),Yin Yang Media,62,152,185,201873,2026-05-21,FALSE,16,Indie/Alternative
137,spotify:track:5PGh9MyKry8slG5AfvD1eD,"Obito, Shiki, VSTRA",Hà Nội,12 trái lê,10,145,137,201542,2026-05-21,FALSE,8,Rap/Hip-hop
138,spotify:track:6IxPiUQI4Cd0mL0pBIOjAg,HIEUTHUHAI,Hết Yêu,M Music Records,39,85,4,199702,2026-05-21,FALSE,-53,R&B/Soul
139,spotify:track:6TGwaBlfUGVoeZMBLzvXGP,"Dangrangto, DONAL",thế giới của anh,Higher Dimension,50,143,16,197409,2026-05-21,FALSE,4,Indie/Alternative
140,spotify:track:6uxuJ8Fr1AAfSPJUF9N1yr,Vũ.,Bước Qua Mùa Cô Đơn,WM Vietnam,1,168,272,196129,2026-05-21,FALSE,28,Indie/Alternative
141,spotify:track:7HoAJ6Hc1P91eoOrn1WY5d,"Đức Trường, BMZ, Kun",Đáng Lý Ra Phải Là Anh,BMZ,90,134,23,196009,2026-05-21,FALSE,-7,Ballad
142,spotify:track:1zvL2X6HPrLfvtSY4DpopE,MIN,Em Mới Là Người Yêu Anh,MIN,1,162,157,195096,2026-05-21,FALSE,20,Pop
143,spotify:track:2ppLwHSMgDGEQ5c8o6nAX2,Low G,Simp Gái 808,M Music Records,9,157,136,193629,2026-05-21,FALSE,14,Rap/Hip-hop
144,spotify:track:0sR5ThoE0uoskXWrm6KDxP,Kha,Hư không,MaiDao Music,22,121,123,192960,2026-05-21,FALSE,-23,Ballad
145,spotify:track:5prZw3OHd2UhAq0VBKpqUM,GREY D,mới hôm qua,Umusic Vietnam Co. Ltd. Distributed Labels,34,148,8,192254,2026-05-21,FALSE,3,R&B/Soul
146,spotify:track:3COYA2vgfcUhDyRlVpZy5p,"tlinh, Low G",PHÓNG ZÌN ZÌN,M Music Records,4,132,87,192228,2026-05-21,FALSE,-14,Rap/Hip-hop
147,spotify:track:2aoGg3figtbrChUCZIopCK,"Tọi, Long Nón Lá, Phương Nghiêm",Mắt Bão,TECHBEAT Music,147,-1,1,192016,2026-05-21,TRUE,NaN,Rap/Hip-hop
148,spotify:track:3gLRyMbg5nWLcuKD46Uz72,Phương Ly,Anh Là Ai,PHUONG LY,109,149,34,191318,2026-05-21,FALSE,1,Pop
149,spotify:track:55K3e7BGewGDUJ4ZQwkh7M,Only C,Người Đáng Thương Là Anh,OnlyC Production,131,131,18,191102,2026-05-21,FALSE,-18,Ballad
150,spotify:track:51bYFYWODfYOZU0rwvjiCc,"Binz, Đen",Cho Mình Em,Spacespeakers,32,144,130,190807,2026-05-21,FALSE,-6,Rap/Hip-hop
151,spotify:track:7dlgEjrK3lHbP786dshKDV,"ANH TRAI ""SAY HI"", B Ray, AMEE",CHỜ ANH VỀ,Universal Music Indochina Distributed Labels,2,142,24,190058,2026-05-21,FALSE,-9,Rap/Hip-hop
152,spotify:track:2G5ujw3rrWcAXQqT8PVnrz,"Obito, Shiki, Lăng LD",Đầu Đường Xó Chợ,12 trái lê,39,182,82,190044,2026-05-21,FALSE,30,Rap/Hip-hop
153,spotify:track:4QNH4OjJ9W10afDYAHi03I,HIEUTHUHAI,Anh Nên Đi Khỏi Đây,M Music Records,36,95,4,189963,2026-05-21,FALSE,-58,Rap/Hip-hop
154,spotify:track:5wYQC7AuxV8ROALWcbVNxc,"Hoàng Dũng, Rhymastic, Lelarec",Giữ Anh Cho Ngày Hôm Qua,Lirico Entertainment,40,156,32,189449,2026-05-21,FALSE,2,Ballad
155,spotify:track:42i1d7gos5WvqZIFWCfE7E,Ngô Lan Hương,"Có công mài ""Sắc""",Ngô Lan Hương Exclusive,85,184,6,188067,2026-05-21,FALSE,29,Pop
156,spotify:track:0jHpGB1Xt2kIX0VaPFvStp,"Tùng TeA, PC, TaynguyenSound",Già Cùng Nhau Là Được,12 trái lê,70,198,146,187797,2026-05-21,FALSE,42,Rap/Hip-hop
157,spotify:track:170CNv2CAZn8wg6GxvHXYC,"B Ray, AMEE",Ex's Hate Me,B Ray,129,172,29,187620,2026-05-21,FALSE,15,Rap/Hip-hop
158,spotify:track:6s3w7SUVtmm68Bw5KrKMh0,BTS,One More Night,BIGHIT MUSIC,21,-1,4,187614,2026-05-21,TRUE,NaN,Pop
159,spotify:track:6D94p9ASguBcYlDC0o56vx,HIEUTHUHAI,NOLOVENOLIFE,M Music Records,24,136,136,187199,2026-05-21,FALSE,-23,Rap/Hip-hop
160,spotify:track:2uxjHthUJd2A8PmWaUGGsI,"Hoàng Dũng, Hoàng Rob",Chờ Anh Nhé,Lirico Entertainment,99,159,49,186825,2026-05-21,FALSE,-1,Indie/Alternative
161,spotify:track:2GE2p2dFpxp7OIz2QOFBzW,"ANH TRAI ""SAY HI"", HURRYKNG, HIEUTHUHAI, Negav, Pháp Kiều, Isaac","KIM PHÚT, KIM GIỜ (feat. HURRYKNG, HIEUTHUHAI, Negav, Pháp Kiều & Isaac)",Anh Trai Say Hi,5,155,82,186118,2026-05-21,FALSE,-6,Rap/Hip-hop
162,spotify:track:3y66li7DIrH7HLKIZzxR5H,Kai Đinh,Lễ Đường,Yin Yang Media,3,141,62,185862,2026-05-21,FALSE,-21,Ballad
163,spotify:track:50cmxP6KlnQA9IG3q5ckKD,Chillies,Mascara,WM Vietnam,3,165,226,183920,2026-05-21,FALSE,2,Indie/Alternative
164,spotify:track:2FnXZhpEKgIab8vI6t2C7e,"Shiki, Tyronee",Perfect,12 trái lê,74,170,58,183586,2026-05-21,FALSE,6,Rap/Hip-hop
165,spotify:track:53zusvCJkyGYjEZ6bnLIjh,Hà Anh Tuấn,Tháng Tư Là Lời Nói Dối Của Em,Yin Yang Media,49,196,62,183122,2026-05-21,FALSE,31,Ballad
166,spotify:track:7kgzRBNkBRArtTPkYjWLYT,"14 Casper, Bon Nghiêm",bao tiền một mớ bình yên?,DANDERLÉON,9,185,261,180826,2026-05-21,FALSE,19,Ballad
167,spotify:track:25NLn8W1JxuVrXQTVrDA4c,"Dfoxie37, myhoa, Tuann",hello em có khỏe không,Universal Music Indochina Distributed Labels,15,151,25,179842,2026-05-21,FALSE,-16,Pop
168,spotify:track:7CyPwkp0oE8Ro9Dd5CUDjW,"The Weeknd, JENNIE, Lily-Rose Depp","One Of The Girls (with JENNIE, Lily Rose Depp)",XO / Republic Records,11,169,152,179713,2026-05-21,FALSE,1,R&B/Soul
169,spotify:track:527UV7H9SbnmTVkxBVg56X,Sơn Tùng M-TP,Chắc Ai Đó Sẽ Về,Umusic Vietnam Co. Ltd. Distributed Labels,126,195,37,179317,2026-05-21,FALSE,26,Pop
170,spotify:track:3UJ2gSPFPSkPKZghRI8y1e,Dangrangto,Love is,MaiDao Music,10,97,82,177478,2026-05-21,FALSE,-73,Indie/Alternative
171,spotify:track:1fFvYVg1v3rpUSqKNCUh7b,VCT,Người Bình Thường,Universal Music Indochina Distributed Labels,49,174,59,177071,2026-05-21,FALSE,3,Ballad
172,spotify:track:498g7npirihKT5MPdVSfb0,Hoàng Dũng,Phonecert,"CAM, LIRICO",137,163,22,174753,2026-05-21,FALSE,-9,R&B/Soul
173,spotify:track:1mtmvJjTchdqDCoJbFv1Op,"OgeNus, Dangrangto",Tuyển Bạn Gái,Universal Music Indochina Distributed Labels,40,158,6,174367,2026-05-21,FALSE,-15,Rap/Hip-hop
174,spotify:track:6hUpxEKFSjS8metuA1yxlf,SOOBIN,Vai Lan Don Dua,Space Speakers,46,-1,243,174222,2026-05-21,TRUE,NaN,Pop
175,spotify:track:3H6nzsPNMttEvUl3ai3xN8,Chillies,Vùng Ký Ức,WM Vietnam,1,190,129,174125,2026-05-21,FALSE,15,Indie/Alternative
176,spotify:track:1izPmgSW7FV6XFdEOiTvOY,"Changg, Minh Huy",Em Không Hiểu,Universal Music Indochina Distributed Labels,27,-1,242,173923,2026-05-21,TRUE,NaN,R&B/Soul
177,spotify:track:4D1eaEIisnWCVPMnYuMh7q,白浩贤BlueC,漫步香港1999,腾讯音乐人,13,166,14,173879,2026-05-21,FALSE,-11,Indie/Alternative
178,spotify:track:1YG2V1ejfyoKgrPPGJDrVW,"Dương Domic, Lou Hoàng",Pin Dự Phòng,DAO Entertainment,13,179,46,170774,2026-05-21,FALSE,1,R&B/Soul
179,spotify:track:7AD5F85waSb3yZxZxEXhJM,"Tóc Tiên, Touliver",Có Ai Thương Em Như Anh,Yin Yang Media,20,-1,146,170680,2026-05-21,TRUE,NaN,EDM/Dance
180,spotify:track:3J06iY9IRWKr1H0zIxrUby,"Orange, Hoàng Dũng",Khi Em Lớn,Universal Music Indochina,4,-1,224,170450,2026-05-21,TRUE,NaN,R&B/Soul
181,spotify:track:5iMdP8UpQS4Vn43R30fhhs,Only C,Đau Để Trưởng Thành,Onlyc Entertainment,130,-1,19,167907,2026-05-21,TRUE,NaN,Ballad
182,spotify:track:7so0lgd0zP2Sbgs2d7a1SZ,"Lady Gaga, Bruno Mars",Die With A Smile,Interscope Records,4,173,89,167068,2026-05-21,FALSE,-9,Ballad
183,spotify:track:5YPU2SdqR2pOsfFs5AW25q,"Rum, NIT",Kém Duyên,Rum,120,-1,7,166331,2026-05-21,TRUE,NaN,Indie/Alternative
184,spotify:track:08ULi904W2Po6pVj8nN7KC,"GREY D, Chillies",đưa em về nhàa,Umusic Vietnam Co. Ltd. Distributed Labels,3,188,158,165093,2026-05-21,FALSE,4,R&B/Soul
185,spotify:track:6UFvSmKzCZ16fxsybf4PhE,"Nguyễn Trọng Tài, Don Raemo, Double X",HONGKONG1,T2B Media,150,150,12,164699,2026-05-21,FALSE,-35,Indie/Alternative
186,spotify:track:7jLSThU5Kg1RWt19Leiaxm,"RPT MCK, Trung Trần",Chìm Sâu,abandonh3ll records,1,199,220,164168,2026-05-21,FALSE,13,R&B/Soul
187,spotify:track:4FT18tLTmf3QNBzG5r6OTj,"Đen, Ngọc Linh",Mười Năm (Lộn Xộn 3),Đen,17,-1,132,163660,2026-05-21,TRUE,NaN,Rap/Hip-hop
188,spotify:track:4qYfRfSxsmhJ1WMaywtLyI,"Wren Evans, itsnk",Từng Quen,Universal Music Indochina,1,177,123,163492,2026-05-21,FALSE,-11,R&B/Soul
189,spotify:track:5xuaCJaNAqRLwV7OO5zPiF,"W/N, Duongg, Nâu",3 1 0 7 (feat. Duongg & Nâu),"HONG AN ENTERTAIMENT,.JSC",11,-1,290,163324,2026-05-21,TRUE,NaN,R&B/Soul
190,spotify:track:55Eo6NDkVhSRBonrT16kXM,"Cloud 5, Dangrangto",Đến Đây Bên Anh,Yin Yang Media,66,-1,58,163267,2026-05-21,TRUE,NaN,Indie/Alternative
191,spotify:track:2RkZ5LkEzeHGRsmDqKwmaJ,Alex Warren,Ordinary,Atlantic Records,38,180,16,162917,2026-05-21,FALSE,-11,Pop
192,spotify:track:2SykQzXuFSeprST1uDjj1m,AMEE,trời giấu trời mang đi,Yin Yang Media,52,-1,86,162539,2026-05-21,TRUE,NaN,R&B/Soul
193,spotify:track:5cF0dROlMOK5uNZtivgu50,Charlie Puth,Attention,Artist Partner,21,197,202,161291,2026-05-21,FALSE,4,R&B/Soul
194,spotify:track:3ZbZtdEw9U0uZW4tZItIwq,"RHYDER, CoolKid, BAN",Chịu Cách Mình Nói Thua,RHYDER,6,-1,121,161040,2026-05-21,TRUE,NaN,Rap/Hip-hop
195,spotify:track:4wJ5Qq0jBN4ajy7ouZIV1c,"ROSÉ, Bruno Mars",APT.,Atlantic Records,2,-1,69,161000,2026-05-21,TRUE,NaN,Pop
196,spotify:track:5zXCoF69UxPNLrpar8Rk7e,Nguyễn Hùng,Còn Gì Đẹp Hơn - Mưa Đỏ Original Soundtrack,Universal Music Indochina Distributed Labels,2,-1,34,160543,2026-05-21,TRUE,NaN,Khác
197,spotify:track:65st6HfPZyxq1RNTvqSIos,"Wren Evans, itsnk",Thu Đợi,Universal Music Indochina Distributed Labels,6,183,21,159538,2026-05-21,FALSE,-14,R&B/Soul
198,spotify:track:1uiqiUzPn2EJpvHDy84PEZ,"EM XINH ""SAY HI"", Orange, Mỹ Mỹ, 52Hz, Châu Bùi, Pháp Kiều",KHÔNG ĐAU NỮA RỒI,Em Xinh Say Hi,2,200,46,159085,2026-05-21,FALSE,2,Rap/Hip-hop
199,spotify:track:2OSjnBrQQ0CNKxIUM2GQDk,"JustaTee, Binz",Crying Over You,NGUYEN THANH TUAN,199,-1,1,158518,2026-05-21,TRUE,NaN,R&B/Soul
200,spotify:track:2kt7udEZmN2kj1Jsl118zY,Wxrdie,0 AI NGHĨ,M Music Records,92,-1,33,157970,2026-05-21,TRUE,NaN,Rap/Hip-hop
1,spotify:track:2HRgqmZQC0MC7GeNuDIXHN,"Jung Kook, Latto",Seven (feat. Latto) (Explicit Ver.),BIGHIT MUSIC,1,1,150,2331269,2026-05-28,FALSE,0,Pop
2,spotify:track:68lbSrXDORS51pmyjZv712,BTS,SWIM,BIGHIT MUSIC,1,2,10,1723176,2026-05-28,FALSE,0,Pop
3,spotify:track:1ApIGNgp1azc0qB61x4GzG,"Hngle, Ari",Không Buông,Umusic Vietnam Co. Ltd. Distributed Labels,2,3,38,911671,2026-05-28,FALSE,0,Pop
4,spotify:track:0a32EBPjqAe47cYDPE5Ia5,"Binz, SOOBIN",Em (feat. SOOBIN),SS LABEL,4,-1,1,857352,2026-05-28,TRUE,NaN,R&B/Soul
5,spotify:track:2KslE17cAJNHTsI2MI0jb2,Jung Kook,Standing Next to You,BIGHIT MUSIC,1,5,133,796857,2026-05-28,FALSE,0,Pop
6,spotify:track:5xVCfx47vCXuLdpfbepqEo,HIEUTHUHAI,Người Im Lặng Gặp Người Hay Nói,M Music Records,2,4,12,720760,2026-05-28,FALSE,-2,Rap/Hip-hop
7,spotify:track:73RcFjiDtStfP3GCW44vJu,"Minh Huy, Pinny",Ngày Rời Chuyến Bay,12 trái lê,6,6,8,688856,2026-05-28,FALSE,-1,Ballad
8,spotify:track:7uUuftbcr94tzGOCJSM25u,"Low G, JustaTee",In Love,M Music Records,2,7,31,665699,2026-05-28,FALSE,-1,Rap/Hip-hop
9,spotify:track:4nXrVH5xwN1w6TpmP7uu8n,"HIEUTHUHAI, marzuz",Exit Sign,M Music Records,4,8,137,628285,2026-05-28,FALSE,-1,Rap/Hip-hop
10,spotify:track:0NyrI1tMvqcK3vU5z9DMdI,JustaTee,She Neva Knows,NGUYEN THANH TUAN,10,13,17,626048,2026-05-28,FALSE,3,R&B/Soul
11,spotify:track:7bFFUPBiF15n8m8RziqS4o,GREY D,dự báo thời tiết hôm nay mưa,Umusic Vietnam Co. Ltd. Distributed Labels,7,9,184,617954,2026-05-28,FALSE,-2,R&B/Soul
12,spotify:track:6Qwl74olNi1rl65FNxG5We,"marzuz, Changg",Và Thế Giới Đã Mất Đi Một Người Cô Đơn,Universal Music Indochina,7,11,27,525474,2026-05-28,FALSE,-1,Ballad
13,spotify:track:2a5hng9yXtbjtTVVm9UviC,VCT,Mơ,Universal Music Indochina Distributed Labels,6,12,196,510607,2026-05-28,FALSE,-1,Pop
14,spotify:track:2fCwv2ppU5nTRTckomIGsd,CORTIS,REDRED,Republic Records – CORTIS,5,10,6,490144,2026-05-28,FALSE,-4,Pop
15,spotify:track:2wZAvkgiOE5tyrnqhB69KA,Sơn Tùng M-TP,Âm Thầm Bên Em,Umusic Vietnam Co. Ltd. Distributed Labels,9,14,292,489824,2026-05-28,FALSE,-1,Ballad
16,spotify:track:41DlPJXKTCypXdf2eSqa03,"Vũ., Binz",bình yên,WM Vietnam,4,16,91,464647,2026-05-28,FALSE,0,Rap/Hip-hop
17,spotify:track:6Zoi4ue74UdUeYmHXItXnf,"B Ray, V#",Vùng An Toàn,MIXUS,3,21,47,464149,2026-05-28,FALSE,4,Rap/Hip-hop
18,spotify:track:4BdB08vuS9r4HOoY7GkAxT,SOOBIN,Nếu Ngày Ấy,SS LABEL,18,18,75,454128,2026-05-28,FALSE,0,Ballad
19,spotify:track:5KYv3kORBKUmVEoqbRRWxt,"Bảo Anh, Táo",Từng Là Của Nhau,Yin Yang Media,7,15,38,452581,2026-05-28,FALSE,-4,Ballad
20,spotify:track:4CUvVaAYuXtvYURLFz7EIL,"Emcee L (Da LAB), Da LAB, Muộii (Starry Night)",Chuyện Đôi Ta (feat. Muộii),Yin Yang Media,3,26,234,443391,2026-05-28,FALSE,6,Ballad
21,spotify:track:6GM4ZOBDcDroldUxI8GZ2B,"VSTRA, Tyronee",Ai Ngoài Anh,CDSL,2,19,21,442509,2026-05-28,FALSE,-2,R&B/Soul
22,spotify:track:6mKMGpkgP2cH5gmqILWe7b,Fishy,vết thương,LOOPS Music,15,28,54,437288,2026-05-28,FALSE,6,Ballad
23,spotify:track:27Z9T0mSWHYWSj9SNOGvyt,"JustaTee, Phương Ly",Thằng Điên,NGUYEN THANH TUAN,2,29,199,420785,2026-05-28,FALSE,6,R&B/Soul
24,spotify:track:3J3nv18iIrOhca1ZWNeuyW,JustaTee,Đã Lỡ Yêu Em Nhiều,NGUYEN THANH TUAN,24,37,173,410070,2026-05-28,FALSE,13,Ballad
25,spotify:track:0t8g66pWghsU8MphjUQIdg,"Phùng Khánh Linh, 30 Pictures",Cảm Ơn Người Đã Thức Cùng Tôi,+84 Vietnam New Wave,5,25,14,406765,2026-05-28,FALSE,0,Ballad
26,spotify:track:5cn5oHiXJTLiuthgbgfkMh,VCT,Vết Mưa,Universal Music Indochina Distributed Labels,19,20,116,406009,2026-05-28,FALSE,-6,Ballad
27,spotify:track:3T7XHOdRcyhKU3QCB6kZG3,"MIN, Dangrangto, antransax",chẳng phải tình đầu sao đau đến thế,WM Vietnam,2,33,31,403213,2026-05-28,FALSE,6,Indie/Alternative
28,spotify:track:1MiJk3dXC5jzhvLFP0dUM7,Da LAB,Thức Giấc,Yin Yang Media,1,46,255,398388,2026-05-28,FALSE,18,Pop
29,spotify:track:1K0HQ30Wc11okzlcnFA7Ub,HIEUTHUHAI,Không Thể Say,M Music Records,7,22,162,396669,2026-05-28,FALSE,-7,Rap/Hip-hop
30,spotify:track:42AOwjuMmIN1ioyyWB60Lw,GREY D,hoá ra…,Umusic Vietnam Co. Ltd. Distributed Labels,5,23,9,386139,2026-05-28,FALSE,-7,R&B/Soul
31,spotify:track:5rSAUmbOg4giDrM29vUyHe,Sơn Tùng M-TP,Nơi Này Có Anh,Umusic Vietnam Co. Ltd. Distributed Labels,5,31,364,385480,2026-05-28,FALSE,0,Pop
32,spotify:track:2o4dDfLK6NVI7TjBm5VoMv,"Lou Hoàng, Miu Lê",Yêu Một Người Có Lẽ,Onlyc Entertainment,17,17,223,385285,2026-05-28,FALSE,-15,Pop
33,spotify:track:3DLtPObflLQBodZN8qGODT,"JustaTee, BigDaddy",2AM,WM Vietnam,18,27,213,383521,2026-05-28,FALSE,-6,R&B/Soul
34,spotify:track:11T61UpoNbbcewOMl1kcWN,NHONHO,Dạo Bước HongKong 1999,NHONHO,5,30,9,376867,2026-05-28,FALSE,-4,Indie/Alternative
35,spotify:track:3x7Hh3zsE1wcXCU2G8l5tP,SOOBIN,DANCING IN THE DARK,SS LABEL,3,36,63,374554,2026-05-28,FALSE,1,EDM/Dance
36,spotify:track:3Ids3RXurYBgySph53qWnB,buitruonglinh,Từng Ngày Yêu Em,LOOPS Music,9,35,73,372783,2026-05-28,FALSE,-1,Indie/Alternative
37,spotify:track:0fGJiHH6xSUJU1MAVjxq5m,"Karik, GDucky",Bạn Đời,WM Vietnam,5,32,139,368373,2026-05-28,FALSE,-5,Rap/Hip-hop
38,spotify:track:6VXVYATpQXEIoZ97NnWCmn,"Madihu, Vũ.",Vì Anh Đâu Có Biết,WM Vietnam,2,47,199,366455,2026-05-28,FALSE,9,Ballad
39,spotify:track:6QFCMUUq1T2Vf5sFUXcuQ7,"Justin Bieber, Nicki Minaj",Beauty And A Beat,RBMG/Def Jam,9,24,7,357546,2026-05-28,FALSE,-15,EDM/Dance
40,spotify:track:4UC3NBjtqbYcqPqRq1s57D,Lyly,24h,WM Vietnam,40,54,54,355051,2026-05-28,FALSE,14,Ballad
41,spotify:track:4gaxEUZE4z9pJAVTSFwgQI,"14 Casper, Bon Nghiêm, buitruonglinh",một đời,DANDERLÉON,14,40,113,354791,2026-05-28,FALSE,-1,Indie/Alternative
42,spotify:track:5tdz7T4hTxA1ipJMBe24uX,AMEE,"ex's hate me, Pt.2",Yin Yang Media,13,39,188,354342,2026-05-28,FALSE,-3,Pop
43,spotify:track:1DVYafsLmcQySKkJnY4RCs,"MAYDAYs, Minh Tốc & Lam",Phép Màu - Đàn Cá Gỗ Original Soundtrack,Universal Music Indochina Distributed Labels,2,48,65,348787,2026-05-28,FALSE,5,Khác
44,spotify:track:6Hs2xIgB8nzyGFDvVA8lFa,"Madihu, Low G",Có Em,NGUYEN CHI PHONG,4,38,214,344429,2026-05-28,FALSE,-6,Rap/Hip-hop
45,spotify:track:3dbfL7nHOZlM4adzLHNnB3,"Juky San, buitruonglinh",Người Đầu Tiên,DAO Entertainment,2,34,30,337311,2026-05-28,FALSE,-11,Ballad
46,spotify:track:7mblTCdc14ylJ1JW71MODb,buitruonglinh,Giờ Thì,LOOPS Music,11,41,76,333589,2026-05-28,FALSE,-5,Indie/Alternative
47,spotify:track:4MCP9l0QB9YN2LCkIy8mz4,Obito,Dạo Này,12 trái lê,8,43,22,331644,2026-05-28,FALSE,-4,Rap/Hip-hop
48,spotify:track:6nInHlewtrNKguNKlXt0Ur,"Shartnuss, Phankeo, Tr.D",Nắng có mang em về,MaiDao Music,4,45,120,324863,2026-05-28,FALSE,-3,Indie/Alternative
49,spotify:track:58ZlEBxBrzISXtmcOPo476,SOOBIN,giá như,SS LABEL,13,44,111,324109,2026-05-28,FALSE,-5,Ballad
50,spotify:track:4nyoalDFgUaZOzIKqj3aS5,"Đặng Vĩnh Thịnh, BMZ, Nguyễn Trung Đức",Ngàn Năm Ánh Sáng,BMZ JSC,5,49,42,322475,2026-05-28,FALSE,-1,Ballad
51,spotify:track:6n2xOcqQrNOY0IfgATSwWs,"Puppy, Dangrangto",Wrong Times,MaiDao Music,3,55,134,317377,2026-05-28,FALSE,4,Indie/Alternative
52,spotify:track:1r9gNSD1WUFscqTSA2Rcet,MAYDAYs,Hẹn Lần Sau,Universal Music Indochina Distributed Labels,13,63,23,311434,2026-05-28,FALSE,11,Indie/Alternative
53,spotify:track:5BTzf3doGTigDIYUFtbkI9,"Emcee L (Da LAB), Da LAB, Badbies",Sinh Ra Đã Là Thứ Đối Lập Nhau (feat. Badbies),Yin Yang Media,5,72,283,309169,2026-05-28,FALSE,19,Ballad
54,spotify:track:31VNCmwspR7nVJ6kruUuJt,Sơn Tùng M-TP,Đừng Làm Trái Tim Anh Đau,Umusic Vietnam Co. Ltd. Distributed Labels,1,60,103,302830,2026-05-28,FALSE,6,Pop
55,spotify:track:2pm7K14nHj2fLrpU8j9bit,PC,10 Ngàn Năm,12 trái lê,27,51,207,299911,2026-05-28,FALSE,-4,Rap/Hip-hop
56,spotify:track:01qFKNWq73UfEslI0GvumE,"Jung Kook, Jack Harlow",3D (feat. Jack Harlow),BIGHIT MUSIC,2,50,138,299419,2026-05-28,FALSE,-6,Pop
57,spotify:track:1UhQ0VwKq2PGnLiAZOJYV1,Binz,Em,SS LABEL,4,-1,27,296948,2026-05-28,TRUE,NaN,R&B/Soul
58,spotify:track:6ag0c7tBr3PIqPb00C2rK4,"VCT, Negav, Jey B, Ngô Kiến Huy",NGƯỜI NHƯ ANH XỨNG ĐÁNG CÔ ĐƠN - KHÔNG ĐAU NỮA RỒI,VIE NETWORK CORPORATION / ADA,45,66,13,294843,2026-05-28,FALSE,8,Rap/Hip-hop
59,spotify:track:3vSmjbKFByNM6l31NmFlmB,"GREY D, MIN",đôi mắt kẻ tình si,Umusic Vietnam Co. Ltd. Distributed Labels,12,53,9,292096,2026-05-28,FALSE,-6,R&B/Soul
60,spotify:track:4QalnBNnw9uK1dj543nf76,Dương Domic,Không Thời Gian,DAO Entertainment,2,61,36,290984,2026-05-28,FALSE,1,R&B/Soul
61,spotify:track:7Ldcvhcl4Xj4eOTSWpZus5,CORTIS,ACAI,Republic Records – CORTIS,25,42,4,286875,2026-05-28,FALSE,-19,Pop
62,spotify:track:25h0TqC9H3BcMA7KjK5nHK,"GREY D, tlinh",vaicaunoicokhiennguoithaydoi,Umusic Vietnam Co. Ltd. Distributed Labels,2,57,206,283391,2026-05-28,FALSE,-5,R&B/Soul
63,spotify:track:66v7AvDs5gZfmkJgFMMtHL,"Công Dương, Nguyễn Lâm Thảo Tâm, 30 Pictures",A Little Dream Of Me,+84 Vietnam New Wave,22,70,12,282259,2026-05-28,FALSE,7,Khác
64,spotify:track:5ouxRyInSdRBQubu3KTd97,"tlinh, 2Pillz",nếu lúc đó,M Music Records,1,75,169,282078,2026-05-28,FALSE,11,R&B/Soul
65,spotify:track:54UNNgtE3zzERwTuWSQLqd,"MONSTAR, GREY D, VƯƠNG BÌNH",có hẹn với thanh xuân,Yin Yang Media,5,95,176,278900,2026-05-28,FALSE,30,R&B/Soul
66,spotify:track:71luUs5K7N1fdf7ecMKg04,B Ray,Cho Con (Lullaby pt.2),Great Entertainment/Sony Music,66,-1,1,278439,2026-05-28,TRUE,NaN,Rap/Hip-hop
67,spotify:track:1xoadYaxtOp9gHDwgmPDuz,"JSOL, Hoàng Duyên",Sài Gòn Hôm Nay Mưa,Universal Music Indochina,3,56,261,276287,2026-05-28,FALSE,-11,Ballad
68,spotify:track:2dPJtlvoa3GDowCh035M8P,Vũ.,Nếu Những Tiếc Nuối,WM Vietnam,33,59,58,275215,2026-05-28,FALSE,-9,Indie/Alternative
69,spotify:track:39KWnPNEvbXt423CzjvBfA,SOOBIN,Anh Đã Quen Với Cô Đơn,WM Vietnam,40,58,80,271139,2026-05-28,FALSE,-11,Ballad
70,spotify:track:0eAuGrXyGFYwur9ARUe7LJ,Malcolm Todd,Earrings,Columbia,70,86,5,270536,2026-05-28,FALSE,16,R&B/Soul
71,spotify:track:3VkV6L37ub0rtuYQoawAqz,Lil Zpoet,Tình Mình Lạ Kì,LiL Z Poet,45,67,17,268105,2026-05-28,FALSE,-4,Ballad
72,spotify:track:3P3rcI48wwVEgxF5vPM6pG,Sơn Tùng M-TP,Buông Đôi Tay Nhau Ra,Umusic Vietnam Co. Ltd. Distributed Labels,7,81,150,267804,2026-05-28,FALSE,9,Ballad
73,spotify:track:0pavLg3wbL6PVXAgXoWv4S,"24k.Right, Ngắn, Hipz",Một Nửa Sự Thật,Universal Music Indochina,73,128,8,265436,2026-05-28,FALSE,55,R&B/Soul
74,spotify:track:0e6fZkLArSmDIHnZcIua7t,"Vũ., Low G",Không Yêu Em Thì Yêu Ai?,WM Vietnam,19,64,87,263856,2026-05-28,FALSE,-10,Indie/Alternative
75,spotify:track:1hPbWyZnUPaeAWbOSKwkXJ,Quang Đăng Trần,Anh Đã Không Biết Cách Yêu Em,338ENT,9,89,43,257947,2026-05-28,FALSE,14,Ballad
76,spotify:track:6jcLKVmEKAQIXIVHJZ8vzS,"MONSTAR, GREY D, NICKY, VƯƠNG BÌNH",tình yêu chậm trễ,Yin Yang Media,46,78,180,252926,2026-05-28,FALSE,2,R&B/Soul
77,spotify:track:5SzJs9cwYXdSm9G3xcXuA2,Phùng Khánh Linh,Hôm Nay Tôi Buồn,BLACK SWAN LABEL LLC.,13,69,161,251723,2026-05-28,FALSE,-8,Ballad
78,spotify:track:0s7RyyUlQfd8mnnboHe18n,"MANBO, HIEUTHUHAI, HURRYKNG",Hẹn Gặp Em Dưới Ánh Trăng,Gerdnang,20,87,115,251341,2026-05-28,FALSE,9,Rap/Hip-hop
79,spotify:track:5u5AsK8JLgkr154QHZjJqh,"ANH TRAI ""SAY HI"", VCT, Karik, Negav, Ngô Kiến Huy, Jey B",NGƯỜI NHƯ ANH XỨNG ĐÁNG CÔ ĐƠN,Universal Music Indochina Distributed Labels,3,80,35,250718,2026-05-28,FALSE,1,Rap/Hip-hop
80,spotify:track:1o6cYDMHvKOfizi4d9Lqxr,W/N,id 072019,Universal Music Indochina Distributed Labels,3,76,148,249690,2026-05-28,FALSE,-4,Pop
81,spotify:track:2pBZoglJzsRk4UeVey8n0k,Việt Anh,Ngày Này Năm Ấy,338ENT,17,82,42,245713,2026-05-28,FALSE,1,Ballad
82,spotify:track:7diH1qnFziArYzynk3vkr6,CORTIS,TNT,Republic Records – CORTIS,27,52,4,244492,2026-05-28,FALSE,-30,Pop
83,spotify:track:4CVxKSRLUxqUuj2z9vn4fS,SOOBIN,Xin Đừng Lặng Im,"HONG AN ENTERTAIMENT,.JSC",37,79,53,242609,2026-05-28,FALSE,-4,Ballad
84,spotify:track:43zzuEWDotRcKlSFzrlJqs,Đạt G,Thêm Bao Nhiêu Lâu,12 trái lê,84,93,55,242432,2026-05-28,FALSE,9,Ballad
85,spotify:track:0Gi23nmOQ0eaPASq2VoMOW,RIO,vạn vật như muốn ta bên nhau,DAO Entertainment,6,83,59,241806,2026-05-28,FALSE,-2,Indie/Alternative
86,spotify:track:6lRlM6bClcoOBLQi0zfA34,"HIEUTHUHAI, Hoàng Tôn",Chờ Tới Khi Anh Về,M Music Records,23,77,5,241769,2026-05-28,FALSE,-9,R&B/Soul
87,spotify:track:2Pwou3Q2Cf59RxdX2V6MgV,Shiki,Có Đôi Điều,12 trái lê,10,74,74,241587,2026-05-28,FALSE,-13,Rap/Hip-hop
88,spotify:track:2rKkfc4VZ74FQDc1FF1Zo6,BTS,Body to Body,BIGHIT MUSIC,5,84,10,241207,2026-05-28,FALSE,-4,Pop
89,spotify:track:4qJSUFwZFouto5VZUlln75,"tlinh, Trung Trần",Thích Quá Rùi Nà,Universal Music Indochina Distributed Labels,34,62,297,241185,2026-05-28,FALSE,-27,R&B/Soul
90,spotify:track:0SmQ0UWeiHKQtxUej4Rem6,SOOBIN,Tháng Năm,Spacespeakers,6,85,184,240962,2026-05-28,FALSE,-5,Pop
91,spotify:track:6Q2oEdOhRjZ1DTv2a7j0lN,"PC, Dick, tofutns",Ghé Qua,12 trái lê,61,88,297,240522,2026-05-28,FALSE,-3,Rap/Hip-hop
92,spotify:track:1J3SmWwlYAG68LGKr86MVH,Sơn Tùng M-TP,Chúng Ta Của Hiện Tại,Umusic Vietnam Co. Ltd. Distributed Labels,1,73,284,239683,2026-05-28,FALSE,-19,Pop
93,spotify:track:7q1qYSyRkGT4ZaCc2ZQihP,"Hoàng Tôn, Koo",Em Còn Nhớ Anh Không - Remastered,Hoàng Tôn,69,108,59,238901,2026-05-28,FALSE,15,Ballad
94,spotify:track:4TyQKEifYDWTfTSRwpxlYI,Quân A.P,Bông Hoa Đẹp Nhất,Great Entertainment,32,99,126,236819,2026-05-28,FALSE,5,Ballad
95,spotify:track:5C3fx9rdM4Bxf1MSOQC4Ym,"Low G, Thắng",An Thần,M Music Records,2,103,240,236242,2026-05-28,FALSE,8,Rap/Hip-hop
96,spotify:track:27F22WcGDyl4Z2KylVJkXL,buitruonglinh,Đường Tôi Chở Em Về,Universal Music Indochina Distributed Labels,14,65,187,235794,2026-05-28,FALSE,-31,Indie/Alternative
97,spotify:track:0hB27T4dy9qBUcZabsrLOj,HIEUTHUHAI,Dạo Gần Đây Anh Thấy Anh Không Bằng Ai Hết,M Music Records,16,68,5,234613,2026-05-28,FALSE,-29,Rap/Hip-hop
98,spotify:track:19U8QkwGDiQnYtnNIlspuo,Ronboogz,Nói Dối,MaiDao Music,3,105,134,234524,2026-05-28,FALSE,7,Indie/Alternative
99,spotify:track:2ZBi1KpCR0grEWRNgySqwg,Hngle,Buông,Sony Music Entertainment,17,92,15,233774,2026-05-28,FALSE,-7,Ballad
100,spotify:track:0JKEP4dB1riE6l7Kq5kJm1,Chillies,Em Đừng Khóc,WM Vietnam,3,98,68,233586,2026-05-28,FALSE,-2,Indie/Alternative
101,spotify:track:36fgG6NiEuQXznNgf5y2Ck,"T.R.I, Dangrangto, DONAL",một bài hát không vui mấy - Extended Version,Umusic Vietnam Co. Ltd. Distributed Labels,26,71,73,233354,2026-05-28,FALSE,-30,Ballad
102,spotify:track:1zvL2X6HPrLfvtSY4DpopE,MIN,Em Mới Là Người Yêu Anh,MIN,1,142,158,232922,2026-05-28,FALSE,40,Pop
103,spotify:track:5XfGQZA0ioQAWUjlyJRcHc,"Shiki, Obito",1000 Ánh Mắt,12 trái lê,8,91,100,230179,2026-05-28,FALSE,-12,Rap/Hip-hop
104,spotify:track:2w7jOvl0kpplNxisgfnCdT,"Đức Trường, BMZ",Nếu Biết Đó Là Lần Cuối,BMZ,47,90,38,228070,2026-05-28,FALSE,-14,Ballad
105,spotify:track:6E3P4uOfKHYXJLK6Q3s0Tj,"JustaTee, Binz",Cơn Mưa Cuối,NGUYEN THANH TUAN,86,126,30,226075,2026-05-28,FALSE,21,Rap/Hip-hop
106,spotify:track:1UQNU5O9VttUgO16pxUnjw,"Obito, Shiki, RPT MCK",Đánh Đổi,12 trái lê,7,94,138,225500,2026-05-28,FALSE,-12,Rap/Hip-hop
107,spotify:track:6qgATU8r0ZPcPFPtZ5qA7B,Long Cao,Em Của Anh Đừng Của Ai!,Long Cao,107,109,4,224375,2026-05-28,FALSE,2,Pop
108,spotify:track:3b34161QoxLwsqhWSPy9i5,Da LAB,Thanh Xuân,Sony Music Entertainment,1,122,402,222944,2026-05-28,FALSE,14,Indie/Alternative
109,spotify:track:4vfhartd7HDWGJbdVIycEu,Sơn Tùng M-TP,Muộn Rồi Mà Sao Còn,Umusic Vietnam Co. Ltd. Distributed Labels,1,114,266,222257,2026-05-28,FALSE,5,Pop
110,spotify:track:51bYFYWODfYOZU0rwvjiCc,"Binz, Đen",Cho Mình Em,Spacespeakers,32,150,131,221240,2026-05-28,FALSE,40,Rap/Hip-hop
111,spotify:track:0rR27Ayle8G7sKoCt8OWUr,Dương Domic,Mất Kết Nối,DAO Entertainment,2,131,79,218074,2026-05-28,FALSE,20,R&B/Soul
112,spotify:track:317Lh6QCAz9JpWbV3oxrCf,"Phùng Khánh Linh, Thành Luke",EM ĐAU,BLACK SWAN LABEL LLC.,62,117,20,217858,2026-05-28,FALSE,5,Ballad
113,spotify:track:54PbBpquVfhfrwRwvjSXbI,"Charlie Puth, Selena Gomez",We Don't Talk Anymore (feat. Selena Gomez),Artist Partner,71,107,287,217462,2026-05-28,FALSE,-6,R&B/Soul
114,spotify:track:102XJmW0OH1WATZMW9avu2,"Binz, Obito",Nếu (feat. Obito),SS LABEL,114,-1,1,217097,2026-05-28,TRUE,NaN,R&B/Soul
115,spotify:track:5YPU2SdqR2pOsfFs5AW25q,"Rum, NIT",Kém Duyên,Rum,115,183,8,216742,2026-05-28,FALSE,68,Indie/Alternative
116,spotify:track:0KA8tBqZ81mBe2po59GK5j,Đỗ Hoàng Long,Trạng Thái Mộng Mơ,Umusic Vietnam Co. Ltd. Distributed Labels,92,115,14,213070,2026-05-28,FALSE,-1,Indie/Alternative
117,spotify:track:5U30iZBlmxkpHqzb1OSnBS,Rhymastic,Yêu 5,WM Vietnam,77,120,225,212060,2026-05-28,FALSE,3,R&B/Soul
118,spotify:track:3bmpXHVie1GTy37OkXJ7Vc,BTS,2.0,BIGHIT MUSIC,11,106,10,210541,2026-05-28,FALSE,-12,Rap/Hip-hop
119,spotify:track:2KadxdRVKWJy3ahMnlClhq,Hà An Huy, CHẲNG CẦN BÌNH YÊN |,DAO Entertainment,119,-1,1,209753,2026-05-28,TRUE,NaN,Ballad
120,spotify:track:5Bti0azlFhMattVY76qFr9,Vũ.,Lạ Lùng,WM Vietnam,17,112,425,209516,2026-05-28,FALSE,-8,Indie/Alternative
121,spotify:track:1LJyhnPdYGRLerwJd8CmL1,"Vũ., Dear Jane",Những Lời Hứa Bỏ Quên,WM Vietnam,1,102,128,207172,2026-05-28,FALSE,-19,Indie/Alternative
122,spotify:track:0oL2jCTf9P9a7flY5mCpYu,"Wxrdie, JustaTee",Trở Về,Universal Music Indochina Distributed Labels,54,104,65,206894,2026-05-28,FALSE,-18,Rap/Hip-hop
123,spotify:track:4Iz5EWPCAT8jYNk4IpLoll,buitruonglinh,Dù Cho Mai Về Sau,Yin Yang Media,10,111,270,206860,2026-05-28,FALSE,-12,Indie/Alternative
124,spotify:track:20dAJsyno9ZoBLJtqgQnUI,BTS,Hooligan,BIGHIT MUSIC,8,118,10,204534,2026-05-28,FALSE,-6,Pop
125,spotify:track:5tmA5oQDF0ULqRI12LKCDw,JayKii,Chiều Hôm Ấy,The First Management,95,100,31,203374,2026-05-28,FALSE,-25,Ballad
126,spotify:track:2Wjghh0RpiBquLsJ932X6R,Ronboogz,nhắn nhủ,MaiDao Music,14,134,128,201050,2026-05-28,FALSE,8,Indie/Alternative
127,spotify:track:4N99EuIjwSSFFFMDfTeOLU,"buitruonglinh, Vũ Phụng Tiên",Em Không Khóc (feat. Vũ Phụng Tiên),Yin Yang Media,62,136,186,199261,2026-05-28,FALSE,9,Indie/Alternative
128,spotify:track:6KIhgRkprgyJNERRMu7Quh,MIN,Có Em Chờ,MIN,117,133,55,199041,2026-05-28,FALSE,5,Pop
129,spotify:track:0GXZXSDFSbJjqdGifjSaig,buitruonglinh,Sớm Như Vậy,Umusic Vietnam Co. Ltd. Distributed Labels,19,97,7,197626,2026-05-28,FALSE,-32,Indie/Alternative
130,spotify:track:3gLRyMbg5nWLcuKD46Uz72,Phương Ly,Anh Là Ai,PHUONG LY,109,148,35,197238,2026-05-28,FALSE,18,Pop
131,spotify:track:5PGh9MyKry8slG5AfvD1eD,"Obito, Shiki, VSTRA",Hà Nội,12 trái lê,10,137,138,193844,2026-05-28,FALSE,6,Rap/Hip-hop
132,spotify:track:7fCeYpR02Q8JVuD88hJZVT,"Da LAB, Minh Tốc & Lam",Bầu Trời Mới,Universal Music Indochina Distributed Labels,8,125,86,193330,2026-05-28,FALSE,-7,Indie/Alternative
133,spotify:track:2G5ujw3rrWcAXQqT8PVnrz,"Obito, Shiki, Lăng LD",Đầu Đường Xó Chợ,12 trái lê,39,152,83,191443,2026-05-28,FALSE,19,Rap/Hip-hop
134,spotify:track:7dlgEjrK3lHbP786dshKDV,"ANH TRAI ""SAY HI"", B Ray, AMEE",CHỜ ANH VỀ,Universal Music Indochina Distributed Labels,2,151,25,191391,2026-05-28,FALSE,17,Rap/Hip-hop
135,spotify:track:6D94p9ASguBcYlDC0o56vx,HIEUTHUHAI,NOLOVENOLIFE,M Music Records,24,159,137,190390,2026-05-28,FALSE,24,Rap/Hip-hop
136,spotify:track:7J9l9ebYB3IEs5ea5J1M7a,"Da LAB, Tóc Tiên",Nước Mắt Em Lau Bằng Tình Yêu Mới,MUNIZ MUSIC COMPANY LIMITED,107,132,118,189913,2026-05-28,FALSE,-4,Pop
137,spotify:track:3y66li7DIrH7HLKIZzxR5H,Kai Đinh,Lễ Đường,Yin Yang Media,3,162,63,189488,2026-05-28,FALSE,25,Ballad
138,spotify:track:5VGOYjxkEaf19LoRPIolD2,"The Wind, Dangrangto",Anh Muốn Nhìn Thấy Em,M Music Records,77,116,76,188850,2026-05-28,FALSE,-22,Indie/Alternative
139,spotify:track:5BJqg07SKgmFnVLOBmLFvq,Bùi Anh Tuấn,"Hẹn Một Mai - From"" 4 Năm 2 Chàng 1 Tình Yêu""",1LABEL,109,110,58,188631,2026-05-28,FALSE,-29,Ballad
140,spotify:track:5wYQC7AuxV8ROALWcbVNxc,"Hoàng Dũng, Rhymastic, Lelarec",Giữ Anh Cho Ngày Hôm Qua,Lirico Entertainment,40,154,33,188557,2026-05-28,FALSE,14,Ballad
141,spotify:track:53zusvCJkyGYjEZ6bnLIjh,Hà Anh Tuấn,Tháng Tư Là Lời Nói Dối Của Em,Yin Yang Media,49,165,63,185542,2026-05-28,FALSE,24,Ballad
142,spotify:track:170CNv2CAZn8wg6GxvHXYC,"B Ray, AMEE",Ex's Hate Me,B Ray,129,157,30,185267,2026-05-28,FALSE,15,Rap/Hip-hop
143,spotify:track:2GE2p2dFpxp7OIz2QOFBzW,"ANH TRAI ""SAY HI"", HURRYKNG, HIEUTHUHAI, Negav, Pháp Kiều, Isaac","KIM PHÚT, KIM GIỜ (feat. HURRYKNG, HIEUTHUHAI, Negav, Pháp Kiều & Isaac)",Anh Trai Say Hi,5,161,83,184710,2026-05-28,FALSE,18,Rap/Hip-hop
144,spotify:track:6rEWOmyRZwZ4Aouth1YBSX,B Ray,Tệ Hại Và Xấu Xí,Great Entertainment/Sony Music,73,124,3,184206,2026-05-28,FALSE,-20,Rap/Hip-hop
145,spotify:track:2NIsWvMUHXqCplwCygJMjP,WEAN,NOWME,M Music Records,145,-1,1,183905,2026-05-28,TRUE,NaN,R&B/Soul
146,spotify:track:2vKNzC9T3kdU2JECcvob3V,CORTIS,YOUNGCREATORCREW,Republic Records – CORTIS,58,96,4,183438,2026-05-28,FALSE,-50,Pop
147,spotify:track:6OWWZtNQORY1McaZmOrwhc,CORTIS,GO!,Republic Records – CORTIS,82,113,27,183094,2026-05-28,FALSE,-34,Pop
148,spotify:track:6epn3r7S14KUqlReYr77hA,"Justin Bieber, Ludacris",Baby,RBMG/Def Jam,27,129,7,182801,2026-05-28,FALSE,-19,Pop
149,spotify:track:6TGwaBlfUGVoeZMBLzvXGP,"Dangrangto, DONAL",thế giới của anh,Higher Dimension,50,139,17,182174,2026-05-28,FALSE,-10,Indie/Alternative
150,spotify:track:6UFvSmKzCZ16fxsybf4PhE,"Nguyễn Trọng Tài, Don Raemo, Double X",HONGKONG1,T2B Media,150,185,13,181986,2026-05-28,FALSE,35,Indie/Alternative
151,spotify:track:1i5SZL7Ngz0sYFaKmwieyw,"Quang Hùng MasterD, Low G, Hino",Chất Gây Hại,M Music Records,16,101,23,181842,2026-05-28,FALSE,-50,Rap/Hip-hop
152,spotify:track:1J12HjUuXfJnaUdubTEzSR,HIEUTHUHAI,Nghe Như Tình Yêu,M Music Records,35,127,245,181841,2026-05-28,FALSE,-25,R&B/Soul
153,spotify:track:2ppLwHSMgDGEQ5c8o6nAX2,Low G,Simp Gái 808,M Music Records,9,143,137,181506,2026-05-28,FALSE,-10,Rap/Hip-hop
154,spotify:track:3H6nzsPNMttEvUl3ai3xN8,Chillies,Vùng Ký Ức,WM Vietnam,1,175,130,181394,2026-05-28,FALSE,21,Indie/Alternative
155,spotify:track:0jHpGB1Xt2kIX0VaPFvStp,"Tùng TeA, PC, TaynguyenSound",Già Cùng Nhau Là Được,12 trái lê,70,156,147,181392,2026-05-28,FALSE,1,Rap/Hip-hop
156,spotify:track:25NLn8W1JxuVrXQTVrDA4c,"Dfoxie37, myhoa, Tuann",hello em có khỏe không,Universal Music Indochina Distributed Labels,15,167,26,181078,2026-05-28,FALSE,11,Pop
157,spotify:track:5prZw3OHd2UhAq0VBKpqUM,GREY D,mới hôm qua,Umusic Vietnam Co. Ltd. Distributed Labels,34,145,9,180595,2026-05-28,FALSE,-12,R&B/Soul
158,spotify:track:6s3w7SUVtmm68Bw5KrKMh0,BTS,One More Night,BIGHIT MUSIC,21,158,5,178512,2026-05-28,FALSE,0,Pop
159,spotify:track:2uxjHthUJd2A8PmWaUGGsI,"Hoàng Dũng, Hoàng Rob",Chờ Anh Nhé,Lirico Entertainment,99,160,50,178474,2026-05-28,FALSE,1,Indie/Alternative
160,spotify:track:7CyPwkp0oE8Ro9Dd5CUDjW,"The Weeknd, JENNIE, Lily-Rose Depp","One Of The Girls (with JENNIE, Lily Rose Depp)",XO / Republic Records,11,168,153,178237,2026-05-28,FALSE,8,R&B/Soul
161,spotify:track:3COYA2vgfcUhDyRlVpZy5p,"tlinh, Low G",PHÓNG ZÌN ZÌN,M Music Records,4,146,88,178208,2026-05-28,FALSE,-15,Rap/Hip-hop
162,spotify:track:7kgzRBNkBRArtTPkYjWLYT,"14 Casper, Bon Nghiêm",bao tiền một mớ bình yên?,DANDERLÉON,9,166,262,177369,2026-05-28,FALSE,4,Ballad
163,spotify:track:4ecdsGz3Hg6TKPwQ0ZOdJz,CORTIS,FaSHioN,Republic Records – CORTIS,90,130,25,176396,2026-05-28,FALSE,-33,Pop
164,spotify:track:6uxuJ8Fr1AAfSPJUF9N1yr,Vũ.,Bước Qua Mùa Cô Đơn,WM Vietnam,1,140,273,176310,2026-05-28,FALSE,-24,Indie/Alternative
165,spotify:track:3ZbZtdEw9U0uZW4tZItIwq,"RHYDER, CoolKid, BAN",Chịu Cách Mình Nói Thua,RHYDER,6,194,122,175123,2026-05-28,FALSE,29,Rap/Hip-hop
166,spotify:track:5kJMW3pK49PvQDtpVryHf5,JustaTee,Forget About Her,Spacespeakers,31,-1,40,175106,2026-05-28,TRUE,NaN,R&B/Soul
167,spotify:track:50cmxP6KlnQA9IG3q5ckKD,Chillies,Mascara,WM Vietnam,3,163,227,173173,2026-05-28,FALSE,-4,Indie/Alternative
168,spotify:track:1FUdEz4fX1DxPcVAARlu6A,GREY D,yêu em như…,Umusic Vietnam Co. Ltd. Distributed Labels,13,123,9,172774,2026-05-28,FALSE,-45,R&B/Soul
169,spotify:track:3UJ2gSPFPSkPKZghRI8y1e,Dangrangto,Love is,MaiDao Music,10,170,83,171929,2026-05-28,FALSE,1,Indie/Alternative
170,spotify:track:08ULi904W2Po6pVj8nN7KC,"GREY D, Chillies",đưa em về nhàa,Umusic Vietnam Co. Ltd. Distributed Labels,3,184,159,171535,2026-05-28,FALSE,14,R&B/Soul
171,spotify:track:2SykQzXuFSeprST1uDjj1m,AMEE,trời giấu trời mang đi,Yin Yang Media,52,192,87,171053,2026-05-28,FALSE,21,R&B/Soul
172,spotify:track:55K3e7BGewGDUJ4ZQwkh7M,Only C,Người Đáng Thương Là Anh,OnlyC Production,131,149,19,170575,2026-05-28,FALSE,-23,Ballad
173,spotify:track:2OSjnBrQQ0CNKxIUM2GQDk,"JustaTee, Binz",Crying Over You,NGUYEN THANH TUAN,173,199,2,168696,2026-05-28,FALSE,26,R&B/Soul
174,spotify:track:5xuaCJaNAqRLwV7OO5zPiF,"W/N, Duongg, Nâu",3 1 0 7 (feat. Duongg & Nâu),"HONG AN ENTERTAIMENT,.JSC",11,189,291,167946,2026-05-28,FALSE,15,R&B/Soul
175,spotify:track:7G7mSV4BebkoHWwKTDvXu9,"V, Park Hyo Shin",Winter Ahead (with PARK HYO SHIN),BIGHIT MUSIC,3,135,68,167714,2026-05-28,FALSE,-40,Pop
176,spotify:track:2FnXZhpEKgIab8vI6t2C7e,"Shiki, Tyronee",Perfect,12 trái lê,74,164,59,166766,2026-05-28,FALSE,-12,Rap/Hip-hop
177,spotify:track:5cF0dROlMOK5uNZtivgu50,Charlie Puth,Attention,Artist Partner,21,193,203,165536,2026-05-28,FALSE,16,R&B/Soul
178,spotify:track:4YMM05vannAm37Mp1dHK1V,"RPT MCK, Trung Trần",Chìm Sâu,abandonh3ll records,1,186,221,164620,2026-05-28,FALSE,8,R&B/Soul
179,spotify:track:65st6HfPZyxq1RNTvqSIos,"Wren Evans, itsnk",Thu Đợi,Universal Music Indochina Distributed Labels,6,197,22,164287,2026-05-28,FALSE,18,R&B/Soul
180,spotify:track:1VyXprVXZYNGWWZf1u4JfN,CORTIS,Blue Lips,Republic Records – CORTIS,59,119,4,163319,2026-05-28,FALSE,-61,Pop
181,spotify:track:6HpkHTTwfVmSoopeloHqOp,"RAP VIỆT, Dick, DT TAP RAP, UMIE","Anh Là Ai? (feat. Dick, DT & UMIE)",DAT VIET VAC,3,-1,28,162833,2026-05-28,TRUE,NaN,Rap/Hip-hop
182,spotify:track:0sR5ThoE0uoskXWrm6KDxP,Kha,Hư không,MaiDao Music,22,144,124,162725,2026-05-28,FALSE,-38,Ballad
183,spotify:track:1uiqiUzPn2EJpvHDy84PEZ,"EM XINH ""SAY HI"", Orange, Mỹ Mỹ, 52Hz, Châu Bùi, Pháp Kiều",KHÔNG ĐAU NỮA RỒI,Em Xinh Say Hi,2,198,47,162440,2026-05-28,FALSE,15,Rap/Hip-hop
184,spotify:track:6CygbhaDoDGTlRq8LiEwpt,Binz,Hững Hờ,SS LABEL,184,-1,1,161995,2026-05-28,TRUE,NaN,R&B/Soul
185,spotify:track:3dCdcURa0Kk5UWXRY00HQy,CORTIS,Wassup,Republic Records – CORTIS,66,121,4,161657,2026-05-28,FALSE,-64,Pop
186,spotify:track:4QNH4OjJ9W10afDYAHi03I,HIEUTHUHAI,Anh Nên Đi Khỏi Đây,M Music Records,36,153,5,161039,2026-05-28,FALSE,-33,Rap/Hip-hop
187,spotify:track:4D1eaEIisnWCVPMnYuMh7q,白浩贤BlueC,漫步香港1999,腾讯音乐人,13,177,15,160773,2026-05-28,FALSE,-10,Indie/Alternative
188,spotify:track:7HoAJ6Hc1P91eoOrn1WY5d,"Đức Trường, BMZ, Kun",Đáng Lý Ra Phải Là Anh,BMZ,90,141,24,160543,2026-05-28,FALSE,-47,Ballad
189,spotify:track:527UV7H9SbnmTVkxBVg56X,Sơn Tùng M-TP,Chắc Ai Đó Sẽ Về,Umusic Vietnam Co. Ltd. Distributed Labels,126,169,38,159910,2026-05-28,FALSE,-20,Pop
190,spotify:track:1mtmvJjTchdqDCoJbFv1Op,"OgeNus, Dangrangto",Tuyển Bạn Gái,Universal Music Indochina Distributed Labels,40,173,7,159343,2026-05-28,FALSE,-17,Rap/Hip-hop
191,spotify:track:3J06iY9IRWKr1H0zIxrUby,"Orange, Hoàng Dũng",Khi Em Lớn,Universal Music Indochina,4,180,225,159294,2026-05-28,FALSE,-11,R&B/Soul
192,spotify:track:42i1d7gos5WvqZIFWCfE7E,Ngô Lan Hương,"Có công mài ""Sắc""",Ngô Lan Hương Exclusive,85,155,7,159054,2026-05-28,FALSE,-37,Pop
193,spotify:track:48MtqfQw716EZaNzOKNnuR,"CoolKid, RHYDER",Sau Cơn Mưa,MaiDao Music,8,-1,142,157262,2026-05-28,TRUE,NaN,Rap/Hip-hop
194,spotify:track:4wJ5Qq0jBN4ajy7ouZIV1c,"ROSÉ, Bruno Mars",APT.,Atlantic Records,2,195,70,156144,2026-05-28,FALSE,1,Pop
195,spotify:track:5iZHnufFUgATzrpGgH1K0W,T.R.I,Ánh Sao Và Bầu Trời,Yin Yang Media,1,-1,219,155928,2026-05-28,TRUE,NaN,Ballad
196,spotify:track:6IxPiUQI4Cd0mL0pBIOjAg,HIEUTHUHAI,Hết Yêu,M Music Records,39,138,5,155384,2026-05-28,FALSE,-58,R&B/Soul
197,spotify:track:7AD5F85waSb3yZxZxEXhJM,"Tóc Tiên, Touliver",Có Ai Thương Em Như Anh,Yin Yang Media,20,179,147,155060,2026-05-28,FALSE,-18,EDM/Dance
198,spotify:track:5oFEvbM7lGnx8jfAkuhVyo,"AMEE, RPT MCK",MỘNG YU,Yin Yang Media,3,-1,77,154560,2026-05-28,TRUE,NaN,R&B/Soul
199,spotify:track:4FT18tLTmf3QNBzG5r6OTj,"Đen, Ngọc Linh",Mười Năm (Lộn Xộn 3),Đen,17,187,133,154215,2026-05-28,FALSE,-12,Rap/Hip-hop
200,spotify:track:55Eo6NDkVhSRBonrT16kXM,"Cloud 5, Dangrangto",Đến Đây Bên Anh,Yin Yang Media,66,190,59,153627,2026-05-28,FALSE,-10,Indie/Alternative
1,spotify:track:2HRgqmZQC0MC7GeNuDIXHN,"Jung Kook, Latto",Seven (feat. Latto) (Explicit Ver.),BIGHIT MUSIC,1,1,151,2222129,2026-06-04,FALSE,0,Pop
2,spotify:track:7326q9PcJDcKuAFcrSkN0t,"Sơn Tùng M-TP, Tyga",Come My Way,M Music Records,2,-1,1,1954736,2026-06-04,TRUE,NaN,EDM/Dance
3,spotify:track:68lbSrXDORS51pmyjZv712,BTS,SWIM,BIGHIT MUSIC,1,2,11,1928776,2026-06-04,FALSE,-1,Pop
4,spotify:track:0a32EBPjqAe47cYDPE5Ia5,"Binz, SOOBIN",Em (feat. SOOBIN),SS LABEL,4,4,2,1491786,2026-06-04,FALSE,0,R&B/Soul
5,spotify:track:1ApIGNgp1azc0qB61x4GzG,"Hngle, Ari",Không Buông,Umusic Vietnam Co. Ltd. Distributed Labels,2,3,39,868875,2026-06-04,FALSE,-2,Pop
6,spotify:track:2KslE17cAJNHTsI2MI0jb2,Jung Kook,Standing Next to You,BIGHIT MUSIC,1,5,134,741166,2026-06-04,FALSE,-1,Pop
7,spotify:track:5xVCfx47vCXuLdpfbepqEo,HIEUTHUHAI,Người Im Lặng Gặp Người Hay Nói,M Music Records,2,6,13,713486,2026-06-04,FALSE,-1,Rap/Hip-hop
8,spotify:track:7uUuftbcr94tzGOCJSM25u,"Low G, JustaTee",In Love,M Music Records,2,8,32,701431,2026-06-04,FALSE,0,Rap/Hip-hop
9,spotify:track:7bFFUPBiF15n8m8RziqS4o,GREY D,dự báo thời tiết hôm nay mưa,Umusic Vietnam Co. Ltd. Distributed Labels,7,11,185,657368,2026-06-04,FALSE,2,R&B/Soul
10,spotify:track:73RcFjiDtStfP3GCW44vJu,"Minh Huy, Pinny",Ngày Rời Chuyến Bay,12 trái lê,6,7,9,638022,2026-06-04,FALSE,-3,Ballad
11,spotify:track:4nXrVH5xwN1w6TpmP7uu8n,"HIEUTHUHAI, marzuz",Exit Sign,M Music Records,4,9,138,614258,2026-06-04,FALSE,-2,Rap/Hip-hop
12,spotify:track:0NyrI1tMvqcK3vU5z9DMdI,JustaTee,She Neva Knows,NGUYEN THANH TUAN,10,10,18,612831,2026-06-04,FALSE,-2,R&B/Soul
13,spotify:track:6Qwl74olNi1rl65FNxG5We,"marzuz, Changg",Và Thế Giới Đã Mất Đi Một Người Cô Đơn,Universal Music Indochina,7,12,28,569356,2026-06-04,FALSE,-1,Ballad
14,spotify:track:2wZAvkgiOE5tyrnqhB69KA,Sơn Tùng M-TP,Âm Thầm Bên Em,Umusic Vietnam Co. Ltd. Distributed Labels,9,15,293,561270,2026-06-04,FALSE,1,Ballad
15,spotify:track:6mKMGpkgP2cH5gmqILWe7b,Fishy,vết thương,LOOPS Music,15,22,55,500490,2026-06-04,FALSE,7,Ballad
16,spotify:track:5rSAUmbOg4giDrM29vUyHe,Sơn Tùng M-TP,Nơi Này Có Anh,Umusic Vietnam Co. Ltd. Distributed Labels,5,31,365,494677,2026-06-04,FALSE,15,Pop
17,spotify:track:4BdB08vuS9r4HOoY7GkAxT,SOOBIN,Nếu Ngày Ấy,SS LABEL,17,18,76,487453,2026-06-04,FALSE,1,Ballad
18,spotify:track:6Zoi4ue74UdUeYmHXItXnf,"B Ray, V#",Vùng An Toàn,MIXUS,3,17,48,476331,2026-06-04,FALSE,-1,Rap/Hip-hop
19,spotify:track:2a5hng9yXtbjtTVVm9UviC,VCT,Mơ,Universal Music Indochina Distributed Labels,6,13,197,451758,2026-06-04,FALSE,-6,Pop
20,spotify:track:1UhQ0VwKq2PGnLiAZOJYV1,Binz,Em,SS LABEL,4,57,28,450000,2026-06-04,FALSE,37,R&B/Soul
21,spotify:track:4CUvVaAYuXtvYURLFz7EIL,"Emcee L (Da LAB), Da LAB, Muộii (Starry Night)",Chuyện Đôi Ta (feat. Muộii),Yin Yang Media,3,20,235,449616,2026-06-04,FALSE,-1,Ballad
22,spotify:track:2fCwv2ppU5nTRTckomIGsd,CORTIS,REDRED,Republic Records – CORTIS,5,14,7,438997,2026-06-04,FALSE,-8,Pop
23,spotify:track:20jbSiX29FDX4oQxBXyUEi,Ariana Grande,hate that i made you love me,Republic Records,23,-1,1,424052,2026-06-04,TRUE,NaN,R&B/Soul
24,spotify:track:3T7XHOdRcyhKU3QCB6kZG3,"MIN, Dangrangto, antransax",chẳng phải tình đầu sao đau đến thế,WM Vietnam,2,27,32,419586,2026-06-04,FALSE,3,Indie/Alternative
25,spotify:track:3J3nv18iIrOhca1ZWNeuyW,JustaTee,Đã Lỡ Yêu Em Nhiều,NGUYEN THANH TUAN,24,24,174,416088,2026-06-04,FALSE,-1,Ballad
26,spotify:track:6GM4ZOBDcDroldUxI8GZ2B,"VSTRA, Tyronee",Ai Ngoài Anh,CDSL,2,21,22,413633,2026-06-04,FALSE,-5,R&B/Soul
27,spotify:track:31VNCmwspR7nVJ6kruUuJt,Sơn Tùng M-TP,Đừng Làm Trái Tim Anh Đau,Umusic Vietnam Co. Ltd. Distributed Labels,1,54,104,411111,2026-06-04,FALSE,27,Pop
28,spotify:track:5KYv3kORBKUmVEoqbRRWxt,"Bảo Anh, Táo",Từng Là Của Nhau,Yin Yang Media,7,19,39,409398,2026-06-04,FALSE,-9,Ballad
29,spotify:track:1MiJk3dXC5jzhvLFP0dUM7,Da LAB,Thức Giấc,Yin Yang Media,1,28,256,398961,2026-06-04,FALSE,-1,Pop
30,spotify:track:3DLtPObflLQBodZN8qGODT,"JustaTee, BigDaddy",2AM,WM Vietnam,18,33,214,398415,2026-06-04,FALSE,3,R&B/Soul
31,spotify:track:5cn5oHiXJTLiuthgbgfkMh,VCT,Vết Mưa,Universal Music Indochina Distributed Labels,19,26,117,394335,2026-06-04,FALSE,-5,Ballad
32,spotify:track:2o4dDfLK6NVI7TjBm5VoMv,"Lou Hoàng, Miu Lê",Yêu Một Người Có Lẽ,Onlyc Entertainment,17,32,224,392155,2026-06-04,FALSE,0,Pop
33,spotify:track:27Z9T0mSWHYWSj9SNOGvyt,"JustaTee, Phương Ly",Thằng Điên,NGUYEN THANH TUAN,2,23,200,391743,2026-06-04,FALSE,-10,R&B/Soul
34,spotify:track:11T61UpoNbbcewOMl1kcWN,NHONHO,Dạo Bước HongKong 1999,NHONHO,5,34,10,383777,2026-06-04,FALSE,0,Indie/Alternative
35,spotify:track:41DlPJXKTCypXdf2eSqa03,"Vũ., Binz",bình yên,WM Vietnam,4,16,92,379464,2026-06-04,FALSE,-19,Rap/Hip-hop
36,spotify:track:3x7Hh3zsE1wcXCU2G8l5tP,SOOBIN,DANCING IN THE DARK,SS LABEL,3,35,64,378745,2026-06-04,FALSE,-1,EDM/Dance
37,spotify:track:102XJmW0OH1WATZMW9avu2,"Binz, Obito",Nếu (feat. Obito),SS LABEL,37,114,2,372234,2026-06-04,FALSE,77,R&B/Soul
38,spotify:track:1K0HQ30Wc11okzlcnFA7Ub,HIEUTHUHAI,Không Thể Say,M Music Records,7,29,163,372174,2026-06-04,FALSE,-9,Rap/Hip-hop
39,spotify:track:0fGJiHH6xSUJU1MAVjxq5m,"Karik, GDucky",Bạn Đời,WM Vietnam,5,37,140,371023,2026-06-04,FALSE,-2,Rap/Hip-hop
40,spotify:track:6VXVYATpQXEIoZ97NnWCmn,"Madihu, Vũ.",Vì Anh Đâu Có Biết,WM Vietnam,2,38,200,370708,2026-06-04,FALSE,-2,Ballad
41,spotify:track:71luUs5K7N1fdf7ecMKg04,B Ray,Cho Con (Lullaby pt.2),Great Entertainment/Sony Music,41,66,2,369725,2026-06-04,FALSE,25,Rap/Hip-hop
42,spotify:track:42AOwjuMmIN1ioyyWB60Lw,GREY D,hoá ra…,Umusic Vietnam Co. Ltd. Distributed Labels,5,30,10,366551,2026-06-04,FALSE,-12,R&B/Soul
43,spotify:track:0t8g66pWghsU8MphjUQIdg,"Phùng Khánh Linh, 30 Pictures",Cảm Ơn Người Đã Thức Cùng Tôi,+84 Vietnam New Wave,5,25,15,365804,2026-06-04,FALSE,-18,Ballad
44,spotify:track:5tdz7T4hTxA1ipJMBe24uX,AMEE,"ex's hate me, Pt.2",Yin Yang Media,13,42,189,363362,2026-06-04,FALSE,-2,Pop
45,spotify:track:3Ids3RXurYBgySph53qWnB,buitruonglinh,Từng Ngày Yêu Em,LOOPS Music,9,36,74,362510,2026-06-04,FALSE,-9,Indie/Alternative
46,spotify:track:6Hs2xIgB8nzyGFDvVA8lFa,"Madihu, Low G",Có Em,NGUYEN CHI PHONG,4,44,215,353741,2026-06-04,FALSE,-2,Rap/Hip-hop
47,spotify:track:3P3rcI48wwVEgxF5vPM6pG,Sơn Tùng M-TP,Buông Đôi Tay Nhau Ra,Umusic Vietnam Co. Ltd. Distributed Labels,7,72,151,338760,2026-06-04,FALSE,25,Ballad
48,spotify:track:1J3SmWwlYAG68LGKr86MVH,Sơn Tùng M-TP,Chúng Ta Của Hiện Tại,Umusic Vietnam Co. Ltd. Distributed Labels,1,92,285,336457,2026-06-04,FALSE,44,Pop
49,spotify:track:4gaxEUZE4z9pJAVTSFwgQI,"14 Casper, Bon Nghiêm, buitruonglinh",một đời,DANDERLÉON,14,41,114,335915,2026-06-04,FALSE,-8,Indie/Alternative
50,spotify:track:6nInHlewtrNKguNKlXt0Ur,"Shartnuss, Phankeo, Tr.D",Nắng có mang em về,MaiDao Music,4,48,121,333531,2026-06-04,FALSE,-2,Indie/Alternative
51,spotify:track:6n2xOcqQrNOY0IfgATSwWs,"Puppy, Dangrangto",Wrong Times,MaiDao Music,3,51,135,325894,2026-06-04,FALSE,0,Indie/Alternative
52,spotify:track:58ZlEBxBrzISXtmcOPo476,SOOBIN,giá như,SS LABEL,13,49,112,324229,2026-06-04,FALSE,-3,Ballad
53,spotify:track:1DVYafsLmcQySKkJnY4RCs,"MAYDAYs, Minh Tốc & Lam",Phép Màu - Đàn Cá Gỗ Original Soundtrack,Universal Music Indochina Distributed Labels,2,43,66,323758,2026-06-04,FALSE,-10,Khác
54,spotify:track:4MCP9l0QB9YN2LCkIy8mz4,Obito,Dạo Này,12 trái lê,8,47,23,321617,2026-06-04,FALSE,-7,Rap/Hip-hop
55,spotify:track:5BTzf3doGTigDIYUFtbkI9,"Emcee L (Da LAB), Da LAB, Badbies",Sinh Ra Đã Là Thứ Đối Lập Nhau (feat. Badbies),Yin Yang Media,5,53,284,320027,2026-06-04,FALSE,-2,Ballad
56,spotify:track:6CygbhaDoDGTlRq8LiEwpt,Binz,Hững Hờ,SS LABEL,56,184,2,316484,2026-06-04,FALSE,128,R&B/Soul
57,spotify:track:6QFCMUUq1T2Vf5sFUXcuQ7,"Justin Bieber, Nicki Minaj",Beauty And A Beat,RBMG/Def Jam,9,39,8,313369,2026-06-04,FALSE,-18,EDM/Dance
58,spotify:track:25h0TqC9H3BcMA7KjK5nHK,"GREY D, tlinh",vaicaunoicokhiennguoithaydoi,Umusic Vietnam Co. Ltd. Distributed Labels,2,62,207,310907,2026-06-04,FALSE,4,R&B/Soul
59,spotify:track:4UC3NBjtqbYcqPqRq1s57D,Lyly,24h,WM Vietnam,40,40,55,302892,2026-06-04,FALSE,-19,Ballad
60,spotify:track:3dbfL7nHOZlM4adzLHNnB3,"Juky San, buitruonglinh",Người Đầu Tiên,DAO Entertainment,2,45,31,302636,2026-06-04,FALSE,-15,Ballad
61,spotify:track:39KWnPNEvbXt423CzjvBfA,SOOBIN,Anh Đã Quen Với Cô Đơn,WM Vietnam,40,69,81,302331,2026-06-04,FALSE,8,Ballad
62,spotify:track:0eAuGrXyGFYwur9ARUe7LJ,Malcolm Todd,Earrings,Columbia,62,70,6,297284,2026-06-04,FALSE,8,R&B/Soul
63,spotify:track:4vfhartd7HDWGJbdVIycEu,Sơn Tùng M-TP,Muộn Rồi Mà Sao Còn,Umusic Vietnam Co. Ltd. Distributed Labels,1,109,267,294265,2026-06-04,FALSE,46,Pop
64,spotify:track:7tI8dRuH2Yc6RuoTjxo4dU,Jimin,Who,BIGHIT MUSIC,1,-1,66,293882,2026-06-04,TRUE,NaN,R&B/Soul
65,spotify:track:1r9gNSD1WUFscqTSA2Rcet,MAYDAYs,Hẹn Lần Sau,Universal Music Indochina Distributed Labels,13,52,24,292466,2026-06-04,FALSE,-13,Indie/Alternative
66,spotify:track:7mblTCdc14ylJ1JW71MODb,buitruonglinh,Giờ Thì,LOOPS Music,11,46,77,289938,2026-06-04,FALSE,-20,Indie/Alternative
67,spotify:track:5x5Vx0Musv3LSUKzjY73mA,"Sơn Tùng M-TP, Snoop Dogg",Hãy Trao Cho Anh,Umusic Vietnam Co. Ltd. Distributed Labels,1,-1,150,288514,2026-06-04,TRUE,NaN,EDM/Dance
68,spotify:track:6ag0c7tBr3PIqPb00C2rK4,"VCT, Negav, Jey B, Ngô Kiến Huy",NGƯỜI NHƯ ANH XỨNG ĐÁNG CÔ ĐƠN - KHÔNG ĐAU NỮA RỒI,VIE NETWORK CORPORATION / ADA,45,58,14,287918,2026-06-04,FALSE,-10,Rap/Hip-hop
69,spotify:track:7a3iH9vM5Z58GqOMqXBU1M,aespa,LEMONADE,SM Entertainment,69,-1,1,285856,2026-06-04,TRUE,NaN,Pop
70,spotify:track:0e6fZkLArSmDIHnZcIua7t,"Vũ., Low G",Không Yêu Em Thì Yêu Ai?,WM Vietnam,19,74,88,285188,2026-06-04,FALSE,4,Indie/Alternative
71,spotify:track:2pm7K14nHj2fLrpU8j9bit,PC,10 Ngàn Năm,12 trái lê,27,55,208,284781,2026-06-04,FALSE,-16,Rap/Hip-hop
72,spotify:track:66v7AvDs5gZfmkJgFMMtHL,"Công Dương, Nguyễn Lâm Thảo Tâm, 30 Pictures",A Little Dream Of Me,+84 Vietnam New Wave,22,63,13,282422,2026-06-04,FALSE,-9,Khác
73,spotify:track:4QalnBNnw9uK1dj543nf76,Dương Domic,Không Thời Gian,DAO Entertainment,2,60,37,279145,2026-06-04,FALSE,-13,R&B/Soul
74,spotify:track:54UNNgtE3zzERwTuWSQLqd,"MONSTAR, GREY D, VƯƠNG BÌNH",có hẹn với thanh xuân,Yin Yang Media,5,65,177,274047,2026-06-04,FALSE,-9,R&B/Soul
75,spotify:track:5ouxRyInSdRBQubu3KTd97,"tlinh, 2Pillz",nếu lúc đó,M Music Records,1,64,170,273100,2026-06-04,FALSE,-11,R&B/Soul
76,spotify:track:4nyoalDFgUaZOzIKqj3aS5,"Đặng Vĩnh Thịnh, BMZ, Nguyễn Trung Đức",Ngàn Năm Ánh Sáng,BMZ JSC,5,50,43,270604,2026-06-04,FALSE,-26,Ballad
77,spotify:track:01qFKNWq73UfEslI0GvumE,"Jung Kook, Jack Harlow",3D (feat. Jack Harlow),BIGHIT MUSIC,2,56,139,268667,2026-06-04,FALSE,-21,Pop
78,spotify:track:2Pwou3Q2Cf59RxdX2V6MgV,Shiki,Có Đôi Điều,12 trái lê,10,87,75,267323,2026-06-04,FALSE,9,Rap/Hip-hop
79,spotify:track:3vSmjbKFByNM6l31NmFlmB,"GREY D, MIN",đôi mắt kẻ tình si,Umusic Vietnam Co. Ltd. Distributed Labels,12,59,10,266986,2026-06-04,FALSE,-20,R&B/Soul
80,spotify:track:4CVxKSRLUxqUuj2z9vn4fS,SOOBIN,Xin Đừng Lặng Im,"HONG AN ENTERTAIMENT,.JSC",37,83,54,263081,2026-06-04,FALSE,3,Ballad
81,spotify:track:0pavLg3wbL6PVXAgXoWv4S,"24k.Right, Ngắn, Hipz",Một Nửa Sự Thật,Universal Music Indochina,73,73,9,261333,2026-06-04,FALSE,-8,R&B/Soul
82,spotify:track:0JKEP4dB1riE6l7Kq5kJm1,Chillies,Em Đừng Khóc,WM Vietnam,3,100,69,258727,2026-06-04,FALSE,18,Indie/Alternative
83,spotify:track:7q1qYSyRkGT4ZaCc2ZQihP,"Hoàng Tôn, Koo",Em Còn Nhớ Anh Không - Remastered,Hoàng Tôn,69,93,60,258045,2026-06-04,FALSE,10,Ballad
84,spotify:track:1xoadYaxtOp9gHDwgmPDuz,"JSOL, Hoàng Duyên",Sài Gòn Hôm Nay Mưa,Universal Music Indochina,3,67,262,256925,2026-06-04,FALSE,-17,Ballad
85,spotify:track:3VkV6L37ub0rtuYQoawAqz,Lil Zpoet,Tình Mình Lạ Kì,LiL Z Poet,45,71,18,255290,2026-06-04,FALSE,-14,Ballad
86,spotify:track:6jcLKVmEKAQIXIVHJZ8vzS,"MONSTAR, GREY D, NICKY, VƯƠNG BÌNH",tình yêu chậm trễ,Yin Yang Media,46,76,181,253067,2026-06-04,FALSE,-10,R&B/Soul
87,spotify:track:6E3P4uOfKHYXJLK6Q3s0Tj,"JustaTee, Binz",Cơn Mưa Cuối,NGUYEN THANH TUAN,86,105,31,252082,2026-06-04,FALSE,18,Rap/Hip-hop
88,spotify:track:7Ldcvhcl4Xj4eOTSWpZus5,CORTIS,ACAI,Republic Records – CORTIS,25,61,5,248856,2026-06-04,FALSE,-27,Pop
89,spotify:track:0SmQ0UWeiHKQtxUej4Rem6,SOOBIN,Tháng Năm,Spacespeakers,6,90,185,247051,2026-06-04,FALSE,1,Pop
90,spotify:track:5SzJs9cwYXdSm9G3xcXuA2,Phùng Khánh Linh,Hôm Nay Tôi Buồn,BLACK SWAN LABEL LLC.,13,77,162,247045,2026-06-04,FALSE,-13,Ballad
91,spotify:track:2dPJtlvoa3GDowCh035M8P,Vũ.,Nếu Những Tiếc Nuối,WM Vietnam,33,68,59,246005,2026-06-04,FALSE,-23,Indie/Alternative
92,spotify:track:7bn8ckDTI4EQIKZ6jRL4K0,Sơn Tùng M-TP,Chúng Ta Không Thuộc Về Nhau,Umusic Vietnam Co. Ltd. Distributed Labels,60,-1,61,245964,2026-06-04,TRUE,NaN,Pop
93,spotify:track:51bYFYWODfYOZU0rwvjiCc,"Binz, Đen",Cho Mình Em,Spacespeakers,32,110,132,242602,2026-06-04,FALSE,17,Rap/Hip-hop
94,spotify:track:5C3fx9rdM4Bxf1MSOQC4Ym,"Low G, Thắng",An Thần,M Music Records,2,95,241,240828,2026-06-04,FALSE,1,Rap/Hip-hop
95,spotify:track:2ZBi1KpCR0grEWRNgySqwg,Hngle,Buông,Sony Music Entertainment,17,99,16,240795,2026-06-04,FALSE,4,Ballad
96,spotify:track:0Gi23nmOQ0eaPASq2VoMOW,RIO,vạn vật như muốn ta bên nhau,DAO Entertainment,6,85,60,240458,2026-06-04,FALSE,-11,Indie/Alternative
97,spotify:track:7pDx0GAKEUZu2KsrVgCV8W,Sơn Tùng M-TP,MAKING MY WAY,M Music Records,2,-1,24,239241,2026-06-04,TRUE,NaN,EDM/Dance
98,spotify:track:1o6cYDMHvKOfizi4d9Lqxr,W/N,id 072019,Universal Music Indochina Distributed Labels,3,80,149,238781,2026-06-04,FALSE,-18,Pop
99,spotify:track:4TyQKEifYDWTfTSRwpxlYI,Quân A.P,Bông Hoa Đẹp Nhất,Great Entertainment,32,94,127,238456,2026-06-04,FALSE,-5,Ballad
100,spotify:track:0s7RyyUlQfd8mnnboHe18n,"MANBO, HIEUTHUHAI, HURRYKNG",Hẹn Gặp Em Dưới Ánh Trăng,Gerdnang,20,78,116,237515,2026-06-04,FALSE,-22,Rap/Hip-hop
101,spotify:track:19U8QkwGDiQnYtnNIlspuo,Ronboogz,Nói Dối,MaiDao Music,3,98,135,235661,2026-06-04,FALSE,-3,Indie/Alternative
102,spotify:track:5u5AsK8JLgkr154QHZjJqh,"ANH TRAI ""SAY HI"", VCT, Karik, Negav, Ngô Kiến Huy, Jey B",NGƯỜI NHƯ ANH XỨNG ĐÁNG CÔ ĐƠN,Universal Music Indochina Distributed Labels,3,79,36,235619,2026-06-04,FALSE,-23,Rap/Hip-hop
103,spotify:track:36fgG6NiEuQXznNgf5y2Ck,"T.R.I, Dangrangto, DONAL",một bài hát không vui mấy - Extended Version,Umusic Vietnam Co. Ltd. Distributed Labels,26,101,74,234910,2026-06-04,FALSE,-2,Ballad
104,spotify:track:1hPbWyZnUPaeAWbOSKwkXJ,Quang Đăng Trần,Anh Đã Không Biết Cách Yêu Em,338ENT,9,75,44,233393,2026-06-04,FALSE,-29,Ballad
105,spotify:track:2w7jOvl0kpplNxisgfnCdT,"Đức Trường, BMZ",Nếu Biết Đó Là Lần Cuối,BMZ,47,104,39,233298,2026-06-04,FALSE,-1,Ballad
106,spotify:track:4qJSUFwZFouto5VZUlln75,"tlinh, Trung Trần",Thích Quá Rùi Nà,Universal Music Indochina Distributed Labels,34,89,298,233064,2026-06-04,FALSE,-17,R&B/Soul
107,spotify:track:2rKkfc4VZ74FQDc1FF1Zo6,BTS,Body to Body,BIGHIT MUSIC,5,88,11,232812,2026-06-04,FALSE,-19,Pop
108,spotify:track:5U30iZBlmxkpHqzb1OSnBS,Rhymastic,Yêu 5,WM Vietnam,77,117,226,232479,2026-06-04,FALSE,9,R&B/Soul
109,spotify:track:1UQNU5O9VttUgO16pxUnjw,"Obito, Shiki, RPT MCK",Đánh Đổi,12 trái lê,7,106,139,231857,2026-06-04,FALSE,-3,Rap/Hip-hop
110,spotify:track:43zzuEWDotRcKlSFzrlJqs,Đạt G,Thêm Bao Nhiêu Lâu,12 trái lê,84,84,56,228820,2026-06-04,FALSE,-26,Ballad
111,spotify:track:5kJMW3pK49PvQDtpVryHf5,JustaTee,Forget About Her,Spacespeakers,31,166,41,228573,2026-06-04,FALSE,55,R&B/Soul
112,spotify:track:2Wjghh0RpiBquLsJ932X6R,Ronboogz,nhắn nhủ,MaiDao Music,14,126,129,220717,2026-06-04,FALSE,14,Indie/Alternative
113,spotify:track:5XfGQZA0ioQAWUjlyJRcHc,"Shiki, Obito",1000 Ánh Mắt,12 trái lê,8,103,101,219951,2026-06-04,FALSE,-10,Rap/Hip-hop
114,spotify:track:54PbBpquVfhfrwRwvjSXbI,"Charlie Puth, Selena Gomez",We Don't Talk Anymore (feat. Selena Gomez),Artist Partner,71,113,288,219577,2026-06-04,FALSE,-1,R&B/Soul
115,spotify:track:3b34161QoxLwsqhWSPy9i5,Da LAB,Thanh Xuân,Sony Music Entertainment,1,108,403,219205,2026-06-04,FALSE,-7,Indie/Alternative
116,spotify:track:6Q2oEdOhRjZ1DTv2a7j0lN,"PC, Dick, tofutns",Ghé Qua,12 trái lê,61,91,298,218183,2026-06-04,FALSE,-25,Rap/Hip-hop
117,spotify:track:2NIsWvMUHXqCplwCygJMjP,WEAN,NOWME,M Music Records,117,145,2,217118,2026-06-04,FALSE,28,R&B/Soul
118,spotify:track:1zvL2X6HPrLfvtSY4DpopE,MIN,Em Mới Là Người Yêu Anh,MIN,1,102,159,216121,2026-06-04,FALSE,-16,Pop
119,spotify:track:2pBZoglJzsRk4UeVey8n0k,Việt Anh,Ngày Này Năm Ấy,338ENT,17,81,43,214947,2026-06-04,FALSE,-38,Ballad
120,spotify:track:4SqE2XLtd1AfppGm2xlkf4,Sơn Tùng M-TP,Nắng Ấm Xa Dần,Umusic Vietnam Co. Ltd. Distributed Labels,120,-1,11,212088,2026-06-04,TRUE,NaN,Pop
121,spotify:track:6lRlM6bClcoOBLQi0zfA34,"HIEUTHUHAI, Hoàng Tôn",Chờ Tới Khi Anh Về,M Music Records,23,86,6,211124,2026-06-04,FALSE,-35,R&B/Soul
122,spotify:track:7diH1qnFziArYzynk3vkr6,CORTIS,TNT,Republic Records – CORTIS,27,82,5,209603,2026-06-04,FALSE,-40,Pop
123,spotify:track:27F22WcGDyl4Z2KylVJkXL,buitruonglinh,Đường Tôi Chở Em Về,Universal Music Indochina Distributed Labels,14,96,188,209447,2026-06-04,FALSE,-27,Indie/Alternative
124,spotify:track:527UV7H9SbnmTVkxBVg56X,Sơn Tùng M-TP,Chắc Ai Đó Sẽ Về,Umusic Vietnam Co. Ltd. Distributed Labels,124,189,39,207570,2026-06-04,FALSE,65,Pop
125,spotify:track:2KadxdRVKWJy3ahMnlClhq,Hà An Huy, CHẲNG CẦN BÌNH YÊN |,DAO Entertainment,119,119,2,207167,2026-06-04,FALSE,-6,Ballad
126,spotify:track:3bmpXHVie1GTy37OkXJ7Vc,BTS,2.0,BIGHIT MUSIC,11,118,11,205803,2026-06-04,FALSE,-8,Rap/Hip-hop
127,spotify:track:6UO9nrihAk6sFGvVHDVTz8,"马也_Crabbit, Cole先生",海屿你,网易飓风,127,-1,1,204438,2026-06-04,TRUE,NaN,Pop
128,spotify:track:0oL2jCTf9P9a7flY5mCpYu,"Wxrdie, JustaTee",Trở Về,Universal Music Indochina Distributed Labels,54,122,66,204406,2026-06-04,FALSE,-6,Rap/Hip-hop
129,spotify:track:317Lh6QCAz9JpWbV3oxrCf,"Phùng Khánh Linh, Thành Luke",EM ĐAU,BLACK SWAN LABEL LLC.,62,112,21,204255,2026-06-04,FALSE,-17,Ballad
130,spotify:track:0rR27Ayle8G7sKoCt8OWUr,Dương Domic,Mất Kết Nối,DAO Entertainment,2,111,80,202391,2026-06-04,FALSE,-19,R&B/Soul
131,spotify:track:3ZbZtdEw9U0uZW4tZItIwq,"RHYDER, CoolKid, BAN",Chịu Cách Mình Nói Thua,RHYDER,6,165,123,201396,2026-06-04,FALSE,34,Rap/Hip-hop
132,spotify:track:2ppLwHSMgDGEQ5c8o6nAX2,Low G,Simp Gái 808,M Music Records,9,153,138,200604,2026-06-04,FALSE,21,Rap/Hip-hop
133,spotify:track:0hB27T4dy9qBUcZabsrLOj,HIEUTHUHAI,Dạo Gần Đây Anh Thấy Anh Không Bằng Ai Hết,M Music Records,16,97,6,200430,2026-06-04,FALSE,-36,Rap/Hip-hop
134,spotify:track:5tmA5oQDF0ULqRI12LKCDw,JayKii,Chiều Hôm Ấy,The First Management,95,125,32,199700,2026-06-04,FALSE,-9,Ballad
135,spotify:track:4Iz5EWPCAT8jYNk4IpLoll,buitruonglinh,Dù Cho Mai Về Sau,Yin Yang Media,10,123,271,199411,2026-06-04,FALSE,-12,Indie/Alternative
136,spotify:track:5Bti0azlFhMattVY76qFr9,Vũ.,Lạ Lùng,WM Vietnam,17,120,426,198667,2026-06-04,FALSE,-16,Indie/Alternative
137,spotify:track:6KIhgRkprgyJNERRMu7Quh,MIN,Có Em Chờ,MIN,117,128,56,197936,2026-06-04,FALSE,-9,Pop
138,spotify:track:20dAJsyno9ZoBLJtqgQnUI,BTS,Hooligan,BIGHIT MUSIC,8,124,11,197463,2026-06-04,FALSE,-14,Pop
139,spotify:track:5VGOYjxkEaf19LoRPIolD2,"The Wind, Dangrangto",Anh Muốn Nhìn Thấy Em,M Music Records,77,138,77,197193,2026-06-04,FALSE,-1,Indie/Alternative
140,spotify:track:7J9l9ebYB3IEs5ea5J1M7a,"Da LAB, Tóc Tiên",Nước Mắt Em Lau Bằng Tình Yêu Mới,MUNIZ MUSIC COMPANY LIMITED,107,136,119,196686,2026-06-04,FALSE,-4,Pop
141,spotify:track:0GXZXSDFSbJjqdGifjSaig,buitruonglinh,Sớm Như Vậy,Umusic Vietnam Co. Ltd. Distributed Labels,19,129,8,196685,2026-06-04,FALSE,-12,Indie/Alternative
142,spotify:track:1J12HjUuXfJnaUdubTEzSR,HIEUTHUHAI,Nghe Như Tình Yêu,M Music Records,35,152,246,195487,2026-06-04,FALSE,10,R&B/Soul
143,spotify:track:7fCeYpR02Q8JVuD88hJZVT,"Da LAB, Minh Tốc & Lam",Bầu Trời Mới,Universal Music Indochina Distributed Labels,8,132,87,192068,2026-06-04,FALSE,-11,Indie/Alternative
144,spotify:track:1i5SZL7Ngz0sYFaKmwieyw,"Quang Hùng MasterD, Low G, Hino",Chất Gây Hại,M Music Records,16,151,24,191342,2026-06-04,FALSE,7,Rap/Hip-hop
145,spotify:track:5PGh9MyKry8slG5AfvD1eD,"Obito, Shiki, VSTRA",Hà Nội,12 trái lê,10,131,139,190676,2026-06-04,FALSE,-14,Rap/Hip-hop
146,spotify:track:4N99EuIjwSSFFFMDfTeOLU,"buitruonglinh, Vũ Phụng Tiên",Em Không Khóc (feat. Vũ Phụng Tiên),Yin Yang Media,62,127,187,189433,2026-06-04,FALSE,-19,Indie/Alternative
147,spotify:track:1LJyhnPdYGRLerwJd8CmL1,"Vũ., Dear Jane",Những Lời Hứa Bỏ Quên,WM Vietnam,1,121,129,188936,2026-06-04,FALSE,-26,Indie/Alternative
148,spotify:track:3gLRyMbg5nWLcuKD46Uz72,Phương Ly,Anh Là Ai,PHUONG LY,109,130,36,187734,2026-06-04,FALSE,-18,Pop
149,spotify:track:2G5ujw3rrWcAXQqT8PVnrz,"Obito, Shiki, Lăng LD",Đầu Đường Xó Chợ,12 trái lê,39,133,84,186582,2026-06-04,FALSE,-16,Rap/Hip-hop
150,spotify:track:72hqOaj7KXAgd1X8nEdJBy,"Binz, Phan Mạnh Quỳnh",Gặp Lại (feat. Phan Mạnh Quỳnh),SS LABEL,150,-1,1,184967,2026-06-04,TRUE,NaN,Ballad
151,spotify:track:55K3e7BGewGDUJ4ZQwkh7M,Only C,Người Đáng Thương Là Anh,OnlyC Production,131,172,20,183829,2026-06-04,FALSE,21,Ballad
152,spotify:track:6qgATU8r0ZPcPFPtZ5qA7B,Long Cao,Em Của Anh Đừng Của Ai!,Long Cao,107,107,5,183314,2026-06-04,FALSE,-45,Pop
153,spotify:track:6su7ekPw5AAIU2OUCvos6S,"B Ray, AMEE",Ex's Hate Me,B Ray,129,142,31,183046,2026-06-04,FALSE,-11,Rap/Hip-hop
154,spotify:track:0sR5ThoE0uoskXWrm6KDxP,Kha,Hư không,MaiDao Music,22,182,125,182558,2026-06-04,FALSE,28,Ballad
155,spotify:track:2GE2p2dFpxp7OIz2QOFBzW,"ANH TRAI ""SAY HI"", HURRYKNG, HIEUTHUHAI, Negav, Pháp Kiều, Isaac","KIM PHÚT, KIM GIỜ (feat. HURRYKNG, HIEUTHUHAI, Negav, Pháp Kiều & Isaac)",Anh Trai Say Hi,5,143,84,182056,2026-06-04,FALSE,-12,Rap/Hip-hop
156,spotify:track:3J06iY9IRWKr1H0zIxrUby,"Orange, Hoàng Dũng",Khi Em Lớn,Universal Music Indochina,4,191,226,181138,2026-06-04,FALSE,35,R&B/Soul
157,spotify:track:7dlgEjrK3lHbP786dshKDV,"ANH TRAI ""SAY HI"", B Ray, AMEE",CHỜ ANH VỀ,Universal Music Indochina Distributed Labels,2,134,26,180570,2026-06-04,FALSE,-23,Rap/Hip-hop
158,spotify:track:1MAmEpLRV1JKdafGcZ6jdY,Phan Mạnh Quỳnh,Xuân Thì,Yin Yang Media,158,-1,1,179895,2026-06-04,TRUE,NaN,Ballad
159,spotify:track:48MtqfQw716EZaNzOKNnuR,"CoolKid, RHYDER",Sau Cơn Mưa,MaiDao Music,8,193,143,179665,2026-06-04,FALSE,34,Rap/Hip-hop
160,spotify:track:3UJ2gSPFPSkPKZghRI8y1e,Dangrangto,Love is,MaiDao Music,10,169,84,179021,2026-06-04,FALSE,9,Indie/Alternative
161,spotify:track:6TGwaBlfUGVoeZMBLzvXGP,"Dangrangto, DONAL",thế giới của anh,Higher Dimension,50,149,18,178653,2026-06-04,FALSE,-12,Indie/Alternative
162,spotify:track:0sbM5V9QzGRdDF3P6WXKTi,Binz,King,SS LABEL,162,-1,1,177941,2026-06-04,TRUE,NaN,Rap/Hip-hop
163,spotify:track:5prZw3OHd2UhAq0VBKpqUM,GREY D,mới hôm qua,Umusic Vietnam Co. Ltd. Distributed Labels,34,157,10,177338,2026-06-04,FALSE,-6,R&B/Soul
164,spotify:track:3y66li7DIrH7HLKIZzxR5H,Kai Đinh,Lễ Đường,Yin Yang Media,3,137,64,177290,2026-06-04,FALSE,-27,Ballad
165,spotify:track:7AD5F85waSb3yZxZxEXhJM,"Tóc Tiên, Touliver",Có Ai Thương Em Như Anh,Yin Yang Media,20,197,148,176821,2026-06-04,FALSE,32,EDM/Dance
166,spotify:track:0KA8tBqZ81mBe2po59GK5j,Đỗ Hoàng Long,Trạng Thái Mộng Mơ,Umusic Vietnam Co. Ltd. Distributed Labels,92,116,15,176671,2026-06-04,FALSE,-50,Indie/Alternative
167,spotify:track:6OWWZtNQORY1McaZmOrwhc,CORTIS,GO!,Republic Records – CORTIS,82,147,28,176344,2026-06-04,FALSE,-20,Pop
168,spotify:track:5cF0dROlMOK5uNZtivgu50,Charlie Puth,Attention,Artist Partner,21,177,204,175487,2026-06-04,FALSE,9,R&B/Soul
169,spotify:track:6s3w7SUVtmm68Bw5KrKMh0,BTS,One More Night,BIGHIT MUSIC,21,158,6,174274,2026-06-04,FALSE,-11,Pop
170,spotify:track:1mKDbug8bbfDmLe7I4CJpe,"Da LAB, Miu Lê",Gác Lại Âu Lo (feat. Miu Lê),Yin Yang Media,2,-1,174,174105,2026-06-04,TRUE,NaN,Pop
171,spotify:track:2SykQzXuFSeprST1uDjj1m,AMEE,trời giấu trời mang đi,Yin Yang Media,52,171,88,174023,2026-06-04,FALSE,0,R&B/Soul
172,spotify:track:2FnXZhpEKgIab8vI6t2C7e,"Shiki, Tyronee",Perfect,12 trái lê,74,176,60,173472,2026-06-04,FALSE,4,Rap/Hip-hop
173,spotify:track:33lmTQ4XboC8k9wOPoelGD,"Binz, SUGI",Không Ai (feat. SUGI),SS LABEL,173,-1,1,173314,2026-06-04,TRUE,NaN,Rap/Hip-hop
174,spotify:track:7CyPwkp0oE8Ro9Dd5CUDjW,"The Weeknd, JENNIE, Lily-Rose Depp","One Of The Girls (with JENNIE, Lily Rose Depp)",XO / Republic Records,11,160,154,172946,2026-06-04,FALSE,-14,R&B/Soul
175,spotify:track:1FUdEz4fX1DxPcVAARlu6A,GREY D,yêu em như…,Umusic Vietnam Co. Ltd. Distributed Labels,13,168,10,171554,2026-06-04,FALSE,-7,R&B/Soul
176,spotify:track:3H6nzsPNMttEvUl3ai3xN8,Chillies,Vùng Ký Ức,WM Vietnam,1,154,131,170984,2026-06-04,FALSE,-22,Indie/Alternative
177,spotify:track:5wYQC7AuxV8ROALWcbVNxc,"Hoàng Dũng, Rhymastic, Lelarec",Giữ Anh Cho Ngày Hôm Qua,Lirico Entertainment,40,140,34,170915,2026-06-04,FALSE,-37,Ballad
178,spotify:track:3OVMe3H6iAxbLF8iD2UYrw,Sơn Tùng M-TP,Chúng Ta Của Tương Lai,Umusic Vietnam Co. Ltd. Distributed Labels,1,-1,82,170025,2026-06-04,TRUE,NaN,Pop
179,spotify:track:7HoAJ6Hc1P91eoOrn1WY5d,"Đức Trường, BMZ, Kun",Đáng Lý Ra Phải Là Anh,BMZ,90,188,25,169297,2026-06-04,FALSE,9,Ballad
180,spotify:track:3COYA2vgfcUhDyRlVpZy5p,"tlinh, Low G",PHÓNG ZÌN ZÌN,M Music Records,4,161,89,169033,2026-06-04,FALSE,-19,Rap/Hip-hop
181,spotify:track:5GjAqS2bonPX1ymfvMTlIk,Sơn Tùng M-TP,THERE'S NO ONE AT ALL,M Music Records,1,-1,31,168835,2026-06-04,TRUE,NaN,Pop
182,spotify:track:4wJ5Qq0jBN4ajy7ouZIV1c,"ROSÉ, Bruno Mars",APT.,Atlantic Records,2,194,71,168668,2026-06-04,FALSE,12,Pop
183,spotify:track:2uxjHthUJd2A8PmWaUGGsI,"Hoàng Dũng, Hoàng Rob",Chờ Anh Nhé,Lirico Entertainment,99,159,51,167528,2026-06-04,FALSE,-24,Indie/Alternative
184,spotify:track:6epn3r7S14KUqlReYr77hA,"Justin Bieber, Ludacris",Baby,RBMG/Def Jam,27,148,8,167089,2026-06-04,FALSE,-36,Pop
185,spotify:track:53zusvCJkyGYjEZ6bnLIjh,Hà Anh Tuấn,Tháng Tư Là Lời Nói Dối Của Em,Yin Yang Media,49,141,64,166369,2026-06-04,FALSE,-44,Ballad
186,spotify:track:1VyXprVXZYNGWWZf1u4JfN,CORTIS,Blue Lips,Republic Records – CORTIS,59,180,5,166100,2026-06-04,FALSE,-6,Pop
187,spotify:track:4ecdsGz3Hg6TKPwQ0ZOdJz,CORTIS,FaSHioN,Republic Records – CORTIS,90,163,26,165790,2026-06-04,FALSE,-24,Pop
188,spotify:track:7kgzRBNkBRArtTPkYjWLYT,"14 Casper, Bon Nghiêm",bao tiền một mớ bình yên?,DANDERLÉON,9,162,263,165468,2026-06-04,FALSE,-26,Ballad
189,spotify:track:5oFEvbM7lGnx8jfAkuhVyo,"AMEE, RPT MCK",MỘNG YU,Yin Yang Media,3,198,78,165082,2026-06-04,FALSE,9,R&B/Soul
190,spotify:track:6D94p9ASguBcYlDC0o56vx,HIEUTHUHAI,NOLOVENOLIFE,M Music Records,24,135,138,164153,2026-06-04,FALSE,-55,Rap/Hip-hop
191,spotify:track:5BJqg07SKgmFnVLOBmLFvq,Bùi Anh Tuấn,"Hẹn Một Mai - From"" 4 Năm 2 Chàng 1 Tình Yêu""",1LABEL,109,139,59,163981,2026-06-04,FALSE,-52,Ballad
192,spotify:track:1izPmgSW7FV6XFdEOiTvOY,"Changg, Minh Huy",Em Không Hiểu,Universal Music Indochina Distributed Labels,27,-1,243,163646,2026-06-04,TRUE,NaN,R&B/Soul
193,spotify:track:6uxuJ8Fr1AAfSPJUF9N1yr,Vũ.,Bước Qua Mùa Cô Đơn,WM Vietnam,1,164,274,163155,2026-06-04,FALSE,-29,Indie/Alternative
194,spotify:track:21PfXNAfEIaw1XZeSFGHkt,"BigDaddy, Emily",Mượn Rượu Tỏ Tình,MUNIZ MUSIC COMPANY LIMITED,1,-1,169,162432,2026-06-04,TRUE,NaN,Pop
195,spotify:track:0jHpGB1Xt2kIX0VaPFvStp,"Tùng TeA, PC, TaynguyenSound",Già Cùng Nhau Là Được,12 trái lê,70,155,148,162332,2026-06-04,FALSE,-40,Rap/Hip-hop
196,spotify:track:50cmxP6KlnQA9IG3q5ckKD,Chillies,Mascara,WM Vietnam,3,167,228,162047,2026-06-04,FALSE,-29,Indie/Alternative
197,spotify:track:4YMM05vannAm37Mp1dHK1V,"RPT MCK, Trung Trần",Chìm Sâu,abandonh3ll records,1,178,222,161996,2026-06-04,FALSE,-19,R&B/Soul
198,spotify:track:3XRvVlOBvClOq1KpI50uKC,MONSTAR,giữ lấy làm gì,Yin Yang Media,198,-1,1,161342,2026-06-04,TRUE,NaN,Pop
199,spotify:track:25NLn8W1JxuVrXQTVrDA4c,"Dfoxie37, myhoa, Tuann",hello em có khỏe không,Universal Music Indochina Distributed Labels,15,156,27,160729,2026-06-04,FALSE,-43,Pop
200,spotify:track:498g7npirihKT5MPdVSfb0,Hoàng Dũng,Phonecert,"CAM, LIRICO",137,-1,23,159865,2026-06-04,TRUE,NaN,R&B/Soul
1,spotify:track:2HRgqmZQC0MC7GeNuDIXHN,"Jung Kook, Latto",Seven (feat. Latto) (Explicit Ver.),BIGHIT MUSIC,1,1,152,1975313,2026-06-11,FALSE,0,Pop
2,spotify:track:68lbSrXDORS51pmyjZv712,BTS,SWIM,BIGHIT MUSIC,1,3,12,1511906,2026-06-11,FALSE,1,Pop
3,spotify:track:0a32EBPjqAe47cYDPE5Ia5,"Binz, SOOBIN",Em (feat. SOOBIN),SS LABEL,3,4,3,1360614,2026-06-11,FALSE,1,R&B/Soul
4,spotify:track:7326q9PcJDcKuAFcrSkN0t,"Sơn Tùng M-TP, Tyga",Come My Way,M Music Records,2,2,2,1001784,2026-06-11,FALSE,-2,EDM/Dance
5,spotify:track:1ApIGNgp1azc0qB61x4GzG,"Hngle, Ari",Không Buông,Umusic Vietnam Co. Ltd. Distributed Labels,2,5,40,834427,2026-06-11,FALSE,0,Pop
6,spotify:track:7bFFUPBiF15n8m8RziqS4o,GREY D,dự báo thời tiết hôm nay mưa,Umusic Vietnam Co. Ltd. Distributed Labels,6,9,186,696729,2026-06-11,FALSE,3,R&B/Soul
7,spotify:track:73RcFjiDtStfP3GCW44vJu,"Minh Huy, Pinny",Ngày Rời Chuyến Bay,12 trái lê,6,10,10,667635,2026-06-11,FALSE,3,Ballad
8,spotify:track:5xVCfx47vCXuLdpfbepqEo,HIEUTHUHAI,Người Im Lặng Gặp Người Hay Nói,M Music Records,2,7,14,655106,2026-06-11,FALSE,-1,Rap/Hip-hop
9,spotify:track:2KslE17cAJNHTsI2MI0jb2,Jung Kook,Standing Next to You,BIGHIT MUSIC,1,6,135,641818,2026-06-11,FALSE,-3,Pop
10,spotify:track:7uUuftbcr94tzGOCJSM25u,"Low G, JustaTee",In Love,M Music Records,2,8,33,626743,2026-06-11,FALSE,-2,Rap/Hip-hop
11,spotify:track:4nXrVH5xwN1w6TpmP7uu8n,"HIEUTHUHAI, marzuz",Exit Sign,M Music Records,4,11,139,623188,2026-06-11,FALSE,0,Rap/Hip-hop
12,spotify:track:6Qwl74olNi1rl65FNxG5We,"marzuz, Changg",Và Thế Giới Đã Mất Đi Một Người Cô Đơn,Universal Music Indochina,7,13,29,601692,2026-06-11,FALSE,1,Ballad
13,spotify:track:20jbSiX29FDX4oQxBXyUEi,Ariana Grande,hate that i made you love me,Republic Records,13,23,2,540021,2026-06-11,FALSE,10,R&B/Soul
14,spotify:track:2wZAvkgiOE5tyrnqhB69KA,Sơn Tùng M-TP,Âm Thầm Bên Em,Umusic Vietnam Co. Ltd. Distributed Labels,9,14,294,531099,2026-06-11,FALSE,0,Ballad
15,spotify:track:0NyrI1tMvqcK3vU5z9DMdI,JustaTee,She Neva Knows,NGUYEN THANH TUAN,10,12,19,529316,2026-06-11,FALSE,-3,R&B/Soul
16,spotify:track:6mKMGpkgP2cH5gmqILWe7b,Fishy,vết thương,LOOPS Music,15,15,56,495990,2026-06-11,FALSE,-1,Ballad
17,spotify:track:2a5hng9yXtbjtTVVm9UviC,VCT,Mơ,Universal Music Indochina Distributed Labels,6,19,198,458754,2026-06-11,FALSE,2,Pop
18,spotify:track:6Zoi4ue74UdUeYmHXItXnf,"B Ray, V#",Vùng An Toàn,MIXUS,3,18,49,458100,2026-06-11,FALSE,0,Rap/Hip-hop
19,spotify:track:4BdB08vuS9r4HOoY7GkAxT,SOOBIN,Nếu Ngày Ấy,SS LABEL,17,17,77,455433,2026-06-11,FALSE,-2,Ballad
20,spotify:track:5rSAUmbOg4giDrM29vUyHe,Sơn Tùng M-TP,Nơi Này Có Anh,Umusic Vietnam Co. Ltd. Distributed Labels,5,16,366,448774,2026-06-11,FALSE,-4,Pop
21,spotify:track:3T7XHOdRcyhKU3QCB6kZG3,"MIN, Dangrangto, antransax",chẳng phải tình đầu sao đau đến thế,WM Vietnam,2,24,33,448518,2026-06-11,FALSE,3,Indie/Alternative
22,spotify:track:5cn5oHiXJTLiuthgbgfkMh,VCT,Vết Mưa,Universal Music Indochina Distributed Labels,19,31,118,433436,2026-06-11,FALSE,9,Ballad
23,spotify:track:31VNCmwspR7nVJ6kruUuJt,Sơn Tùng M-TP,Đừng Làm Trái Tim Anh Đau,Umusic Vietnam Co. Ltd. Distributed Labels,1,27,105,427580,2026-06-11,FALSE,4,Pop
24,spotify:track:7tI8dRuH2Yc6RuoTjxo4dU,Jimin,Who,BIGHIT MUSIC,1,64,67,415786,2026-06-11,FALSE,40,R&B/Soul
25,spotify:track:11T61UpoNbbcewOMl1kcWN,NHONHO,Dạo Bước HongKong 1999,NHONHO,5,34,11,410823,2026-06-11,FALSE,9,Indie/Alternative
26,spotify:track:2fCwv2ppU5nTRTckomIGsd,CORTIS,REDRED,Republic Records – CORTIS,5,22,8,397994,2026-06-11,FALSE,-4,Pop
27,spotify:track:1K0HQ30Wc11okzlcnFA7Ub,HIEUTHUHAI,Không Thể Say,M Music Records,7,38,164,396597,2026-06-11,FALSE,11,Rap/Hip-hop
28,spotify:track:6GM4ZOBDcDroldUxI8GZ2B,"VSTRA, Tyronee",Ai Ngoài Anh,CDSL,2,26,23,395688,2026-06-11,FALSE,-2,R&B/Soul
29,spotify:track:0JF65tQ1nQxBHFzs5IVn8o,GREY D,toidaidot,Umusic Vietnam Co. Ltd. Distributed Labels,29,-1,1,391626,2026-06-11,TRUE,NaN,R&B/Soul
30,spotify:track:5KYv3kORBKUmVEoqbRRWxt,"Bảo Anh, Táo",Từng Là Của Nhau,Yin Yang Media,7,28,40,389233,2026-06-11,FALSE,-2,Ballad
31,spotify:track:42AOwjuMmIN1ioyyWB60Lw,GREY D,hoá ra…,Umusic Vietnam Co. Ltd. Distributed Labels,5,42,11,387362,2026-06-11,FALSE,11,R&B/Soul
32,spotify:track:3x7Hh3zsE1wcXCU2G8l5tP,SOOBIN,DANCING IN THE DARK,SS LABEL,3,36,65,377159,2026-06-11,FALSE,4,EDM/Dance
33,spotify:track:1UhQ0VwKq2PGnLiAZOJYV1,Binz,Em,SS LABEL,4,20,29,374532,2026-06-11,FALSE,-13,R&B/Soul
34,spotify:track:3P3rcI48wwVEgxF5vPM6pG,Sơn Tùng M-TP,Buông Đôi Tay Nhau Ra,Umusic Vietnam Co. Ltd. Distributed Labels,7,47,152,373306,2026-06-11,FALSE,13,Ballad
35,spotify:track:3DLtPObflLQBodZN8qGODT,"JustaTee, BigDaddy",2AM,WM Vietnam,18,30,215,366399,2026-06-11,FALSE,-5,R&B/Soul
36,spotify:track:41DlPJXKTCypXdf2eSqa03,"Vũ., Binz",bình yên,WM Vietnam,4,35,93,365062,2026-06-11,FALSE,-1,Rap/Hip-hop
37,spotify:track:5x5Vx0Musv3LSUKzjY73mA,"Sơn Tùng M-TP, Snoop Dogg",Hãy Trao Cho Anh,Umusic Vietnam Co. Ltd. Distributed Labels,1,67,151,359495,2026-06-11,FALSE,30,EDM/Dance
38,spotify:track:0fGJiHH6xSUJU1MAVjxq5m,"Karik, GDucky",Bạn Đời,WM Vietnam,5,39,141,359273,2026-06-11,FALSE,1,Rap/Hip-hop
39,spotify:track:6Hs2xIgB8nzyGFDvVA8lFa,"Madihu, Low G",Có Em,NGUYEN CHI PHONG,4,46,216,353333,2026-06-11,FALSE,7,Rap/Hip-hop
40,spotify:track:4CUvVaAYuXtvYURLFz7EIL,"Emcee L (Da LAB), Da LAB, Muộii (Starry Night)",Chuyện Đôi Ta (feat. Muộii),Yin Yang Media,3,21,236,349621,2026-06-11,FALSE,-19,Ballad
41,spotify:track:0eAuGrXyGFYwur9ARUe7LJ,Malcolm Todd,Earrings,Columbia,41,62,7,344378,2026-06-11,FALSE,21,R&B/Soul
42,spotify:track:6VXVYATpQXEIoZ97NnWCmn,"Madihu, Vũ.",Vì Anh Đâu Có Biết,WM Vietnam,2,40,201,343983,2026-06-11,FALSE,-2,Ballad
43,spotify:track:0t8g66pWghsU8MphjUQIdg,"Phùng Khánh Linh, 30 Pictures",Cảm Ơn Người Đã Thức Cùng Tôi,+84 Vietnam New Wave,5,43,16,342326,2026-06-11,FALSE,0,Ballad
44,spotify:track:5tdz7T4hTxA1ipJMBe24uX,AMEE,"ex's hate me, Pt.2",Yin Yang Media,13,44,190,341127,2026-06-11,FALSE,0,Pop
45,spotify:track:1J3SmWwlYAG68LGKr86MVH,Sơn Tùng M-TP,Chúng Ta Của Hiện Tại,Umusic Vietnam Co. Ltd. Distributed Labels,1,48,286,340975,2026-06-11,FALSE,3,Pop
46,spotify:track:27Z9T0mSWHYWSj9SNOGvyt,"JustaTee, Phương Ly",Thằng Điên,NGUYEN THANH TUAN,2,33,201,340293,2026-06-11,FALSE,-13,R&B/Soul
47,spotify:track:3J3nv18iIrOhca1ZWNeuyW,JustaTee,Đã Lỡ Yêu Em Nhiều,NGUYEN THANH TUAN,24,25,175,333456,2026-06-11,FALSE,-22,Ballad
48,spotify:track:102XJmW0OH1WATZMW9avu2,"Binz, Obito",Nếu (feat. Obito),SS LABEL,37,37,3,330662,2026-06-11,FALSE,-11,R&B/Soul
49,spotify:track:58ZlEBxBrzISXtmcOPo476,SOOBIN,giá như,SS LABEL,13,52,113,327323,2026-06-11,FALSE,3,Ballad
50,spotify:track:2o4dDfLK6NVI7TjBm5VoMv,"Lou Hoàng, Miu Lê",Yêu Một Người Có Lẽ,Onlyc Entertainment,17,32,225,325169,2026-06-11,FALSE,-18,Pop
51,spotify:track:71luUs5K7N1fdf7ecMKg04,B Ray,Cho Con (Lullaby pt.2),Great Entertainment/Sony Music,41,41,3,323497,2026-06-11,FALSE,-10,Rap/Hip-hop
52,spotify:track:3Ids3RXurYBgySph53qWnB,buitruonglinh,Từng Ngày Yêu Em,LOOPS Music,9,45,75,321173,2026-06-11,FALSE,-7,Indie/Alternative
53,spotify:track:1MiJk3dXC5jzhvLFP0dUM7,Da LAB,Thức Giấc,Yin Yang Media,1,29,257,319869,2026-06-11,FALSE,-24,Pop
54,spotify:track:6nInHlewtrNKguNKlXt0Ur,"Shartnuss, Phankeo, Tr.D",Nắng có mang em về,MaiDao Music,4,50,122,316425,2026-06-11,FALSE,-4,Indie/Alternative
55,spotify:track:4gaxEUZE4z9pJAVTSFwgQI,"14 Casper, Bon Nghiêm, buitruonglinh",một đời,DANDERLÉON,14,49,115,313890,2026-06-11,FALSE,-6,Indie/Alternative
56,spotify:track:3vSmjbKFByNM6l31NmFlmB,"GREY D, MIN",đôi mắt kẻ tình si,Umusic Vietnam Co. Ltd. Distributed Labels,12,79,11,312689,2026-06-11,FALSE,23,R&B/Soul
57,spotify:track:4MCP9l0QB9YN2LCkIy8mz4,Obito,Dạo Này,12 trái lê,8,54,24,299886,2026-06-11,FALSE,-3,Rap/Hip-hop
58,spotify:track:6n2xOcqQrNOY0IfgATSwWs,"Puppy, Dangrangto",Wrong Times,MaiDao Music,3,51,136,299027,2026-06-11,FALSE,-7,Indie/Alternative
59,spotify:track:4nyoalDFgUaZOzIKqj3aS5,"Đặng Vĩnh Thịnh, BMZ, Nguyễn Trung Đức",Ngàn Năm Ánh Sáng,BMZ JSC,5,76,44,296521,2026-06-11,FALSE,17,Ballad
60,spotify:track:25h0TqC9H3BcMA7KjK5nHK,"GREY D, tlinh",vaicaunoicokhiennguoithaydoi,Umusic Vietnam Co. Ltd. Distributed Labels,2,58,208,293534,2026-06-11,FALSE,-2,R&B/Soul
61,spotify:track:6QFCMUUq1T2Vf5sFUXcuQ7,"Justin Bieber, Nicki Minaj",Beauty And A Beat,RBMG/Def Jam,9,57,9,291551,2026-06-11,FALSE,-4,EDM/Dance
62,spotify:track:0e6fZkLArSmDIHnZcIua7t,"Vũ., Low G",Không Yêu Em Thì Yêu Ai?,WM Vietnam,19,70,89,287183,2026-06-11,FALSE,8,Indie/Alternative
63,spotify:track:5BTzf3doGTigDIYUFtbkI9,"Emcee L (Da LAB), Da LAB, Badbies",Sinh Ra Đã Là Thứ Đối Lập Nhau (feat. Badbies),Yin Yang Media,5,55,285,286576,2026-06-11,FALSE,-8,Ballad
64,spotify:track:3dbfL7nHOZlM4adzLHNnB3,"Juky San, buitruonglinh",Người Đầu Tiên,DAO Entertainment,2,60,32,286048,2026-06-11,FALSE,-4,Ballad
65,spotify:track:39KWnPNEvbXt423CzjvBfA,SOOBIN,Anh Đã Quen Với Cô Đơn,WM Vietnam,40,61,82,284414,2026-06-11,FALSE,-4,Ballad
66,spotify:track:36fgG6NiEuQXznNgf5y2Ck,"T.R.I, Dangrangto, DONAL",một bài hát không vui mấy - Extended Version,Umusic Vietnam Co. Ltd. Distributed Labels,26,103,75,275221,2026-06-11,FALSE,37,Ballad
67,spotify:track:0pavLg3wbL6PVXAgXoWv4S,"24k.Right, Ngắn, Hipz",Một Nửa Sự Thật,Universal Music Indochina,67,81,10,274932,2026-06-11,FALSE,14,R&B/Soul
68,spotify:track:1DVYafsLmcQySKkJnY4RCs,"MAYDAYs, Minh Tốc & Lam",Phép Màu - Đàn Cá Gỗ Original Soundtrack,Universal Music Indochina Distributed Labels,2,53,67,274633,2026-06-11,FALSE,-15,Khác
69,spotify:track:66v7AvDs5gZfmkJgFMMtHL,"Công Dương, Nguyễn Lâm Thảo Tâm, 30 Pictures",A Little Dream Of Me,+84 Vietnam New Wave,22,72,14,272485,2026-06-11,FALSE,3,Khác
70,spotify:track:4QalnBNnw9uK1dj543nf76,Dương Domic,Không Thời Gian,DAO Entertainment,2,73,38,270022,2026-06-11,FALSE,3,R&B/Soul
71,spotify:track:4CVxKSRLUxqUuj2z9vn4fS,SOOBIN,Xin Đừng Lặng Im,"HONG AN ENTERTAIMENT,.JSC",37,80,55,269821,2026-06-11,FALSE,9,Ballad
72,spotify:track:6ag0c7tBr3PIqPb00C2rK4,"VCT, Negav, Jey B, Ngô Kiến Huy",NGƯỜI NHƯ ANH XỨNG ĐÁNG CÔ ĐƠN - KHÔNG ĐAU NỮA RỒI,VIE NETWORK CORPORATION / ADA,45,68,15,264394,2026-06-11,FALSE,-4,Rap/Hip-hop
73,spotify:track:2pm7K14nHj2fLrpU8j9bit,PC,10 Ngàn Năm,12 trái lê,27,71,209,264097,2026-06-11,FALSE,-2,Rap/Hip-hop
74,spotify:track:3VkV6L37ub0rtuYQoawAqz,Lil Zpoet,Tình Mình Lạ Kì,LiL Z Poet,45,85,19,263840,2026-06-11,FALSE,11,Ballad
75,spotify:track:7mblTCdc14ylJ1JW71MODb,buitruonglinh,Giờ Thì,LOOPS Music,11,66,78,263585,2026-06-11,FALSE,-9,Indie/Alternative
76,spotify:track:01qFKNWq73UfEslI0GvumE,"Jung Kook, Jack Harlow",3D (feat. Jack Harlow),BIGHIT MUSIC,2,77,140,261685,2026-06-11,FALSE,1,Pop
77,spotify:track:1r9gNSD1WUFscqTSA2Rcet,MAYDAYs,Hẹn Lần Sau,Universal Music Indochina Distributed Labels,13,65,25,260381,2026-06-11,FALSE,-12,Indie/Alternative
78,spotify:track:4vfhartd7HDWGJbdVIycEu,Sơn Tùng M-TP,Muộn Rồi Mà Sao Còn,Umusic Vietnam Co. Ltd. Distributed Labels,1,63,268,259864,2026-06-11,FALSE,-15,Pop
79,spotify:track:4UC3NBjtqbYcqPqRq1s57D,Lyly,24h,WM Vietnam,40,59,56,257978,2026-06-11,FALSE,-20,Ballad
80,spotify:track:4qJSUFwZFouto5VZUlln75,"tlinh, Trung Trần",Thích Quá Rùi Nà,Universal Music Indochina Distributed Labels,34,106,299,255663,2026-06-11,FALSE,26,R&B/Soul
81,spotify:track:1xoadYaxtOp9gHDwgmPDuz,"JSOL, Hoàng Duyên",Sài Gòn Hôm Nay Mưa,Universal Music Indochina,3,84,263,254549,2026-06-11,FALSE,3,Ballad
82,spotify:track:6jcLKVmEKAQIXIVHJZ8vzS,"MONSTAR, GREY D, NICKY, VƯƠNG BÌNH",tình yêu chậm trễ,Yin Yang Media,46,86,182,252401,2026-06-11,FALSE,4,R&B/Soul
83,spotify:track:5ouxRyInSdRBQubu3KTd97,"tlinh, 2Pillz",nếu lúc đó,M Music Records,1,75,171,248566,2026-06-11,FALSE,-8,R&B/Soul
84,spotify:track:1o6cYDMHvKOfizi4d9Lqxr,W/N,id 072019,Universal Music Indochina Distributed Labels,3,98,150,248136,2026-06-11,FALSE,14,Pop
85,spotify:track:5u5AsK8JLgkr154QHZjJqh,"ANH TRAI ""SAY HI"", VCT, Karik, Negav, Ngô Kiến Huy, Jey B",NGƯỜI NHƯ ANH XỨNG ĐÁNG CÔ ĐƠN,Universal Music Indochina Distributed Labels,3,102,37,247646,2026-06-11,FALSE,17,Rap/Hip-hop
86,spotify:track:6UO9nrihAk6sFGvVHDVTz8,"马也_Crabbit, Cole先生",海屿你,网易飓风,86,127,2,247443,2026-06-11,FALSE,41,Pop
87,spotify:track:54UNNgtE3zzERwTuWSQLqd,"MONSTAR, GREY D, VƯƠNG BÌNH",có hẹn với thanh xuân,Yin Yang Media,5,74,178,246960,2026-06-11,FALSE,-13,R&B/Soul
88,spotify:track:6CygbhaDoDGTlRq8LiEwpt,Binz,Hững Hờ,SS LABEL,56,56,3,241064,2026-06-11,FALSE,-32,R&B/Soul
89,spotify:track:2ZBi1KpCR0grEWRNgySqwg,Hngle,Buông,Sony Music Entertainment,17,95,17,237541,2026-06-11,FALSE,6,Ballad
90,spotify:track:6vjt2smGK75oc9r2OGFfgp,aespa,LEMONADE,SM Entertainment,69,69,2,235919,2026-06-11,FALSE,-21,Pop
91,spotify:track:0Gi23nmOQ0eaPASq2VoMOW,RIO,vạn vật như muốn ta bên nhau,DAO Entertainment,6,96,61,235528,2026-06-11,FALSE,5,Indie/Alternative
92,spotify:track:19U8QkwGDiQnYtnNIlspuo,Ronboogz,Nói Dối,MaiDao Music,3,101,136,230063,2026-06-11,FALSE,9,Indie/Alternative
93,spotify:track:1hPbWyZnUPaeAWbOSKwkXJ,Quang Đăng Trần,Anh Đã Không Biết Cách Yêu Em,338ENT,9,104,45,229279,2026-06-11,FALSE,11,Ballad
94,spotify:track:7Ldcvhcl4Xj4eOTSWpZus5,CORTIS,ACAI,Republic Records – CORTIS,25,88,6,225258,2026-06-11,FALSE,-6,Pop
95,spotify:track:5SzJs9cwYXdSm9G3xcXuA2,Phùng Khánh Linh,Hôm Nay Tôi Buồn,BLACK SWAN LABEL LLC.,13,90,163,225106,2026-06-11,FALSE,-5,Ballad
96,spotify:track:2Pwou3Q2Cf59RxdX2V6MgV,Shiki,Có Đôi Điều,12 trái lê,10,78,76,224860,2026-06-11,FALSE,-18,Rap/Hip-hop
97,spotify:track:0SmQ0UWeiHKQtxUej4Rem6,SOOBIN,Tháng Năm,Spacespeakers,6,89,186,224778,2026-06-11,FALSE,-8,Pop
98,spotify:track:0JKEP4dB1riE6l7Kq5kJm1,Chillies,Em Đừng Khóc,WM Vietnam,3,82,70,223286,2026-06-11,FALSE,-16,Indie/Alternative
99,spotify:track:0s7RyyUlQfd8mnnboHe18n,"MANBO, HIEUTHUHAI, HURRYKNG",Hẹn Gặp Em Dưới Ánh Trăng,Gerdnang,20,100,117,222736,2026-06-11,FALSE,1,Rap/Hip-hop
100,spotify:track:6E3P4uOfKHYXJLK6Q3s0Tj,"JustaTee, Binz",Cơn Mưa Cuối,NGUYEN THANH TUAN,86,87,32,222682,2026-06-11,FALSE,-13,Rap/Hip-hop
101,spotify:track:4TyQKEifYDWTfTSRwpxlYI,Quân A.P,Bông Hoa Đẹp Nhất,Great Entertainment,32,99,128,222226,2026-06-11,FALSE,-2,Ballad
102,spotify:track:7bn8ckDTI4EQIKZ6jRL4K0,Sơn Tùng M-TP,Chúng Ta Không Thuộc Về Nhau,Umusic Vietnam Co. Ltd. Distributed Labels,60,92,62,219545,2026-06-11,FALSE,-10,Pop
103,spotify:track:2w7jOvl0kpplNxisgfnCdT,"Đức Trường, BMZ",Nếu Biết Đó Là Lần Cuối,BMZ,47,105,40,218873,2026-06-11,FALSE,2,Ballad
104,spotify:track:2pBZoglJzsRk4UeVey8n0k,Việt Anh,Ngày Này Năm Ấy,338ENT,17,119,44,218729,2026-06-11,FALSE,15,Ballad
105,spotify:track:7q1qYSyRkGT4ZaCc2ZQihP,"Hoàng Tôn, Koo",Em Còn Nhớ Anh Không - Remastered,Hoàng Tôn,69,83,61,217587,2026-06-11,FALSE,-22,Ballad
106,spotify:track:43zzuEWDotRcKlSFzrlJqs,Đạt G,Thêm Bao Nhiêu Lâu,12 trái lê,84,110,57,216174,2026-06-11,FALSE,4,Ballad
107,spotify:track:5kJMW3pK49PvQDtpVryHf5,JustaTee,Forget About Her,Spacespeakers,31,111,42,215257,2026-06-11,FALSE,4,R&B/Soul
108,spotify:track:6Q2oEdOhRjZ1DTv2a7j0lN,"PC, Dick, tofutns",Ghé Qua,12 trái lê,61,116,299,213822,2026-06-11,FALSE,8,Rap/Hip-hop
109,spotify:track:5VGOYjxkEaf19LoRPIolD2,"The Wind, Dangrangto",Anh Muốn Nhìn Thấy Em,M Music Records,77,139,78,212447,2026-06-11,FALSE,30,Indie/Alternative
110,spotify:track:5C3fx9rdM4Bxf1MSOQC4Ym,"Low G, Thắng",An Thần,M Music Records,2,94,242,212236,2026-06-11,FALSE,-16,Rap/Hip-hop
111,spotify:track:7J9l9ebYB3IEs5ea5J1M7a,"Da LAB, Tóc Tiên",Nước Mắt Em Lau Bằng Tình Yêu Mới,MUNIZ MUSIC COMPANY LIMITED,107,140,120,210655,2026-06-11,FALSE,29,Pop
112,spotify:track:0oL2jCTf9P9a7flY5mCpYu,"Wxrdie, JustaTee",Trở Về,Universal Music Indochina Distributed Labels,54,128,67,210328,2026-06-11,FALSE,16,Rap/Hip-hop
113,spotify:track:51bYFYWODfYOZU0rwvjiCc,"Binz, Đen",Cho Mình Em,Spacespeakers,32,93,133,209460,2026-06-11,FALSE,-20,Rap/Hip-hop
114,spotify:track:1J12HjUuXfJnaUdubTEzSR,HIEUTHUHAI,Nghe Như Tình Yêu,M Music Records,35,142,247,208618,2026-06-11,FALSE,28,R&B/Soul
115,spotify:track:2dPJtlvoa3GDowCh035M8P,Vũ.,Nếu Những Tiếc Nuối,WM Vietnam,33,91,60,208310,2026-06-11,FALSE,-24,Indie/Alternative
116,spotify:track:27F22WcGDyl4Z2KylVJkXL,buitruonglinh,Đường Tôi Chở Em Về,Universal Music Indochina Distributed Labels,14,123,189,206567,2026-06-11,FALSE,7,Indie/Alternative
117,spotify:track:5tmA5oQDF0ULqRI12LKCDw,JayKii,Chiều Hôm Ấy,The First Management,95,134,33,206503,2026-06-11,FALSE,17,Ballad
118,spotify:track:1UQNU5O9VttUgO16pxUnjw,"Obito, Shiki, RPT MCK",Đánh Đổi,12 trái lê,7,109,140,206267,2026-06-11,FALSE,-9,Rap/Hip-hop
119,spotify:track:5XfGQZA0ioQAWUjlyJRcHc,"Shiki, Obito",1000 Ánh Mắt,12 trái lê,8,113,102,205737,2026-06-11,FALSE,-6,Rap/Hip-hop
120,spotify:track:2ppLwHSMgDGEQ5c8o6nAX2,Low G,Simp Gái 808,M Music Records,9,132,139,205481,2026-06-11,FALSE,12,Rap/Hip-hop
121,spotify:track:2rKkfc4VZ74FQDc1FF1Zo6,BTS,Body to Body,BIGHIT MUSIC,5,107,12,204839,2026-06-11,FALSE,-14,Pop
122,spotify:track:527UV7H9SbnmTVkxBVg56X,Sơn Tùng M-TP,Chắc Ai Đó Sẽ Về,Umusic Vietnam Co. Ltd. Distributed Labels,122,124,40,204837,2026-06-11,FALSE,2,Pop
123,spotify:track:7pDx0GAKEUZu2KsrVgCV8W,Sơn Tùng M-TP,MAKING MY WAY,M Music Records,2,97,25,204736,2026-06-11,FALSE,-26,EDM/Dance
124,spotify:track:54PbBpquVfhfrwRwvjSXbI,"Charlie Puth, Selena Gomez",We Don't Talk Anymore (feat. Selena Gomez),Artist Partner,71,114,289,203704,2026-06-11,FALSE,-10,R&B/Soul
125,spotify:track:2Wjghh0RpiBquLsJ932X6R,Ronboogz,nhắn nhủ,MaiDao Music,14,112,130,203544,2026-06-11,FALSE,-13,Indie/Alternative
126,spotify:track:2G5ujw3rrWcAXQqT8PVnrz,"Obito, Shiki, Lăng LD",Đầu Đường Xó Chợ,12 trái lê,39,149,85,200993,2026-06-11,FALSE,23,Rap/Hip-hop
127,spotify:track:6lRlM6bClcoOBLQi0zfA34,"HIEUTHUHAI, Hoàng Tôn",Chờ Tới Khi Anh Về,M Music Records,23,121,7,199534,2026-06-11,FALSE,-6,R&B/Soul
128,spotify:track:1i5SZL7Ngz0sYFaKmwieyw,"Quang Hùng MasterD, Low G, Hino",Chất Gây Hại,M Music Records,16,144,25,199198,2026-06-11,FALSE,16,Rap/Hip-hop
129,spotify:track:6qgATU8r0ZPcPFPtZ5qA7B,Long Cao,Em Của Anh Đừng Của Ai!,Long Cao,107,152,6,197432,2026-06-11,FALSE,23,Pop
130,spotify:track:317Lh6QCAz9JpWbV3oxrCf,"Phùng Khánh Linh, Thành Luke",EM ĐAU,BLACK SWAN LABEL LLC.,62,129,22,197175,2026-06-11,FALSE,-1,Ballad
131,spotify:track:1LJyhnPdYGRLerwJd8CmL1,"Vũ., Dear Jane",Những Lời Hứa Bỏ Quên,WM Vietnam,1,147,130,196629,2026-06-11,FALSE,16,Indie/Alternative
132,spotify:track:5PGh9MyKry8slG5AfvD1eD,"Obito, Shiki, VSTRA",Hà Nội,12 trái lê,10,145,140,195128,2026-06-11,FALSE,13,Rap/Hip-hop
133,spotify:track:5wYQC7AuxV8ROALWcbVNxc,"Hoàng Dũng, Rhymastic, Lelarec",Giữ Anh Cho Ngày Hôm Qua,Lirico Entertainment,40,177,35,194977,2026-06-11,FALSE,44,Ballad
134,spotify:track:0rR27Ayle8G7sKoCt8OWUr,Dương Domic,Mất Kết Nối,DAO Entertainment,2,130,81,194953,2026-06-11,FALSE,-4,R&B/Soul
135,spotify:track:1zvL2X6HPrLfvtSY4DpopE,MIN,Em Mới Là Người Yêu Anh,MIN,1,118,160,194897,2026-06-11,FALSE,-17,Pop
136,spotify:track:3J06iY9IRWKr1H0zIxrUby,"Orange, Hoàng Dũng",Khi Em Lớn,Universal Music Indochina,4,156,227,193338,2026-06-11,FALSE,20,R&B/Soul
137,spotify:track:1izPmgSW7FV6XFdEOiTvOY,"Changg, Minh Huy",Em Không Hiểu,Universal Music Indochina Distributed Labels,27,192,244,192230,2026-06-11,FALSE,55,R&B/Soul
138,spotify:track:7AD5F85waSb3yZxZxEXhJM,"Tóc Tiên, Touliver",Có Ai Thương Em Như Anh,Yin Yang Media,20,165,149,190215,2026-06-11,FALSE,27,EDM/Dance
139,spotify:track:6D94p9ASguBcYlDC0o56vx,HIEUTHUHAI,NOLOVENOLIFE,M Music Records,24,190,139,190083,2026-06-11,FALSE,51,Rap/Hip-hop
140,spotify:track:7fCeYpR02Q8JVuD88hJZVT,"Da LAB, Minh Tốc & Lam",Bầu Trời Mới,Universal Music Indochina Distributed Labels,8,143,88,188170,2026-06-11,FALSE,3,Indie/Alternative
141,spotify:track:5prZw3OHd2UhAq0VBKpqUM,GREY D,mới hôm qua,Umusic Vietnam Co. Ltd. Distributed Labels,34,163,11,187555,2026-06-11,FALSE,22,R&B/Soul
142,spotify:track:5Bti0azlFhMattVY76qFr9,Vũ.,Lạ Lùng,WM Vietnam,17,136,427,186273,2026-06-11,FALSE,-6,Indie/Alternative
143,spotify:track:6TGwaBlfUGVoeZMBLzvXGP,"Dangrangto, DONAL",thế giới của anh,Higher Dimension,50,161,19,185977,2026-06-11,FALSE,18,Indie/Alternative
144,spotify:track:7diH1qnFziArYzynk3vkr6,CORTIS,TNT,Republic Records – CORTIS,27,122,6,185529,2026-06-11,FALSE,-22,Pop
145,spotify:track:55K3e7BGewGDUJ4ZQwkh7M,Only C,Người Đáng Thương Là Anh,OnlyC Production,131,151,21,184328,2026-06-11,FALSE,6,Ballad
146,spotify:track:5BJqg07SKgmFnVLOBmLFvq,Bùi Anh Tuấn,"Hẹn Một Mai - From"" 4 Năm 2 Chàng 1 Tình Yêu""",1LABEL,109,191,60,182392,2026-06-11,FALSE,45,Ballad
147,spotify:track:3ZbZtdEw9U0uZW4tZItIwq,"RHYDER, CoolKid, BAN",Chịu Cách Mình Nói Thua,RHYDER,6,131,124,182315,2026-06-11,FALSE,-16,Rap/Hip-hop
148,spotify:track:5U30iZBlmxkpHqzb1OSnBS,Rhymastic,Yêu 5,WM Vietnam,77,108,227,182310,2026-06-11,FALSE,-40,R&B/Soul
149,spotify:track:6OWWZtNQORY1McaZmOrwhc,CORTIS,GO!,Republic Records – CORTIS,82,167,29,182134,2026-06-11,FALSE,18,Pop
150,spotify:track:3bmpXHVie1GTy37OkXJ7Vc,BTS,2.0,BIGHIT MUSIC,11,126,12,182034,2026-06-11,FALSE,-24,Rap/Hip-hop
151,spotify:track:7CyPwkp0oE8Ro9Dd5CUDjW,"The Weeknd, JENNIE, Lily-Rose Depp","One Of The Girls (with JENNIE, Lily Rose Depp)",XO / Republic Records,11,174,155,181966,2026-06-11,FALSE,23,R&B/Soul
152,spotify:track:3OVMe3H6iAxbLF8iD2UYrw,Sơn Tùng M-TP,Chúng Ta Của Tương Lai,Umusic Vietnam Co. Ltd. Distributed Labels,1,178,83,181483,2026-06-11,FALSE,26,Pop
153,spotify:track:3b34161QoxLwsqhWSPy9i5,Da LAB,Thanh Xuân,Sony Music Entertainment,1,115,404,180801,2026-06-11,FALSE,-38,Indie/Alternative
154,spotify:track:3H6nzsPNMttEvUl3ai3xN8,Chillies,Vùng Ký Ức,WM Vietnam,1,176,132,180673,2026-06-11,FALSE,22,Indie/Alternative
155,spotify:track:6KIhgRkprgyJNERRMu7Quh,MIN,Có Em Chờ,MIN,117,137,57,179980,2026-06-11,FALSE,-18,Pop
156,spotify:track:3UJ2gSPFPSkPKZghRI8y1e,Dangrangto,Love is,MaiDao Music,10,160,85,179341,2026-06-11,FALSE,4,Indie/Alternative
157,spotify:track:0hB27T4dy9qBUcZabsrLOj,HIEUTHUHAI,Dạo Gần Đây Anh Thấy Anh Không Bằng Ai Hết,M Music Records,16,133,7,179019,2026-06-11,FALSE,-24,Rap/Hip-hop
158,spotify:track:48MtqfQw716EZaNzOKNnuR,"CoolKid, RHYDER",Sau Cơn Mưa,MaiDao Music,8,159,144,176388,2026-06-11,FALSE,1,Rap/Hip-hop
159,spotify:track:6su7ekPw5AAIU2OUCvos6S,"B Ray, AMEE",Ex's Hate Me,B Ray,129,153,32,175921,2026-06-11,FALSE,-6,Rap/Hip-hop
160,spotify:track:3gLRyMbg5nWLcuKD46Uz72,Phương Ly,Anh Là Ai,PHUONG LY,109,148,37,175709,2026-06-11,FALSE,-12,Pop
161,spotify:track:20dAJsyno9ZoBLJtqgQnUI,BTS,Hooligan,BIGHIT MUSIC,8,138,12,175647,2026-06-11,FALSE,-23,Pop
162,spotify:track:3COYA2vgfcUhDyRlVpZy5p,"tlinh, Low G",PHÓNG ZÌN ZÌN,M Music Records,4,180,90,173972,2026-06-11,FALSE,18,Rap/Hip-hop
163,spotify:track:2vtPL1AUtpBiRocmWpfwzB,Đinh Mạnh Ninh,Dù có cách xa,1412266 Records DK,163,-1,1,173921,2026-06-11,TRUE,NaN,Ballad
164,spotify:track:1MAmEpLRV1JKdafGcZ6jdY,Phan Mạnh Quỳnh,Xuân Thì,Yin Yang Media,158,158,2,171429,2026-06-11,FALSE,-6,Ballad
165,spotify:track:0jHpGB1Xt2kIX0VaPFvStp,"Tùng TeA, PC, TaynguyenSound",Già Cùng Nhau Là Được,12 trái lê,70,195,149,171021,2026-06-11,FALSE,30,Rap/Hip-hop
166,spotify:track:5r6Rae4kq7CikBuoTaj6RF,Tóc Tiên,người còn thương em không,Umusic Vietnam Co. Ltd. Distributed Labels,166,-1,1,170690,2026-06-11,TRUE,NaN,Pop
167,spotify:track:0KA8tBqZ81mBe2po59GK5j,Đỗ Hoàng Long,Trạng Thái Mộng Mơ,Umusic Vietnam Co. Ltd. Distributed Labels,92,166,16,169732,2026-06-11,FALSE,-1,Indie/Alternative
168,spotify:track:3y66li7DIrH7HLKIZzxR5H,Kai Đinh,Lễ Đường,Yin Yang Media,3,164,65,169661,2026-06-11,FALSE,-4,Ballad
169,spotify:track:1FUdEz4fX1DxPcVAARlu6A,GREY D,yêu em như…,Umusic Vietnam Co. Ltd. Distributed Labels,13,175,11,168826,2026-06-11,FALSE,6,R&B/Soul
170,spotify:track:2GE2p2dFpxp7OIz2QOFBzW,"ANH TRAI ""SAY HI"", HURRYKNG, HIEUTHUHAI, Negav, Pháp Kiều, Isaac","KIM PHÚT, KIM GIỜ (feat. HURRYKNG, HIEUTHUHAI, Negav, Pháp Kiều & Isaac)",Anh Trai Say Hi,5,155,85,165520,2026-06-11,FALSE,-15,Rap/Hip-hop
171,spotify:track:7HoAJ6Hc1P91eoOrn1WY5d,"Đức Trường, BMZ, Kun",Đáng Lý Ra Phải Là Anh,BMZ,90,179,26,165463,2026-06-11,FALSE,8,Ballad
172,spotify:track:42i1d7gos5WvqZIFWCfE7E,Ngô Lan Hương,"Có công mài ""Sắc""",Ngô Lan Hương Exclusive,85,-1,8,165061,2026-06-11,TRUE,NaN,Pop
173,spotify:track:5cF0dROlMOK5uNZtivgu50,Charlie Puth,Attention,Artist Partner,21,168,205,164989,2026-06-11,FALSE,-5,R&B/Soul
174,spotify:track:55Eo6NDkVhSRBonrT16kXM,"Cloud 5, Dangrangto",Đến Đây Bên Anh,Yin Yang Media,66,-1,60,164677,2026-06-11,TRUE,NaN,Indie/Alternative
175,spotify:track:50cmxP6KlnQA9IG3q5ckKD,Chillies,Mascara,WM Vietnam,3,196,229,163572,2026-06-11,FALSE,21,Indie/Alternative
176,spotify:track:4N99EuIjwSSFFFMDfTeOLU,"buitruonglinh, Vũ Phụng Tiên",Em Không Khóc (feat. Vũ Phụng Tiên),Yin Yang Media,62,146,188,163234,2026-06-11,FALSE,-30,Indie/Alternative
177,spotify:track:4ecdsGz3Hg6TKPwQ0ZOdJz,CORTIS,FaSHioN,Republic Records – CORTIS,90,187,27,163169,2026-06-11,FALSE,10,Pop
178,spotify:track:2uxjHthUJd2A8PmWaUGGsI,"Hoàng Dũng, Hoàng Rob",Chờ Anh Nhé,Lirico Entertainment,99,183,52,163072,2026-06-11,FALSE,5,Indie/Alternative
179,spotify:track:56LSZ1PFm7nOo734RfbEDo,RHYDER,TIẾC CHO EM,RHYDER ENTERTAINMENT,27,-1,20,162541,2026-06-11,TRUE,NaN,Pop
180,spotify:track:4Iz5EWPCAT8jYNk4IpLoll,buitruonglinh,Dù Cho Mai Về Sau,Yin Yang Media,10,135,272,161749,2026-06-11,FALSE,-45,Indie/Alternative
181,spotify:track:6UFvSmKzCZ16fxsybf4PhE,"Nguyễn Trọng Tài, Don Raemo, Double X",HONGKONG1,T2B Media,150,-1,14,161326,2026-06-11,TRUE,NaN,Indie/Alternative
182,spotify:track:1wbBii1kJbBnMr35bOo5gv,"Kiều Chi, Zeko Remix",Sau Này Em Cưới Ai Rồi - Zeko Remix,H2O Music,182,-1,1,161001,2026-06-11,TRUE,NaN,EDM/Dance
183,spotify:track:5dg4e5942EFejbNzdWEnmN,"VƯƠNG BÌNH, Thùy Chi",Thanh Tân - song ca Thùy Chi,Umusic Vietnam Co. Ltd. Distributed Labels,183,-1,1,160889,2026-06-11,TRUE,NaN,R&B/Soul
184,spotify:track:6epn3r7S14KUqlReYr77hA,"Justin Bieber, Ludacris",Baby,RBMG/Def Jam,27,184,9,160702,2026-06-11,FALSE,0,Pop
185,spotify:track:5oFEvbM7lGnx8jfAkuhVyo,"AMEE, RPT MCK",MỘNG YU,Yin Yang Media,3,189,79,160571,2026-06-11,FALSE,4,R&B/Soul
186,spotify:track:4qYfRfSxsmhJ1WMaywtLyI,"Wren Evans, itsnk",Từng Quen,Universal Music Indochina,1,-1,124,160514,2026-06-11,TRUE,NaN,R&B/Soul
187,spotify:track:7kgzRBNkBRArtTPkYjWLYT,"14 Casper, Bon Nghiêm",bao tiền một mớ bình yên?,DANDERLÉON,9,188,264,159995,2026-06-11,FALSE,1,Ballad
188,spotify:track:08ULi904W2Po6pVj8nN7KC,"GREY D, Chillies",đưa em về nhàa,Umusic Vietnam Co. Ltd. Distributed Labels,3,-1,160,159151,2026-06-11,TRUE,NaN,R&B/Soul
189,spotify:track:4SqE2XLtd1AfppGm2xlkf4,Sơn Tùng M-TP,Nắng Ấm Xa Dần,Umusic Vietnam Co. Ltd. Distributed Labels,120,120,12,159108,2026-06-11,FALSE,-69,Pop
190,spotify:track:65st6HfPZyxq1RNTvqSIos,"Wren Evans, itsnk",Thu Đợi,Universal Music Indochina Distributed Labels,6,-1,23,159088,2026-06-11,TRUE,NaN,R&B/Soul
191,spotify:track:4wJ5Qq0jBN4ajy7ouZIV1c,"ROSÉ, Bruno Mars",APT.,Atlantic Records,2,182,72,159065,2026-06-11,FALSE,-9,Pop
192,spotify:track:7so0lgd0zP2Sbgs2d7a1SZ,"Lady Gaga, Bruno Mars",Die With A Smile,Interscope Records,4,-1,90,158823,2026-06-11,TRUE,NaN,Ballad
193,spotify:track:6uxuJ8Fr1AAfSPJUF9N1yr,Vũ.,Bước Qua Mùa Cô Đơn,WM Vietnam,1,193,275,158630,2026-06-11,FALSE,0,Indie/Alternative
194,spotify:track:7dlgEjrK3lHbP786dshKDV,"ANH TRAI ""SAY HI"", B Ray, AMEE",CHỜ ANH VỀ,Universal Music Indochina Distributed Labels,2,157,27,158623,2026-06-11,FALSE,-37,Rap/Hip-hop
195,spotify:track:498g7npirihKT5MPdVSfb0,Hoàng Dũng,Phonecert,"CAM, LIRICO",137,200,24,158357,2026-06-11,FALSE,5,R&B/Soul
196,spotify:track:0sR5ThoE0uoskXWrm6KDxP,Kha,Hư không,MaiDao Music,22,154,126,157093,2026-06-11,FALSE,-42,Ballad
197,spotify:track:2eVsKrWqJhTAVItaTRashw,VƯƠNG BÌNH,Thanh Tân,Umusic Vietnam Co. Ltd. Distributed Labels,40,-1,9,156960,2026-06-11,TRUE,NaN,R&B/Soul
198,spotify:track:4DJZfZPvWYbSeFVFf2b2aS,MIN,"Đừng Yêu Nữa, Em Mệt Rồi",MIN,163,-1,5,156269,2026-06-11,TRUE,NaN,Ballad
199,spotify:track:53zusvCJkyGYjEZ6bnLIjh,Hà Anh Tuấn,Tháng Tư Là Lời Nói Dối Của Em,Yin Yang Media,49,185,65,156064,2026-06-11,FALSE,-14,Ballad
200,spotify:track:2OSjnBrQQ0CNKxIUM2GQDk,"JustaTee, Binz",Crying Over You,NGUYEN THANH TUAN,173,-1,3,156060,2026-06-11,TRUE,NaN,R&B/Soul
1,spotify:track:2HRgqmZQC0MC7GeNuDIXHN,"Jung Kook, Latto",Seven (feat. Latto) (Explicit Ver.),BIGHIT MUSIC,1,1,153,1982414,2026-06-18,FALSE,0,Pop
2,spotify:track:68lbSrXDORS51pmyjZv712,BTS,SWIM,BIGHIT MUSIC,1,2,13,1856270,2026-06-18,FALSE,0,Pop
3,spotify:track:0a32EBPjqAe47cYDPE5Ia5,"Binz, SOOBIN",Em (feat. SOOBIN),SS LABEL,3,3,4,1130879,2026-06-18,FALSE,0,R&B/Soul
4,spotify:track:1ApIGNgp1azc0qB61x4GzG,"Hngle, Ari",Không Buông,Umusic Vietnam Co. Ltd. Distributed Labels,2,5,41,801770,2026-06-18,FALSE,1,Pop
5,spotify:track:7bFFUPBiF15n8m8RziqS4o,GREY D,dự báo thời tiết hôm nay mưa,Umusic Vietnam Co. Ltd. Distributed Labels,5,6,187,686958,2026-06-18,FALSE,1,R&B/Soul
6,spotify:track:73RcFjiDtStfP3GCW44vJu,"Minh Huy, Pinny",Ngày Rời Chuyến Bay,12 trái lê,6,7,11,665313,2026-06-18,FALSE,1,Ballad
7,spotify:track:7326q9PcJDcKuAFcrSkN0t,"Sơn Tùng M-TP, Tyga",Come My Way,M Music Records,2,4,3,658697,2026-06-18,FALSE,-3,EDM/Dance
8,spotify:track:2KslE17cAJNHTsI2MI0jb2,Jung Kook,Standing Next to You,BIGHIT MUSIC,1,9,136,657537,2026-06-18,FALSE,1,Pop
9,spotify:track:4nXrVH5xwN1w6TpmP7uu8n,"HIEUTHUHAI, marzuz",Exit Sign,M Music Records,4,11,140,645355,2026-06-18,FALSE,2,Rap/Hip-hop
10,spotify:track:6uvw8GFIqdqaJ4Nr3kN8Rs,BTS,Come Over,BIGHIT MUSIC,10,-1,1,639690,2026-06-18,TRUE,NaN,Pop
11,spotify:track:5xVCfx47vCXuLdpfbepqEo,HIEUTHUHAI,Người Im Lặng Gặp Người Hay Nói,M Music Records,2,8,15,631842,2026-06-18,FALSE,-3,Rap/Hip-hop
12,spotify:track:6Qwl74olNi1rl65FNxG5We,"marzuz, Changg",Và Thế Giới Đã Mất Đi Một Người Cô Đơn,Universal Music Indochina,7,12,30,624084,2026-06-18,FALSE,0,Ballad
13,spotify:track:7uUuftbcr94tzGOCJSM25u,"Low G, JustaTee",In Love,M Music Records,2,10,34,567064,2026-06-18,FALSE,-3,Rap/Hip-hop
14,spotify:track:2wZAvkgiOE5tyrnqhB69KA,Sơn Tùng M-TP,Âm Thầm Bên Em,Umusic Vietnam Co. Ltd. Distributed Labels,9,14,295,543145,2026-06-18,FALSE,0,Ballad
15,spotify:track:0JF65tQ1nQxBHFzs5IVn8o,GREY D,toidaidot,Umusic Vietnam Co. Ltd. Distributed Labels,15,29,2,529918,2026-06-18,FALSE,14,R&B/Soul
16,spotify:track:20jbSiX29FDX4oQxBXyUEi,Ariana Grande,hate that i made you love me,Republic Records,13,13,3,529378,2026-06-18,FALSE,-3,R&B/Soul
17,spotify:track:6mKMGpkgP2cH5gmqILWe7b,Fishy,vết thương,LOOPS Music,15,16,57,496123,2026-06-18,FALSE,-1,Ballad
18,spotify:track:2a5hng9yXtbjtTVVm9UviC,VCT,Mơ,Universal Music Indochina Distributed Labels,6,17,199,492914,2026-06-18,FALSE,-1,Pop
19,spotify:track:6Zoi4ue74UdUeYmHXItXnf,"B Ray, V#",Vùng An Toàn,MIXUS,3,18,50,481138,2026-06-18,FALSE,-1,Rap/Hip-hop
20,spotify:track:0NyrI1tMvqcK3vU5z9DMdI,JustaTee,She Neva Knows,NGUYEN THANH TUAN,10,15,20,463070,2026-06-18,FALSE,-5,R&B/Soul
21,spotify:track:5cn5oHiXJTLiuthgbgfkMh,VCT,Vết Mưa,Universal Music Indochina Distributed Labels,19,22,119,442817,2026-06-18,FALSE,1,Ballad
22,spotify:track:3T7XHOdRcyhKU3QCB6kZG3,"MIN, Dangrangto, antransax",chẳng phải tình đầu sao đau đến thế,WM Vietnam,2,21,34,436266,2026-06-18,FALSE,-1,Indie/Alternative
23,spotify:track:5rSAUmbOg4giDrM29vUyHe,Sơn Tùng M-TP,Nơi Này Có Anh,Umusic Vietnam Co. Ltd. Distributed Labels,5,20,367,429636,2026-06-18,FALSE,-3,Pop
24,spotify:track:4BdB08vuS9r4HOoY7GkAxT,SOOBIN,Nếu Ngày Ấy,SS LABEL,17,19,78,420889,2026-06-18,FALSE,-5,Ballad
25,spotify:track:1K0HQ30Wc11okzlcnFA7Ub,HIEUTHUHAI,Không Thể Say,M Music Records,7,27,165,413995,2026-06-18,FALSE,2,Rap/Hip-hop
26,spotify:track:2fCwv2ppU5nTRTckomIGsd,CORTIS,REDRED,Republic Records – CORTIS,5,26,9,405090,2026-06-18,FALSE,0,Pop
27,spotify:track:5KYv3kORBKUmVEoqbRRWxt,"Bảo Anh, Táo",Từng Là Của Nhau,Yin Yang Media,7,30,41,379815,2026-06-18,FALSE,3,Ballad
28,spotify:track:0fGJiHH6xSUJU1MAVjxq5m,"Karik, GDucky",Bạn Đời,WM Vietnam,5,38,142,377304,2026-06-18,FALSE,10,Rap/Hip-hop
29,spotify:track:3DLtPObflLQBodZN8qGODT,"JustaTee, BigDaddy",2AM,WM Vietnam,18,35,216,375186,2026-06-18,FALSE,6,R&B/Soul
30,spotify:track:0eAuGrXyGFYwur9ARUe7LJ,Malcolm Todd,Earrings,Columbia,30,41,8,375100,2026-06-18,FALSE,11,R&B/Soul
31,spotify:track:6GM4ZOBDcDroldUxI8GZ2B,"VSTRA, Tyronee",Ai Ngoài Anh,CDSL,2,28,24,373758,2026-06-18,FALSE,-3,R&B/Soul
32,spotify:track:11T61UpoNbbcewOMl1kcWN,NHONHO,Dạo Bước HongKong 1999,NHONHO,5,25,12,367187,2026-06-18,FALSE,-7,Indie/Alternative
33,spotify:track:31VNCmwspR7nVJ6kruUuJt,Sơn Tùng M-TP,Đừng Làm Trái Tim Anh Đau,Umusic Vietnam Co. Ltd. Distributed Labels,1,23,106,365312,2026-06-18,FALSE,-10,Pop
34,spotify:track:42AOwjuMmIN1ioyyWB60Lw,GREY D,hoá ra…,Umusic Vietnam Co. Ltd. Distributed Labels,5,31,12,357318,2026-06-18,FALSE,-3,R&B/Soul
35,spotify:track:6Hs2xIgB8nzyGFDvVA8lFa,"Madihu, Low G",Có Em,NGUYEN CHI PHONG,4,39,217,352245,2026-06-18,FALSE,4,Rap/Hip-hop
36,spotify:track:3x7Hh3zsE1wcXCU2G8l5tP,SOOBIN,DANCING IN THE DARK,SS LABEL,3,32,66,352172,2026-06-18,FALSE,-4,EDM/Dance
37,spotify:track:4CUvVaAYuXtvYURLFz7EIL,"Emcee L (Da LAB), Da LAB, Muộii (Starry Night)",Chuyện Đôi Ta (feat. Muộii),Yin Yang Media,3,40,237,346750,2026-06-18,FALSE,3,Ballad
38,spotify:track:1J3SmWwlYAG68LGKr86MVH,Sơn Tùng M-TP,Chúng Ta Của Hiện Tại,Umusic Vietnam Co. Ltd. Distributed Labels,1,45,287,339736,2026-06-18,FALSE,7,Pop
39,spotify:track:3J3nv18iIrOhca1ZWNeuyW,JustaTee,Đã Lỡ Yêu Em Nhiều,NGUYEN THANH TUAN,24,47,176,331494,2026-06-18,FALSE,8,Ballad
40,spotify:track:7tI8dRuH2Yc6RuoTjxo4dU,Jimin,Who,BIGHIT MUSIC,1,24,68,331363,2026-06-18,FALSE,-16,R&B/Soul
41,spotify:track:27Z9T0mSWHYWSj9SNOGvyt,"JustaTee, Phương Ly",Thằng Điên,NGUYEN THANH TUAN,2,46,202,329276,2026-06-18,FALSE,5,R&B/Soul
42,spotify:track:3P3rcI48wwVEgxF5vPM6pG,Sơn Tùng M-TP,Buông Đôi Tay Nhau Ra,Umusic Vietnam Co. Ltd. Distributed Labels,7,34,153,327434,2026-06-18,FALSE,-8,Ballad
43,spotify:track:4gaxEUZE4z9pJAVTSFwgQI,"14 Casper, Bon Nghiêm, buitruonglinh",một đời,DANDERLÉON,14,55,116,325067,2026-06-18,FALSE,12,Indie/Alternative
44,spotify:track:2o4dDfLK6NVI7TjBm5VoMv,"Lou Hoàng, Miu Lê",Yêu Một Người Có Lẽ,Onlyc Entertainment,17,50,226,321161,2026-06-18,FALSE,6,Pop
45,spotify:track:41DlPJXKTCypXdf2eSqa03,"Vũ., Binz",bình yên,WM Vietnam,4,36,94,319667,2026-06-18,FALSE,-9,Rap/Hip-hop
46,spotify:track:5tdz7T4hTxA1ipJMBe24uX,AMEE,"ex's hate me, Pt.2",Yin Yang Media,13,44,191,316662,2026-06-18,FALSE,-2,Pop
47,spotify:track:0t8g66pWghsU8MphjUQIdg,"Phùng Khánh Linh, 30 Pictures",Cảm Ơn Người Đã Thức Cùng Tôi,+84 Vietnam New Wave,5,43,17,315260,2026-06-18,FALSE,-4,Ballad
48,spotify:track:6nInHlewtrNKguNKlXt0Ur,"Shartnuss, Phankeo, Tr.D",Nắng có mang em về,MaiDao Music,4,54,123,310960,2026-06-18,FALSE,6,Indie/Alternative
49,spotify:track:6VXVYATpQXEIoZ97NnWCmn,"Madihu, Vũ.",Vì Anh Đâu Có Biết,WM Vietnam,2,42,202,310259,2026-06-18,FALSE,-7,Ballad
50,spotify:track:0pavLg3wbL6PVXAgXoWv4S,"24k.Right, Ngắn, Hipz",Một Nửa Sự Thật,Universal Music Indochina,50,67,11,308997,2026-06-18,FALSE,17,R&B/Soul
51,spotify:track:58ZlEBxBrzISXtmcOPo476,SOOBIN,giá như,SS LABEL,13,49,114,307676,2026-06-18,FALSE,-2,Ballad
52,spotify:track:4nyoalDFgUaZOzIKqj3aS5,"Đặng Vĩnh Thịnh, BMZ, Nguyễn Trung Đức",Ngàn Năm Ánh Sáng,BMZ JSC,5,59,45,299941,2026-06-18,FALSE,7,Ballad
53,spotify:track:3Ids3RXurYBgySph53qWnB,buitruonglinh,Từng Ngày Yêu Em,LOOPS Music,9,52,76,297402,2026-06-18,FALSE,-1,Indie/Alternative
54,spotify:track:3vSmjbKFByNM6l31NmFlmB,"GREY D, MIN",đôi mắt kẻ tình si,Umusic Vietnam Co. Ltd. Distributed Labels,12,56,12,297071,2026-06-18,FALSE,2,R&B/Soul
55,spotify:track:1UhQ0VwKq2PGnLiAZOJYV1,Binz,Em,SS LABEL,4,33,30,294570,2026-06-18,FALSE,-22,R&B/Soul
56,spotify:track:6UO9nrihAk6sFGvVHDVTz8,"马也_Crabbit, Cole先生",海屿你,网易飓风,56,86,3,291565,2026-06-18,FALSE,30,Pop
57,spotify:track:6n2xOcqQrNOY0IfgATSwWs,"Puppy, Dangrangto",Wrong Times,MaiDao Music,3,58,137,288643,2026-06-18,FALSE,1,Indie/Alternative
58,spotify:track:39KWnPNEvbXt423CzjvBfA,SOOBIN,Anh Đã Quen Với Cô Đơn,WM Vietnam,40,65,83,285979,2026-06-18,FALSE,7,Ballad
59,spotify:track:0e6fZkLArSmDIHnZcIua7t,"Vũ., Low G",Không Yêu Em Thì Yêu Ai?,WM Vietnam,19,62,90,285958,2026-06-18,FALSE,3,Indie/Alternative
60,spotify:track:3VkV6L37ub0rtuYQoawAqz,Lil Zpoet,Tình Mình Lạ Kì,LiL Z Poet,45,74,20,282493,2026-06-18,FALSE,14,Ballad
61,spotify:track:1xoadYaxtOp9gHDwgmPDuz,"JSOL, Hoàng Duyên",Sài Gòn Hôm Nay Mưa,Universal Music Indochina,3,81,264,282066,2026-06-18,FALSE,20,Ballad
62,spotify:track:1o6cYDMHvKOfizi4d9Lqxr,W/N,id 072019,Universal Music Indochina Distributed Labels,3,84,151,281558,2026-06-18,FALSE,22,Pop
63,spotify:track:4CVxKSRLUxqUuj2z9vn4fS,SOOBIN,Xin Đừng Lặng Im,"HONG AN ENTERTAIMENT,.JSC",37,71,56,278457,2026-06-18,FALSE,8,Ballad
64,spotify:track:4qJSUFwZFouto5VZUlln75,"tlinh, Trung Trần",Thích Quá Rùi Nà,Universal Music Indochina Distributed Labels,34,80,300,278323,2026-06-18,FALSE,16,R&B/Soul
65,spotify:track:5BTzf3doGTigDIYUFtbkI9,"Emcee L (Da LAB), Da LAB, Badbies",Sinh Ra Đã Là Thứ Đối Lập Nhau (feat. Badbies),Yin Yang Media,5,63,286,275243,2026-06-18,FALSE,-2,Ballad
66,spotify:track:25h0TqC9H3BcMA7KjK5nHK,"GREY D, tlinh",vaicaunoicokhiennguoithaydoi,Umusic Vietnam Co. Ltd. Distributed Labels,2,60,209,275085,2026-06-18,FALSE,-6,R&B/Soul
67,spotify:track:1MiJk3dXC5jzhvLFP0dUM7,Da LAB,Thức Giấc,Yin Yang Media,1,53,258,272683,2026-06-18,FALSE,-14,Pop
68,spotify:track:4MCP9l0QB9YN2LCkIy8mz4,Obito,Dạo Này,12 trái lê,8,57,25,271920,2026-06-18,FALSE,-11,Rap/Hip-hop
69,spotify:track:01qFKNWq73UfEslI0GvumE,"Jung Kook, Jack Harlow",3D (feat. Jack Harlow),BIGHIT MUSIC,2,76,141,269549,2026-06-18,FALSE,7,Pop
70,spotify:track:3dbfL7nHOZlM4adzLHNnB3,"Juky San, buitruonglinh",Người Đầu Tiên,DAO Entertainment,2,64,33,266366,2026-06-18,FALSE,-6,Ballad
71,spotify:track:5ouxRyInSdRBQubu3KTd97,"tlinh, 2Pillz",nếu lúc đó,M Music Records,1,83,172,265545,2026-06-18,FALSE,12,R&B/Soul
72,spotify:track:66v7AvDs5gZfmkJgFMMtHL,"Công Dương, Nguyễn Lâm Thảo Tâm, 30 Pictures",A Little Dream Of Me,+84 Vietnam New Wave,22,69,15,263947,2026-06-18,FALSE,-3,Khác
73,spotify:track:3bmpXHVie1GTy37OkXJ7Vc,BTS,2.0,BIGHIT MUSIC,11,150,13,257792,2026-06-18,FALSE,77,Rap/Hip-hop
74,spotify:track:2pm7K14nHj2fLrpU8j9bit,PC,10 Ngàn Năm,12 trái lê,27,73,210,257592,2026-06-18,FALSE,-1,Rap/Hip-hop
75,spotify:track:1DVYafsLmcQySKkJnY4RCs,"MAYDAYs, Minh Tốc & Lam",Phép Màu - Đàn Cá Gỗ Original Soundtrack,Universal Music Indochina Distributed Labels,2,68,68,257315,2026-06-18,FALSE,-7,Khác
76,spotify:track:5u5AsK8JLgkr154QHZjJqh,"ANH TRAI ""SAY HI"", VCT, Karik, Negav, Ngô Kiến Huy, Jey B",NGƯỜI NHƯ ANH XỨNG ĐÁNG CÔ ĐƠN,Universal Music Indochina Distributed Labels,3,85,38,256243,2026-06-18,FALSE,9,Rap/Hip-hop
77,spotify:track:6QFCMUUq1T2Vf5sFUXcuQ7,"Justin Bieber, Nicki Minaj",Beauty And A Beat,RBMG/Def Jam,9,61,10,253517,2026-06-18,FALSE,-16,EDM/Dance
78,spotify:track:36fgG6NiEuQXznNgf5y2Ck,"T.R.I, Dangrangto, DONAL",một bài hát không vui mấy - Extended Version,Umusic Vietnam Co. Ltd. Distributed Labels,26,66,76,251432,2026-06-18,FALSE,-12,Ballad
79,spotify:track:7mblTCdc14ylJ1JW71MODb,buitruonglinh,Giờ Thì,LOOPS Music,11,75,79,248924,2026-06-18,FALSE,-4,Indie/Alternative
80,spotify:track:5x5Vx0Musv3LSUKzjY73mA,"Sơn Tùng M-TP, Snoop Dogg",Hãy Trao Cho Anh,Umusic Vietnam Co. Ltd. Distributed Labels,1,37,152,247473,2026-06-18,FALSE,-43,EDM/Dance
81,spotify:track:4UC3NBjtqbYcqPqRq1s57D,Lyly,24h,WM Vietnam,40,79,57,245790,2026-06-18,FALSE,-2,Ballad
82,spotify:track:4vfhartd7HDWGJbdVIycEu,Sơn Tùng M-TP,Muộn Rồi Mà Sao Còn,Umusic Vietnam Co. Ltd. Distributed Labels,1,78,269,243973,2026-06-18,FALSE,-4,Pop
83,spotify:track:6jcLKVmEKAQIXIVHJZ8vzS,"MONSTAR, GREY D, NICKY, VƯƠNG BÌNH",tình yêu chậm trễ,Yin Yang Media,46,82,183,243802,2026-06-18,FALSE,-1,R&B/Soul
84,spotify:track:2w7jOvl0kpplNxisgfnCdT,"Đức Trường, BMZ",Nếu Biết Đó Là Lần Cuối,BMZ,47,103,41,243391,2026-06-18,FALSE,19,Ballad
85,spotify:track:5VGOYjxkEaf19LoRPIolD2,"The Wind, Dangrangto",Anh Muốn Nhìn Thấy Em,M Music Records,77,109,79,241497,2026-06-18,FALSE,24,Indie/Alternative
86,spotify:track:71luUs5K7N1fdf7ecMKg04,B Ray,Cho Con (Lullaby pt.2),Great Entertainment/Sony Music,41,51,4,241420,2026-06-18,FALSE,-35,Rap/Hip-hop
87,spotify:track:4QalnBNnw9uK1dj543nf76,Dương Domic,Không Thời Gian,DAO Entertainment,2,70,39,238590,2026-06-18,FALSE,-17,R&B/Soul
88,spotify:track:6ag0c7tBr3PIqPb00C2rK4,"VCT, Negav, Jey B, Ngô Kiến Huy",NGƯỜI NHƯ ANH XỨNG ĐÁNG CÔ ĐƠN - KHÔNG ĐAU NỮA RỒI,VIE NETWORK CORPORATION / ADA,45,72,16,236272,2026-06-18,FALSE,-16,Rap/Hip-hop
89,spotify:track:5SzJs9cwYXdSm9G3xcXuA2,Phùng Khánh Linh,Hôm Nay Tôi Buồn,BLACK SWAN LABEL LLC.,13,95,164,234185,2026-06-18,FALSE,6,Ballad
90,spotify:track:19U8QkwGDiQnYtnNIlspuo,Ronboogz,Nói Dối,MaiDao Music,3,92,137,233768,2026-06-18,FALSE,2,Indie/Alternative
91,spotify:track:24NU99R1NGEVlVIOPO0Ahg,"Ngô Lan Hương, DJ Kim Chol","Có Công Mài ""Sắc"" (Afrobeats ) [DJ Kim Chol Remix]",Ngô Lan Hương - Exclusively Licensed to VIEENT,91,-1,1,233057,2026-06-18,TRUE,NaN,EDM/Dance
92,spotify:track:20dAJsyno9ZoBLJtqgQnUI,BTS,Hooligan,BIGHIT MUSIC,8,161,13,232601,2026-06-18,FALSE,69,Pop
93,spotify:track:3J06iY9IRWKr1H0zIxrUby,"Orange, Hoàng Dũng",Khi Em Lớn,Universal Music Indochina,4,136,228,232468,2026-06-18,FALSE,43,R&B/Soul
94,spotify:track:5r6Rae4kq7CikBuoTaj6RF,Tóc Tiên,người còn thương em không,Umusic Vietnam Co. Ltd. Distributed Labels,94,166,2,226423,2026-06-18,FALSE,72,Pop
95,spotify:track:0SmQ0UWeiHKQtxUej4Rem6,SOOBIN,Tháng Năm,Spacespeakers,6,97,187,226142,2026-06-18,FALSE,2,Pop
96,spotify:track:1izPmgSW7FV6XFdEOiTvOY,"Changg, Minh Huy",Em Không Hiểu,Universal Music Indochina Distributed Labels,27,137,245,223081,2026-06-18,FALSE,41,R&B/Soul
97,spotify:track:1r9gNSD1WUFscqTSA2Rcet,MAYDAYs,Hẹn Lần Sau,Universal Music Indochina Distributed Labels,13,77,26,221424,2026-06-18,FALSE,-20,Indie/Alternative
98,spotify:track:1J12HjUuXfJnaUdubTEzSR,HIEUTHUHAI,Nghe Như Tình Yêu,M Music Records,35,114,248,220078,2026-06-18,FALSE,16,R&B/Soul
99,spotify:track:2ZBi1KpCR0grEWRNgySqwg,Hngle,Buông,Sony Music Entertainment,17,89,18,219208,2026-06-18,FALSE,-10,Ballad
100,spotify:track:102XJmW0OH1WATZMW9avu2,"Binz, Obito",Nếu (feat. Obito),SS LABEL,37,48,4,219137,2026-06-18,FALSE,-52,R&B/Soul
101,spotify:track:527UV7H9SbnmTVkxBVg56X,Sơn Tùng M-TP,Chắc Ai Đó Sẽ Về,Umusic Vietnam Co. Ltd. Distributed Labels,101,122,41,216612,2026-06-18,FALSE,21,Pop
102,spotify:track:2dPJtlvoa3GDowCh035M8P,Vũ.,Nếu Những Tiếc Nuối,WM Vietnam,33,115,61,215332,2026-06-18,FALSE,13,Indie/Alternative
103,spotify:track:7Ldcvhcl4Xj4eOTSWpZus5,CORTIS,ACAI,Republic Records – CORTIS,25,94,7,215190,2026-06-18,FALSE,-9,Pop
104,spotify:track:0Gi23nmOQ0eaPASq2VoMOW,RIO,vạn vật như muốn ta bên nhau,DAO Entertainment,6,91,62,215182,2026-06-18,FALSE,-13,Indie/Alternative
105,spotify:track:4TyQKEifYDWTfTSRwpxlYI,Quân A.P,Bông Hoa Đẹp Nhất,Great Entertainment,32,101,129,214556,2026-06-18,FALSE,-4,Ballad
106,spotify:track:0s7RyyUlQfd8mnnboHe18n,"MANBO, HIEUTHUHAI, HURRYKNG",Hẹn Gặp Em Dưới Ánh Trăng,Gerdnang,20,99,118,211104,2026-06-18,FALSE,-7,Rap/Hip-hop
107,spotify:track:1hPbWyZnUPaeAWbOSKwkXJ,Quang Đăng Trần,Anh Đã Không Biết Cách Yêu Em,338ENT,9,93,46,210972,2026-06-18,FALSE,-14,Ballad
108,spotify:track:2Pwou3Q2Cf59RxdX2V6MgV,Shiki,Có Đôi Điều,12 trái lê,10,96,77,210660,2026-06-18,FALSE,-12,Rap/Hip-hop
109,spotify:track:43zzuEWDotRcKlSFzrlJqs,Đạt G,Thêm Bao Nhiêu Lâu,12 trái lê,84,106,58,209525,2026-06-18,FALSE,-3,Ballad
110,spotify:track:0oL2jCTf9P9a7flY5mCpYu,"Wxrdie, JustaTee",Trở Về,Universal Music Indochina Distributed Labels,54,112,68,207860,2026-06-18,FALSE,2,Rap/Hip-hop
111,spotify:track:54UNNgtE3zzERwTuWSQLqd,"MONSTAR, GREY D, VƯƠNG BÌNH",có hẹn với thanh xuân,Yin Yang Media,5,87,179,207410,2026-06-18,FALSE,-24,R&B/Soul
112,spotify:track:7q1qYSyRkGT4ZaCc2ZQihP,"Hoàng Tôn, Koo",Em Còn Nhớ Anh Không - Remastered,Hoàng Tôn,69,105,62,205965,2026-06-18,FALSE,-7,Ballad
113,spotify:track:6E3P4uOfKHYXJLK6Q3s0Tj,"JustaTee, Binz",Cơn Mưa Cuối,NGUYEN THANH TUAN,86,100,33,205183,2026-06-18,FALSE,-13,Rap/Hip-hop
114,spotify:track:0JKEP4dB1riE6l7Kq5kJm1,Chillies,Em Đừng Khóc,WM Vietnam,3,98,71,204681,2026-06-18,FALSE,-16,Indie/Alternative
115,spotify:track:5BJqg07SKgmFnVLOBmLFvq,Bùi Anh Tuấn,"Hẹn Một Mai - From"" 4 Năm 2 Chàng 1 Tình Yêu""",1LABEL,109,146,61,204041,2026-06-18,FALSE,31,Ballad
116,spotify:track:7J9l9ebYB3IEs5ea5J1M7a,"Da LAB, Tóc Tiên",Nước Mắt Em Lau Bằng Tình Yêu Mới,MUNIZ MUSIC COMPANY LIMITED,107,111,121,203988,2026-06-18,FALSE,-5,Pop
117,spotify:track:5C3fx9rdM4Bxf1MSOQC4Ym,"Low G, Thắng",An Thần,M Music Records,2,110,243,203463,2026-06-18,FALSE,-7,Rap/Hip-hop
118,spotify:track:54PbBpquVfhfrwRwvjSXbI,"Charlie Puth, Selena Gomez",We Don't Talk Anymore (feat. Selena Gomez),Artist Partner,71,124,290,202702,2026-06-18,FALSE,6,R&B/Soul
119,spotify:track:5tmA5oQDF0ULqRI12LKCDw,JayKii,Chiều Hôm Ấy,The First Management,95,117,34,202357,2026-06-18,FALSE,-2,Ballad
120,spotify:track:1UQNU5O9VttUgO16pxUnjw,"Obito, Shiki, RPT MCK",Đánh Đổi,12 trái lê,7,118,141,202310,2026-06-18,FALSE,-2,Rap/Hip-hop
121,spotify:track:6qgATU8r0ZPcPFPtZ5qA7B,Long Cao,Em Của Anh Đừng Của Ai!,Long Cao,107,129,7,201695,2026-06-18,FALSE,8,Pop
122,spotify:track:6TGwaBlfUGVoeZMBLzvXGP,"Dangrangto, DONAL",thế giới của anh,Higher Dimension,50,143,20,201495,2026-06-18,FALSE,21,Indie/Alternative
123,spotify:track:1i5SZL7Ngz0sYFaKmwieyw,"Quang Hùng MasterD, Low G, Hino",Chất Gây Hại,M Music Records,16,128,26,200833,2026-06-18,FALSE,5,Rap/Hip-hop
124,spotify:track:7fCeYpR02Q8JVuD88hJZVT,"Da LAB, Minh Tốc & Lam",Bầu Trời Mới,Universal Music Indochina Distributed Labels,8,140,89,200373,2026-06-18,FALSE,16,Indie/Alternative
125,spotify:track:51bYFYWODfYOZU0rwvjiCc,"Binz, Đen",Cho Mình Em,Spacespeakers,32,113,134,199959,2026-06-18,FALSE,-12,Rap/Hip-hop
126,spotify:track:2Wjghh0RpiBquLsJ932X6R,Ronboogz,nhắn nhủ,MaiDao Music,14,125,131,199552,2026-06-18,FALSE,-1,Indie/Alternative
127,spotify:track:27F22WcGDyl4Z2KylVJkXL,buitruonglinh,Đường Tôi Chở Em Về,Universal Music Indochina Distributed Labels,14,116,190,199550,2026-06-18,FALSE,-11,Indie/Alternative
128,spotify:track:6Q2oEdOhRjZ1DTv2a7j0lN,"PC, Dick, tofutns",Ghé Qua,12 trái lê,61,108,300,199343,2026-06-18,FALSE,-20,Rap/Hip-hop
129,spotify:track:2ppLwHSMgDGEQ5c8o6nAX2,Low G,Simp Gái 808,M Music Records,9,120,140,198326,2026-06-18,FALSE,-9,Rap/Hip-hop
130,spotify:track:0rR27Ayle8G7sKoCt8OWUr,Dương Domic,Mất Kết Nối,DAO Entertainment,2,134,82,198087,2026-06-18,FALSE,4,R&B/Soul
131,spotify:track:6D94p9ASguBcYlDC0o56vx,HIEUTHUHAI,NOLOVENOLIFE,M Music Records,24,139,140,197930,2026-06-18,FALSE,8,Rap/Hip-hop
132,spotify:track:7CyPwkp0oE8Ro9Dd5CUDjW,"The Weeknd, JENNIE, Lily-Rose Depp","One Of The Girls (with JENNIE, Lily Rose Depp)",XO / Republic Records,11,151,156,197027,2026-06-18,FALSE,19,R&B/Soul
133,spotify:track:5Bti0azlFhMattVY76qFr9,Vũ.,Lạ Lùng,WM Vietnam,17,142,428,194413,2026-06-18,FALSE,9,Indie/Alternative
134,spotify:track:1LJyhnPdYGRLerwJd8CmL1,"Vũ., Dear Jane",Những Lời Hứa Bỏ Quên,WM Vietnam,1,131,131,193906,2026-06-18,FALSE,-3,Indie/Alternative
135,spotify:track:55K3e7BGewGDUJ4ZQwkh7M,Only C,Người Đáng Thương Là Anh,OnlyC Production,131,145,22,191867,2026-06-18,FALSE,10,Ballad
136,spotify:track:317Lh6QCAz9JpWbV3oxrCf,"Phùng Khánh Linh, Thành Luke",EM ĐAU,BLACK SWAN LABEL LLC.,62,130,23,190178,2026-06-18,FALSE,-6,Ballad
137,spotify:track:6lRlM6bClcoOBLQi0zfA34,"HIEUTHUHAI, Hoàng Tôn",Chờ Tới Khi Anh Về,M Music Records,23,127,8,189862,2026-06-18,FALSE,-10,R&B/Soul
138,spotify:track:3COYA2vgfcUhDyRlVpZy5p,"tlinh, Low G",PHÓNG ZÌN ZÌN,M Music Records,4,162,91,188249,2026-06-18,FALSE,24,Rap/Hip-hop
139,spotify:track:6OWWZtNQORY1McaZmOrwhc,CORTIS,GO!,Republic Records – CORTIS,82,149,30,186687,2026-06-18,FALSE,10,Pop
140,spotify:track:33Omv0QYK1IvSHvpxoLzJz,Nguyễn Hùng,Ở Trong Khu Rừng - Cảm Ơn Người Đã Thức Cùng Tôi Original Soundtrack,Universal Music Indochina Distributed Labels,79,-1,3,186114,2026-06-18,TRUE,NaN,Khác
141,spotify:track:2G5ujw3rrWcAXQqT8PVnrz,"Obito, Shiki, Lăng LD",Đầu Đường Xó Chợ,12 trái lê,39,126,86,185156,2026-06-18,FALSE,-15,Rap/Hip-hop
142,spotify:track:5XfGQZA0ioQAWUjlyJRcHc,"Shiki, Obito",1000 Ánh Mắt,12 trái lê,8,119,103,184953,2026-06-18,FALSE,-23,Rap/Hip-hop
143,spotify:track:7diH1qnFziArYzynk3vkr6,CORTIS,TNT,Republic Records – CORTIS,27,144,7,182195,2026-06-18,FALSE,1,Pop
144,spotify:track:7HoAJ6Hc1P91eoOrn1WY5d,"Đức Trường, BMZ, Kun",Đáng Lý Ra Phải Là Anh,BMZ,90,171,27,182097,2026-06-18,FALSE,27,Ballad
145,spotify:track:1zvL2X6HPrLfvtSY4DpopE,MIN,Em Mới Là Người Yêu Anh,MIN,1,135,161,181227,2026-06-18,FALSE,-10,Pop
146,spotify:track:6uxuJ8Fr1AAfSPJUF9N1yr,Vũ.,Bước Qua Mùa Cô Đơn,WM Vietnam,1,193,276,181154,2026-06-18,FALSE,47,Indie/Alternative
147,spotify:track:498g7npirihKT5MPdVSfb0,Hoàng Dũng,Phonecert,"CAM, LIRICO",137,195,25,179792,2026-06-18,FALSE,48,R&B/Soul
148,spotify:track:7bn8ckDTI4EQIKZ6jRL4K0,Sơn Tùng M-TP,Chúng Ta Không Thuộc Về Nhau,Umusic Vietnam Co. Ltd. Distributed Labels,60,102,63,179631,2026-06-18,FALSE,-46,Pop
149,spotify:track:5prZw3OHd2UhAq0VBKpqUM,GREY D,mới hôm qua,Umusic Vietnam Co. Ltd. Distributed Labels,34,141,12,179135,2026-06-18,FALSE,-8,R&B/Soul
150,spotify:track:3b34161QoxLwsqhWSPy9i5,Da LAB,Thanh Xuân,Sony Music Entertainment,1,153,405,178267,2026-06-18,FALSE,3,Indie/Alternative
151,spotify:track:2pBZoglJzsRk4UeVey8n0k,Việt Anh,Ngày Này Năm Ấy,338ENT,17,104,45,178246,2026-06-18,FALSE,-47,Ballad
152,spotify:track:5PGh9MyKry8slG5AfvD1eD,"Obito, Shiki, VSTRA",Hà Nội,12 trái lê,10,132,141,175130,2026-06-18,FALSE,-20,Rap/Hip-hop
153,spotify:track:48MtqfQw716EZaNzOKNnuR,"CoolKid, RHYDER",Sau Cơn Mưa,MaiDao Music,8,158,145,174195,2026-06-18,FALSE,5,Rap/Hip-hop
154,spotify:track:3UJ2gSPFPSkPKZghRI8y1e,Dangrangto,Love is,MaiDao Music,10,156,86,173551,2026-06-18,FALSE,2,Indie/Alternative
155,spotify:track:2uxjHthUJd2A8PmWaUGGsI,"Hoàng Dũng, Hoàng Rob",Chờ Anh Nhé,Lirico Entertainment,99,178,53,173047,2026-06-18,FALSE,23,Indie/Alternative
156,spotify:track:3ZbZtdEw9U0uZW4tZItIwq,"RHYDER, CoolKid, BAN",Chịu Cách Mình Nói Thua,RHYDER,6,147,125,172823,2026-06-18,FALSE,-9,Rap/Hip-hop
157,spotify:track:5dg4e5942EFejbNzdWEnmN,"VƯƠNG BÌNH, Thùy Chi",Thanh Tân - song ca Thùy Chi,Umusic Vietnam Co. Ltd. Distributed Labels,157,183,2,172545,2026-06-18,FALSE,26,R&B/Soul
158,spotify:track:49j6SvuvWfbEKZKzsHCdLJ,Olivia Rodrigo,stupid song,Olivia Rodrigo PS,158,-1,1,172474,2026-06-18,TRUE,NaN,Pop
159,spotify:track:5wYQC7AuxV8ROALWcbVNxc,"Hoàng Dũng, Rhymastic, Lelarec",Giữ Anh Cho Ngày Hôm Qua,Lirico Entertainment,40,133,36,172307,2026-06-18,FALSE,-26,Ballad
160,spotify:track:5U30iZBlmxkpHqzb1OSnBS,Rhymastic,Yêu 5,WM Vietnam,77,148,228,171864,2026-06-18,FALSE,-12,R&B/Soul
161,spotify:track:55Eo6NDkVhSRBonrT16kXM,"Cloud 5, Dangrangto",Đến Đây Bên Anh,Yin Yang Media,66,174,61,171733,2026-06-18,FALSE,13,Indie/Alternative
162,spotify:track:5kJMW3pK49PvQDtpVryHf5,JustaTee,Forget About Her,Spacespeakers,31,107,43,171450,2026-06-18,FALSE,-55,R&B/Soul
163,spotify:track:6su7ekPw5AAIU2OUCvos6S,"B Ray, AMEE",Ex's Hate Me,B Ray,129,159,33,171025,2026-06-18,FALSE,-4,Rap/Hip-hop
164,spotify:track:2GE2p2dFpxp7OIz2QOFBzW,"ANH TRAI ""SAY HI"", HURRYKNG, HIEUTHUHAI, Negav, Pháp Kiều, Isaac","KIM PHÚT, KIM GIỜ (feat. HURRYKNG, HIEUTHUHAI, Negav, Pháp Kiều & Isaac)",Anh Trai Say Hi,5,170,86,170617,2026-06-18,FALSE,6,Rap/Hip-hop
165,spotify:track:50cmxP6KlnQA9IG3q5ckKD,Chillies,Mascara,WM Vietnam,3,175,230,170316,2026-06-18,FALSE,10,Indie/Alternative
166,spotify:track:0jHpGB1Xt2kIX0VaPFvStp,"Tùng TeA, PC, TaynguyenSound",Già Cùng Nhau Là Được,12 trái lê,70,165,150,169328,2026-06-18,FALSE,-1,Rap/Hip-hop
167,spotify:track:1fFvYVg1v3rpUSqKNCUh7b,VCT,Người Bình Thường,Universal Music Indochina Distributed Labels,49,-1,60,168487,2026-06-18,TRUE,NaN,Ballad
168,spotify:track:5oFEvbM7lGnx8jfAkuhVyo,"AMEE, RPT MCK",MỘNG YU,Yin Yang Media,3,185,80,168029,2026-06-18,FALSE,17,R&B/Soul
169,spotify:track:6KIhgRkprgyJNERRMu7Quh,MIN,Có Em Chờ,MIN,117,155,58,167752,2026-06-18,FALSE,-14,Pop
170,spotify:track:6vjt2smGK75oc9r2OGFfgp,aespa,LEMONADE,SM Entertainment,69,90,3,166985,2026-06-18,FALSE,-80,Pop
171,spotify:track:3gLRyMbg5nWLcuKD46Uz72,Phương Ly,Anh Là Ai,PHUONG LY,109,160,38,166869,2026-06-18,FALSE,-11,Pop
172,spotify:track:1FUdEz4fX1DxPcVAARlu6A,GREY D,yêu em như…,Umusic Vietnam Co. Ltd. Distributed Labels,13,169,12,166596,2026-06-18,FALSE,-3,R&B/Soul
173,spotify:track:0hB27T4dy9qBUcZabsrLOj,HIEUTHUHAI,Dạo Gần Đây Anh Thấy Anh Không Bằng Ai Hết,M Music Records,16,157,8,166556,2026-06-18,FALSE,-16,Rap/Hip-hop
174,spotify:track:0sR5ThoE0uoskXWrm6KDxP,Kha,Hư không,MaiDao Music,22,196,127,166021,2026-06-18,FALSE,22,Ballad
175,spotify:track:3y66li7DIrH7HLKIZzxR5H,Kai Đinh,Lễ Đường,Yin Yang Media,3,168,66,165782,2026-06-18,FALSE,-7,Ballad
176,spotify:track:6fl4Gu0lJm5hc8FM5JzCZD,"LE SSERAFIM, ILLIT, KATSEYE",ICONIC BY MISTAKE,BELIFT LAB,176,-1,1,165429,2026-06-18,TRUE,NaN,Pop
177,spotify:track:6CygbhaDoDGTlRq8LiEwpt,Binz,Hững Hờ,SS LABEL,56,88,4,165263,2026-06-18,FALSE,-89,R&B/Soul
178,spotify:track:2kt7udEZmN2kj1Jsl118zY,Wxrdie,0 AI NGHĨ,M Music Records,92,-1,34,165126,2026-06-18,TRUE,NaN,Rap/Hip-hop
179,spotify:track:1wbBii1kJbBnMr35bOo5gv,"Kiều Chi, Zeko Remix",Sau Này Em Cưới Ai Rồi - Zeko Remix,H2O Music,179,182,2,164836,2026-06-18,FALSE,3,EDM/Dance
180,spotify:track:4ecdsGz3Hg6TKPwQ0ZOdJz,CORTIS,FaSHioN,Republic Records – CORTIS,90,177,28,164819,2026-06-18,FALSE,-3,Pop
181,spotify:track:7AD5F85waSb3yZxZxEXhJM,"Tóc Tiên, Touliver",Có Ai Thương Em Như Anh,Yin Yang Media,20,138,150,164394,2026-06-18,FALSE,-43,EDM/Dance
182,spotify:track:0KA8tBqZ81mBe2po59GK5j,Đỗ Hoàng Long,Trạng Thái Mộng Mơ,Umusic Vietnam Co. Ltd. Distributed Labels,92,167,17,162607,2026-06-18,FALSE,-15,Indie/Alternative
183,spotify:track:59c2xv2kMzYM6HR9oY6BIa,Malcolm Todd,Sweet Boy,Columbia,183,-1,1,162457,2026-06-18,TRUE,NaN,R&B/Soul
184,spotify:track:5cF0dROlMOK5uNZtivgu50,Charlie Puth,Attention,Artist Partner,21,173,206,160535,2026-06-18,FALSE,-11,R&B/Soul
185,spotify:track:3OVMe3H6iAxbLF8iD2UYrw,Sơn Tùng M-TP,Chúng Ta Của Tương Lai,Umusic Vietnam Co. Ltd. Distributed Labels,1,152,84,159896,2026-06-18,FALSE,-33,Pop
186,spotify:track:4N99EuIjwSSFFFMDfTeOLU,"buitruonglinh, Vũ Phụng Tiên",Em Không Khóc (feat. Vũ Phụng Tiên),Yin Yang Media,62,176,189,158986,2026-06-18,FALSE,-10,Indie/Alternative
187,spotify:track:7so0lgd0zP2Sbgs2d7a1SZ,"Lady Gaga, Bruno Mars",Die With A Smile,Interscope Records,4,192,91,158569,2026-06-18,FALSE,5,Ballad
188,spotify:track:56LSZ1PFm7nOo734RfbEDo,RHYDER,TIẾC CHO EM,RHYDER ENTERTAINMENT,27,179,21,156597,2026-06-18,FALSE,-9,Pop
189,spotify:track:3H6nzsPNMttEvUl3ai3xN8,Chillies,Vùng Ký Ức,WM Vietnam,1,154,133,156577,2026-06-18,FALSE,-35,Indie/Alternative
190,spotify:track:40pWxpbXoBYGPCiofujjZ6,MONO,Chăm Hoa,M Music Records,9,-1,71,156054,2026-06-18,TRUE,NaN,Pop
191,spotify:track:6epn3r7S14KUqlReYr77hA,"Justin Bieber, Ludacris",Baby,RBMG/Def Jam,27,184,10,155409,2026-06-18,FALSE,-7,Pop
192,spotify:track:4SqE2XLtd1AfppGm2xlkf4,Sơn Tùng M-TP,Nắng Ấm Xa Dần,Umusic Vietnam Co. Ltd. Distributed Labels,120,189,13,155405,2026-06-18,FALSE,-3,Pop
193,spotify:track:7kgzRBNkBRArtTPkYjWLYT,"14 Casper, Bon Nghiêm",bao tiền một mớ bình yên?,DANDERLÉON,9,187,265,154165,2026-06-18,FALSE,-6,Ballad
194,spotify:track:4Iz5EWPCAT8jYNk4IpLoll,buitruonglinh,Dù Cho Mai Về Sau,Yin Yang Media,10,180,273,153132,2026-06-18,FALSE,-14,Indie/Alternative
195,spotify:track:6UFvSmKzCZ16fxsybf4PhE,"Nguyễn Trọng Tài, Don Raemo, Double X",HONGKONG1,T2B Media,150,181,15,152421,2026-06-18,FALSE,-14,Indie/Alternative
196,spotify:track:6sUXtdG33WW3qANi8phOON,"Fishy, Trí Dũng",Forget Me Now,LOOPS Music,126,-1,42,152030,2026-06-18,TRUE,NaN,R&B/Soul
197,spotify:track:7dlgEjrK3lHbP786dshKDV,"ANH TRAI ""SAY HI"", B Ray, AMEE",CHỜ ANH VỀ,Universal Music Indochina Distributed Labels,2,194,28,151145,2026-06-18,FALSE,-3,Rap/Hip-hop
198,spotify:track:65st6HfPZyxq1RNTvqSIos,"Wren Evans, itsnk",Thu Đợi,Universal Music Indochina Distributed Labels,6,190,24,150350,2026-06-18,FALSE,-8,R&B/Soul
199,spotify:track:1uiqiUzPn2EJpvHDy84PEZ,"EM XINH ""SAY HI"", Orange, Mỹ Mỹ, 52Hz, Châu Bùi, Pháp Kiều",KHÔNG ĐAU NỮA RỒI,Em Xinh Say Hi,2,-1,48,149344,2026-06-18,TRUE,NaN,Rap/Hip-hop
200,spotify:track:0OB5hTu7ELKeVoD6JVRo6m,"Quân A.P, Hải Đăng Doo",Thiên Mệnh,Umusic Vietnam Co. Ltd. Distributed Labels,96,-1,8,148972,2026-06-18,TRUE,NaN,Pop
1,spotify:track:2HRgqmZQC0MC7GeNuDIXHN,"Jung Kook, Latto",Seven (feat. Latto) (Explicit Ver.),BIGHIT MUSIC,1,1,154,1891737,2026-06-25,FALSE,0,Pop
2,spotify:track:68lbSrXDORS51pmyjZv712,BTS,SWIM,BIGHIT MUSIC,1,2,14,1314752,2026-06-25,FALSE,0,Pop
3,spotify:track:6ELX356o21U28T73ZxruUj,"Hngle, Bảo Anh",Tìm Em (feat. Bảo Anh),Sony Music Entertainment,3,-1,1,983192,2026-06-25,TRUE,NaN,Ballad
4,spotify:track:0a32EBPjqAe47cYDPE5Ia5,"Binz, SOOBIN",Em (feat. SOOBIN),SS LABEL,3,3,5,894772,2026-06-25,FALSE,-1,R&B/Soul
5,spotify:track:1ApIGNgp1azc0qB61x4GzG,"Hngle, Ari",Không Buông,Umusic Vietnam Co. Ltd. Distributed Labels,2,4,42,845978,2026-06-25,FALSE,-1,Pop
6,spotify:track:6BnPsHZv1jPbPAsQsm0s5b,"RPT MCK, A$AP Ướt Mi",Nếu Như Ta Chẳng Còn (feat. A$AP Ướt Mi),311synd.,6,-1,1,764524,2026-06-25,TRUE,NaN,Ballad
7,spotify:track:7bFFUPBiF15n8m8RziqS4o,GREY D,dự báo thời tiết hôm nay mưa,Umusic Vietnam Co. Ltd. Distributed Labels,5,5,188,665127,2026-06-25,FALSE,-2,R&B/Soul
8,spotify:track:4nXrVH5xwN1w6TpmP7uu8n,"HIEUTHUHAI, marzuz",Exit Sign,M Music Records,4,9,141,640784,2026-06-25,FALSE,1,Rap/Hip-hop
9,spotify:track:5xVCfx47vCXuLdpfbepqEo,HIEUTHUHAI,Người Im Lặng Gặp Người Hay Nói,M Music Records,2,11,16,640492,2026-06-25,FALSE,2,Rap/Hip-hop
10,spotify:track:5ze1OgIdC5fJLJfpvT9Jog,"RPT MCK, Tage",Mắt Môi Tay Chân (feat. Tage),311synd.,10,-1,1,632121,2026-06-25,TRUE,NaN,Rap/Hip-hop
11,spotify:track:73RcFjiDtStfP3GCW44vJu,"Minh Huy, Pinny",Ngày Rời Chuyến Bay,12 trái lê,6,6,12,623688,2026-06-25,FALSE,-5,Ballad
12,spotify:track:1ap1uhhvWmyZDJZ0HBWpvo,RPT MCK,Nguyễn Văn Mười,311synd.,12,-1,1,614944,2026-06-25,TRUE,NaN,Rap/Hip-hop
13,spotify:track:2KslE17cAJNHTsI2MI0jb2,Jung Kook,Standing Next to You,BIGHIT MUSIC,1,8,137,604951,2026-06-25,FALSE,-5,Pop
14,spotify:track:6uA9tUGo5WUhFPUR93F4jO,GREY D,toidaidot,Umusic Vietnam Co. Ltd. Distributed Labels,14,15,3,595561,2026-06-25,FALSE,1,R&B/Soul
15,spotify:track:6Qwl74olNi1rl65FNxG5We,"marzuz, Changg",Và Thế Giới Đã Mất Đi Một Người Cô Đơn,Universal Music Indochina,7,12,31,594839,2026-06-25,FALSE,-3,Ballad
16,spotify:track:6mKMGpkgP2cH5gmqILWe7b,Fishy,vết thương,LOOPS Music,15,17,58,590946,2026-06-25,FALSE,1,Ballad
17,spotify:track:7uUuftbcr94tzGOCJSM25u,"Low G, JustaTee",In Love,M Music Records,2,13,35,558732,2026-06-25,FALSE,-4,Rap/Hip-hop
18,spotify:track:6CTdPSNvUYw7UjerVIkUia,"Dangrangto, DONAL",xương rồng (intro),Higher Dimension,18,-1,1,551367,2026-06-25,TRUE,NaN,Indie/Alternative
19,spotify:track:2wZAvkgiOE5tyrnqhB69KA,Sơn Tùng M-TP,Âm Thầm Bên Em,Umusic Vietnam Co. Ltd. Distributed Labels,9,14,296,494186,2026-06-25,FALSE,-5,Ballad
20,spotify:track:0NyrI1tMvqcK3vU5z9DMdI,JustaTee,She Neva Knows,NGUYEN THANH TUAN,10,20,21,487217,2026-06-25,FALSE,0,R&B/Soul
21,spotify:track:6gmXMeStkiDoAbNaUeHbqU,RPT MCK,Liệm,311synd.,21,-1,1,475941,2026-06-25,TRUE,NaN,Rap/Hip-hop
22,spotify:track:2a5hng9yXtbjtTVVm9UviC,VCT,Mơ,Universal Music Indochina Distributed Labels,6,18,200,470547,2026-06-25,FALSE,-4,Pop
23,spotify:track:5cJXrld8l8ZW6dAIo4P0O6,RPT MCK,Anh Không Muốn Nó Dễ Dàng,311synd.,23,-1,1,465905,2026-06-25,TRUE,NaN,Rap/Hip-hop
24,spotify:track:7326q9PcJDcKuAFcrSkN0t,"Sơn Tùng M-TP, Tyga",Come My Way,M Music Records,2,7,4,464969,2026-06-25,FALSE,-17,EDM/Dance
25,spotify:track:2fCwv2ppU5nTRTckomIGsd,CORTIS,REDRED,Republic Records – CORTIS,5,26,10,459647,2026-06-25,FALSE,1,Pop
26,spotify:track:3SJBCyImil9sNCH8lcCnqO,"RPT MCK, Obito",Xa Xôi (feat. Obito),311synd.,26,-1,1,453628,2026-06-25,TRUE,NaN,Rap/Hip-hop
27,spotify:track:4oZqNyQWRIYB4hzrLNong1,RPT MCK,IDK,311synd.,27,-1,1,452002,2026-06-25,TRUE,NaN,Rap/Hip-hop
28,spotify:track:6cZ6NqFHytVdRMG2QB3n8q,"RPT MCK, marzuz",Baby (feat. marzuz),311synd.,28,-1,1,450024,2026-06-25,TRUE,NaN,Rap/Hip-hop
29,spotify:track:3T7XHOdRcyhKU3QCB6kZG3,"MIN, Dangrangto, antransax",chẳng phải tình đầu sao đau đến thế,WM Vietnam,2,22,35,433347,2026-06-25,FALSE,-7,Indie/Alternative
30,spotify:track:20jbSiX29FDX4oQxBXyUEi,Ariana Grande,hate that i made you love me,Republic Records,13,16,4,433319,2026-06-25,FALSE,-14,R&B/Soul
31,spotify:track:6Zoi4ue74UdUeYmHXItXnf,"B Ray, V#",Vùng An Toàn,MIXUS,3,19,51,429800,2026-06-25,FALSE,-12,Rap/Hip-hop
32,spotify:track:1k9KzeTfQTmUDVtVWdSYAM,RPT MCK,Wtf Bby I'm Lit,311synd.,32,-1,1,425536,2026-06-25,TRUE,NaN,Rap/Hip-hop
33,spotify:track:1K0HQ30Wc11okzlcnFA7Ub,HIEUTHUHAI,Không Thể Say,M Music Records,7,25,166,423404,2026-06-25,FALSE,-8,Rap/Hip-hop
34,spotify:track:4BdB08vuS9r4HOoY7GkAxT,SOOBIN,Nếu Ngày Ấy,SS LABEL,17,24,79,416077,2026-06-25,FALSE,-10,Ballad
35,spotify:track:5cn5oHiXJTLiuthgbgfkMh,VCT,Vết Mưa,Universal Music Indochina Distributed Labels,19,21,120,404152,2026-06-25,FALSE,-14,Ballad
36,spotify:track:6uvw8GFIqdqaJ4Nr3kN8Rs,BTS,Come Over,BIGHIT MUSIC,10,10,2,402536,2026-06-25,FALSE,-26,Pop
37,spotify:track:5rSAUmbOg4giDrM29vUyHe,Sơn Tùng M-TP,Nơi Này Có Anh,Umusic Vietnam Co. Ltd. Distributed Labels,5,23,368,398579,2026-06-25,FALSE,-14,Pop
38,spotify:track:0eAuGrXyGFYwur9ARUe7LJ,Malcolm Todd,Earrings,Columbia,30,30,9,390256,2026-06-25,FALSE,-8,R&B/Soul
39,spotify:track:3A7t1MTPFJTq014WEOwOWm,RPT MCK,Tây Thi,311synd.,39,-1,1,378502,2026-06-25,TRUE,NaN,Rap/Hip-hop
40,spotify:track:6GM4ZOBDcDroldUxI8GZ2B,"VSTRA, Tyronee",Ai Ngoài Anh,CDSL,2,31,25,367215,2026-06-25,FALSE,-9,R&B/Soul
41,spotify:track:0EGwksIbRx7VflNBzuIBvc,GREY D,hoá ra…,Umusic Vietnam Co. Ltd. Distributed Labels,5,34,13,363694,2026-06-25,FALSE,-7,R&B/Soul
42,spotify:track:3DLtPObflLQBodZN8qGODT,"JustaTee, BigDaddy",2AM,WM Vietnam,18,29,217,357163,2026-06-25,FALSE,-13,R&B/Soul
43,spotify:track:11T61UpoNbbcewOMl1kcWN,NHONHO,Dạo Bước HongKong 1999,NHONHO,5,32,13,350376,2026-06-25,FALSE,-11,Indie/Alternative
44,spotify:track:5KYv3kORBKUmVEoqbRRWxt,"Bảo Anh, Táo",Từng Là Của Nhau,Yin Yang Media,7,27,42,344575,2026-06-25,FALSE,-17,Ballad
45,spotify:track:4CUvVaAYuXtvYURLFz7EIL,"Emcee L (Da LAB), Da LAB, Muộii (Starry Night)",Chuyện Đôi Ta (feat. Muộii),Yin Yang Media,3,37,238,341947,2026-06-25,FALSE,-8,Ballad
46,spotify:track:0fGJiHH6xSUJU1MAVjxq5m,"Karik, GDucky",Bạn Đời,WM Vietnam,5,28,143,341441,2026-06-25,FALSE,-18,Rap/Hip-hop
47,spotify:track:46KcOYalDgmgZJWRNjiMQ8,RPT MCK,Một Cái Ôm,311synd.,47,-1,1,336602,2026-06-25,TRUE,NaN,Ballad
48,spotify:track:3J3nv18iIrOhca1ZWNeuyW,JustaTee,Đã Lỡ Yêu Em Nhiều,NGUYEN THANH TUAN,24,39,177,334666,2026-06-25,FALSE,-9,Ballad
49,spotify:track:27Z9T0mSWHYWSj9SNOGvyt,"JustaTee, Phương Ly",Thằng Điên,NGUYEN THANH TUAN,2,41,203,333544,2026-06-25,FALSE,-8,R&B/Soul
50,spotify:track:6Hs2xIgB8nzyGFDvVA8lFa,"Madihu, Low G",Có Em,NGUYEN CHI PHONG,4,35,218,330611,2026-06-25,FALSE,-15,Rap/Hip-hop
51,spotify:track:0ZRat7fxorLEemc5WI89iX,RPT MCK,Đao Của Anh Vừa,311synd.,51,-1,1,330335,2026-06-25,TRUE,NaN,Rap/Hip-hop
52,spotify:track:2JBPFxhktonEWpIYS8csms,RPT MCK,Yêu Anh Giết Anh,311synd.,52,-1,1,327666,2026-06-25,TRUE,NaN,Ballad
53,spotify:track:7tI8dRuH2Yc6RuoTjxo4dU,Jimin,Who,BIGHIT MUSIC,1,40,69,327343,2026-06-25,FALSE,-13,R&B/Soul
54,spotify:track:4gaxEUZE4z9pJAVTSFwgQI,"14 Casper, Bon Nghiêm, buitruonglinh",một đời,DANDERLÉON,14,43,117,323271,2026-06-25,FALSE,-11,Indie/Alternative
55,spotify:track:5tdz7T4hTxA1ipJMBe24uX,AMEE,"ex's hate me, Pt.2",Yin Yang Media,13,46,192,321190,2026-06-25,FALSE,-9,Pop
56,spotify:track:41DlPJXKTCypXdf2eSqa03,"Vũ., Binz",bình yên,WM Vietnam,4,45,95,313100,2026-06-25,FALSE,-11,Rap/Hip-hop
57,spotify:track:6nInHlewtrNKguNKlXt0Ur,"Shartnuss, Phankeo, Tr.D",Nắng có mang em về,MaiDao Music,4,48,124,312047,2026-06-25,FALSE,-9,Indie/Alternative
58,spotify:track:3x7Hh3zsE1wcXCU2G8l5tP,SOOBIN,DANCING IN THE DARK,SS LABEL,3,36,67,312017,2026-06-25,FALSE,-22,EDM/Dance
59,spotify:track:6n2xOcqQrNOY0IfgATSwWs,"Puppy, Dangrangto",Wrong Times,MaiDao Music,3,57,138,309995,2026-06-25,FALSE,-2,Indie/Alternative
60,spotify:track:2o4dDfLK6NVI7TjBm5VoMv,"Lou Hoàng, Miu Lê",Yêu Một Người Có Lẽ,Onlyc Entertainment,17,44,227,309512,2026-06-25,FALSE,-16,Pop
61,spotify:track:2ZhPTxaMGhbLeN443dHYxy,RPT MCK,Là Gì Của Nhau,311synd.,61,-1,1,309139,2026-06-25,TRUE,NaN,Rap/Hip-hop
62,spotify:track:31VNCmwspR7nVJ6kruUuJt,Sơn Tùng M-TP,Đừng Làm Trái Tim Anh Đau,Umusic Vietnam Co. Ltd. Distributed Labels,1,33,107,307460,2026-06-25,FALSE,-29,Pop
63,spotify:track:6VXVYATpQXEIoZ97NnWCmn,"Madihu, Vũ.",Vì Anh Đâu Có Biết,WM Vietnam,2,49,203,306827,2026-06-25,FALSE,-14,Ballad
64,spotify:track:0pavLg3wbL6PVXAgXoWv4S,"24k.Right, Ngắn, Hipz",Một Nửa Sự Thật,Universal Music Indochina,50,50,12,306455,2026-06-25,FALSE,-14,R&B/Soul
65,spotify:track:5QjIMYxulJvh8sOr0zQgTP,RPT MCK,Dưa Chua,311synd.,65,-1,1,306280,2026-06-25,TRUE,NaN,Rap/Hip-hop
66,spotify:track:1ordU9Ts6JNRalwVoXgJd6,"GREY D, MIN",đôi mắt kẻ tình si,Umusic Vietnam Co. Ltd. Distributed Labels,12,54,13,303806,2026-06-25,FALSE,-12,R&B/Soul
67,spotify:track:4MCP9l0QB9YN2LCkIy8mz4,Obito,Dạo Này,12 trái lê,8,68,26,303069,2026-06-25,FALSE,1,Rap/Hip-hop
68,spotify:track:1J3SmWwlYAG68LGKr86MVH,Sơn Tùng M-TP,Chúng Ta Của Hiện Tại,Umusic Vietnam Co. Ltd. Distributed Labels,1,38,288,293875,2026-06-25,FALSE,-30,Pop
69,spotify:track:0DJ0BWAlfW9h8xC5XxXEwr,RPT MCK,Night In Prague,311synd.,69,-1,1,293396,2026-06-25,TRUE,NaN,Rap/Hip-hop
70,spotify:track:1xoadYaxtOp9gHDwgmPDuz,"JSOL, Hoàng Duyên",Sài Gòn Hôm Nay Mưa,Universal Music Indochina,3,61,265,292079,2026-06-25,FALSE,-9,Ballad
71,spotify:track:3Ids3RXurYBgySph53qWnB,buitruonglinh,Từng Ngày Yêu Em,LOOPS Music,9,53,77,288788,2026-06-25,FALSE,-18,Indie/Alternative
72,spotify:track:0t8g66pWghsU8MphjUQIdg,"Phùng Khánh Linh, 30 Pictures",Cảm Ơn Người Đã Thức Cùng Tôi,+84 Vietnam New Wave,5,47,18,288543,2026-06-25,FALSE,-25,Ballad
73,spotify:track:3P3rcI48wwVEgxF5vPM6pG,Sơn Tùng M-TP,Buông Đôi Tay Nhau Ra,Umusic Vietnam Co. Ltd. Distributed Labels,7,42,154,287957,2026-06-25,FALSE,-31,Ballad
74,spotify:track:04vZ4wvtdjMs35KgDIjNsG,RPT MCK,Hút và Hút,311synd.,74,-1,1,287262,2026-06-25,TRUE,NaN,Rap/Hip-hop
75,spotify:track:4UC3NBjtqbYcqPqRq1s57D,Lyly,24h,WM Vietnam,40,81,58,286221,2026-06-25,FALSE,6,Ballad
76,spotify:track:1o6cYDMHvKOfizi4d9Lqxr,W/N,id 072019,Universal Music Indochina Distributed Labels,3,62,152,284289,2026-06-25,FALSE,-14,Pop
77,spotify:track:43a24qyExksHYk0gxfZqGY,RPT MCK,Ai Mới Là Kẻ Xấu Xa,311synd.,77,-1,1,282182,2026-06-25,TRUE,NaN,Rap/Hip-hop
78,spotify:track:4nyoalDFgUaZOzIKqj3aS5,"Đặng Vĩnh Thịnh, BMZ, Nguyễn Trung Đức",Ngàn Năm Ánh Sáng,BMZ JSC,5,52,46,280932,2026-06-25,FALSE,-26,Ballad
79,spotify:track:58ZlEBxBrzISXtmcOPo476,SOOBIN,giá như,SS LABEL,13,51,115,279004,2026-06-25,FALSE,-28,Ballad
80,spotify:track:6UO9nrihAk6sFGvVHDVTz8,"马也_Crabbit, Cole先生",海屿你,网易飓风,56,56,4,278753,2026-06-25,FALSE,-24,Pop
81,spotify:track:0e6fZkLArSmDIHnZcIua7t,"Vũ., Low G",Không Yêu Em Thì Yêu Ai?,WM Vietnam,19,59,91,278544,2026-06-25,FALSE,-22,Indie/Alternative
82,spotify:track:4qJSUFwZFouto5VZUlln75,"tlinh, Trung Trần",Thích Quá Rùi Nà,Universal Music Indochina Distributed Labels,34,64,301,276034,2026-06-25,FALSE,-18,R&B/Soul
83,spotify:track:25h0TqC9H3BcMA7KjK5nHK,"GREY D, tlinh",vaicaunoicokhiennguoithaydoi,Umusic Vietnam Co. Ltd. Distributed Labels,2,66,210,270890,2026-06-25,FALSE,-17,R&B/Soul
84,spotify:track:39KWnPNEvbXt423CzjvBfA,SOOBIN,Anh Đã Quen Với Cô Đơn,WM Vietnam,40,58,84,269487,2026-06-25,FALSE,-26,Ballad
85,spotify:track:2ZBi1KpCR0grEWRNgySqwg,Hngle,Buông,Sony Music Entertainment,17,99,19,263255,2026-06-25,FALSE,14,Ballad
86,spotify:track:5BTzf3doGTigDIYUFtbkI9,"Emcee L (Da LAB), Da LAB, Badbies",Sinh Ra Đã Là Thứ Đối Lập Nhau (feat. Badbies),Yin Yang Media,5,65,287,262297,2026-06-25,FALSE,-21,Ballad
87,spotify:track:5ouxRyInSdRBQubu3KTd97,"tlinh, 2Pillz",nếu lúc đó,M Music Records,1,71,173,260018,2026-06-25,FALSE,-16,R&B/Soul
88,spotify:track:1MiJk3dXC5jzhvLFP0dUM7,Da LAB,Thức Giấc,Yin Yang Media,1,67,259,260000,2026-06-25,FALSE,-21,Pop
89,spotify:track:4CVxKSRLUxqUuj2z9vn4fS,SOOBIN,Xin Đừng Lặng Im,"HONG AN ENTERTAIMENT,.JSC",37,63,57,259764,2026-06-25,FALSE,-26,Ballad
90,spotify:track:7Ldcvhcl4Xj4eOTSWpZus5,CORTIS,ACAI,Republic Records – CORTIS,25,103,8,259356,2026-06-25,FALSE,13,Pop
91,spotify:track:2pm7K14nHj2fLrpU8j9bit,PC,10 Ngàn Năm,12 trái lê,27,74,211,258519,2026-06-25,FALSE,-17,Rap/Hip-hop
92,spotify:track:3VkV6L37ub0rtuYQoawAqz,Lil Zpoet,Tình Mình Lạ Kì,LiL Z Poet,45,60,21,253821,2026-06-25,FALSE,-32,Ballad
93,spotify:track:45R1FSVRRkLmLGVVkW7Vw7,RPT MCK,Thịt Lợn,311synd.,93,-1,1,251869,2026-06-25,TRUE,NaN,Rap/Hip-hop
94,spotify:track:3dbfL7nHOZlM4adzLHNnB3,"Juky San, buitruonglinh",Người Đầu Tiên,DAO Entertainment,2,70,34,251555,2026-06-25,FALSE,-24,Ballad
95,spotify:track:3TIMu3O0HyQVWBvtcwmcVt,"RPT MCK, Tùng Dương",Slippery (feat. Tùng Dương),311synd.,95,-1,1,249470,2026-06-25,TRUE,NaN,Rap/Hip-hop
96,spotify:track:7mblTCdc14ylJ1JW71MODb,buitruonglinh,Giờ Thì,LOOPS Music,11,79,80,244210,2026-06-25,FALSE,-17,Indie/Alternative
97,spotify:track:6jcLKVmEKAQIXIVHJZ8vzS,"MONSTAR, GREY D, NICKY, VƯƠNG BÌNH",tình yêu chậm trễ,Yin Yang Media,46,83,184,244134,2026-06-25,FALSE,-14,R&B/Soul
98,spotify:track:01qFKNWq73UfEslI0GvumE,"Jung Kook, Jack Harlow",3D (feat. Jack Harlow),BIGHIT MUSIC,2,69,142,243026,2026-06-25,FALSE,-29,Pop
99,spotify:track:6QFCMUUq1T2Vf5sFUXcuQ7,"Justin Bieber, Nicki Minaj",Beauty And A Beat,RBMG/Def Jam,9,77,11,242948,2026-06-25,FALSE,-22,EDM/Dance
100,spotify:track:2fbSXTHYgjzxBCYVw4fGXC,RPT MCK,Không Cần Lo Cho Tao,311synd.,100,-1,1,242387,2026-06-25,TRUE,NaN,Rap/Hip-hop
101,spotify:track:24NU99R1NGEVlVIOPO0Ahg,"Ngô Lan Hương, DJ Kim Chol","Có Công Mài ""Sắc"" (Afrobeats ) [DJ Kim Chol Remix]",Ngô Lan Hương - Exclusively Licensed to VIEENT,91,91,2,241119,2026-06-25,FALSE,-10,EDM/Dance
102,spotify:track:55K3e7BGewGDUJ4ZQwkh7M,Only C,Người Đáng Thương Là Anh,OnlyC Production,102,135,23,240846,2026-06-25,FALSE,33,Ballad
103,spotify:track:6ag0c7tBr3PIqPb00C2rK4,"VCT, Negav, Jey B, Ngô Kiến Huy",NGƯỜI NHƯ ANH XỨNG ĐÁNG CÔ ĐƠN - KHÔNG ĐAU NỮA RỒI,VIE NETWORK CORPORATION / ADA,45,88,17,240787,2026-06-25,FALSE,-15,Rap/Hip-hop
104,spotify:track:1UhQ0VwKq2PGnLiAZOJYV1,Binz,Em,SS LABEL,4,55,31,240241,2026-06-25,FALSE,-49,R&B/Soul
105,spotify:track:5u5AsK8JLgkr154QHZjJqh,"ANH TRAI ""SAY HI"", VCT, Karik, Negav, Ngô Kiến Huy, Jey B",NGƯỜI NHƯ ANH XỨNG ĐÁNG CÔ ĐƠN,Universal Music Indochina Distributed Labels,3,76,39,238243,2026-06-25,FALSE,-29,Rap/Hip-hop
106,spotify:track:66v7AvDs5gZfmkJgFMMtHL,"Công Dương, Nguyễn Lâm Thảo Tâm, 30 Pictures",A Little Dream Of Me,+84 Vietnam New Wave,22,72,16,237995,2026-06-25,FALSE,-34,Khác
107,spotify:track:2w7jOvl0kpplNxisgfnCdT,"Đức Trường, BMZ",Nếu Biết Đó Là Lần Cuối,BMZ,47,84,42,237656,2026-06-25,FALSE,-23,Ballad
108,spotify:track:5VGOYjxkEaf19LoRPIolD2,"The Wind, Dangrangto",Anh Muốn Nhìn Thấy Em,M Music Records,77,85,80,237139,2026-06-25,FALSE,-23,Indie/Alternative
109,spotify:track:4vfhartd7HDWGJbdVIycEu,Sơn Tùng M-TP,Muộn Rồi Mà Sao Còn,Umusic Vietnam Co. Ltd. Distributed Labels,1,82,270,235042,2026-06-25,FALSE,-27,Pop
110,spotify:track:1DVYafsLmcQySKkJnY4RCs,"MAYDAYs, Minh Tốc & Lam",Phép Màu - Đàn Cá Gỗ Original Soundtrack,Universal Music Indochina Distributed Labels,2,75,69,232239,2026-06-25,FALSE,-35,Khác
111,spotify:track:3aD3BRhj9F7fWK7T1Wrc9l,RPT MCK,Che Phủ,311synd.,111,-1,1,231164,2026-06-25,TRUE,NaN,Rap/Hip-hop
112,spotify:track:5SzJs9cwYXdSm9G3xcXuA2,Phùng Khánh Linh,Hôm Nay Tôi Buồn,BLACK SWAN LABEL LLC.,13,89,165,230688,2026-06-25,FALSE,-23,Ballad
113,spotify:track:7diH1qnFziArYzynk3vkr6,CORTIS,TNT,Republic Records – CORTIS,27,143,8,229389,2026-06-25,FALSE,30,Pop
114,spotify:track:36fgG6NiEuQXznNgf5y2Ck,"T.R.I, Dangrangto, DONAL",một bài hát không vui mấy - Extended Version,Umusic Vietnam Co. Ltd. Distributed Labels,26,78,77,228607,2026-06-25,FALSE,-36,Ballad
115,spotify:track:4TyQKEifYDWTfTSRwpxlYI,Quân A.P,Bông Hoa Đẹp Nhất,Great Entertainment,32,105,130,227649,2026-06-25,FALSE,-10,Ballad
116,spotify:track:1J12HjUuXfJnaUdubTEzSR,HIEUTHUHAI,Nghe Như Tình Yêu,M Music Records,35,98,249,226182,2026-06-25,FALSE,-18,R&B/Soul
117,spotify:track:5tmA5oQDF0ULqRI12LKCDw,JayKii,Chiều Hôm Ấy,The First Management,95,119,35,225597,2026-06-25,FALSE,2,Ballad
118,spotify:track:6OWWZtNQORY1McaZmOrwhc,CORTIS,GO!,Republic Records – CORTIS,82,139,31,224255,2026-06-25,FALSE,21,Pop
119,spotify:track:3J06iY9IRWKr1H0zIxrUby,"Orange, Hoàng Dũng",Khi Em Lớn,Universal Music Indochina,4,93,229,224023,2026-06-25,FALSE,-26,R&B/Soul
120,spotify:track:0SmQ0UWeiHKQtxUej4Rem6,SOOBIN,Tháng Năm,Spacespeakers,6,95,188,223728,2026-06-25,FALSE,-25,Pop
121,spotify:track:4QalnBNnw9uK1dj543nf76,Dương Domic,Không Thời Gian,DAO Entertainment,2,87,40,222299,2026-06-25,FALSE,-34,R&B/Soul
122,spotify:track:2Pwou3Q2Cf59RxdX2V6MgV,Shiki,Có Đôi Điều,12 trái lê,10,108,78,221693,2026-06-25,FALSE,-14,Rap/Hip-hop
123,spotify:track:19U8QkwGDiQnYtnNIlspuo,Ronboogz,Nói Dối,MaiDao Music,3,90,138,219795,2026-06-25,FALSE,-33,Indie/Alternative
124,spotify:track:27F22WcGDyl4Z2KylVJkXL,buitruonglinh,Đường Tôi Chở Em Về,Universal Music Indochina Distributed Labels,14,127,191,218825,2026-06-25,FALSE,3,Indie/Alternative
125,spotify:track:5r6Rae4kq7CikBuoTaj6RF,Tóc Tiên,người còn thương em không,Umusic Vietnam Co. Ltd. Distributed Labels,94,94,3,217446,2026-06-25,FALSE,-31,Pop
126,spotify:track:1UQNU5O9VttUgO16pxUnjw,"Obito, Shiki, RPT MCK",Đánh Đổi,12 trái lê,7,120,142,214386,2026-06-25,FALSE,-6,Rap/Hip-hop
127,spotify:track:0s7RyyUlQfd8mnnboHe18n,"MANBO, HIEUTHUHAI, HURRYKNG",Hẹn Gặp Em Dưới Ánh Trăng,Gerdnang,20,106,119,214322,2026-06-25,FALSE,-21,Rap/Hip-hop
128,spotify:track:1ZjICQJECU0rO8Vf6AOVbv,GREY D,mới hôm qua,Umusic Vietnam Co. Ltd. Distributed Labels,34,149,13,211992,2026-06-25,FALSE,21,R&B/Soul
129,spotify:track:3WtsdBj3zUIYGPcMHksbYV,GREY D,yêu em như…,Umusic Vietnam Co. Ltd. Distributed Labels,13,172,13,211317,2026-06-25,FALSE,43,R&B/Soul
130,spotify:track:43zzuEWDotRcKlSFzrlJqs,Đạt G,Thêm Bao Nhiêu Lâu,12 trái lê,84,109,59,210827,2026-06-25,FALSE,-21,Ballad
131,spotify:track:3COYA2vgfcUhDyRlVpZy5p,"tlinh, Low G",PHÓNG ZÌN ZÌN,M Music Records,4,138,92,209704,2026-06-25,FALSE,7,Rap/Hip-hop
132,spotify:track:6ns1vEKfjtzBuz7vflsBOf,"Dangrangto, DONAL",baby anh đợi có lâu?,Higher Dimension,132,-1,1,209422,2026-06-25,TRUE,NaN,Indie/Alternative
133,spotify:track:5C3fx9rdM4Bxf1MSOQC4Ym,"Low G, Thắng",An Thần,M Music Records,2,117,244,209248,2026-06-25,FALSE,-16,Rap/Hip-hop
134,spotify:track:6JxPl1KdegUGyoguXhJfko,RPT MCK,Oanh M = Thuoc,311synd.,134,-1,1,208024,2026-06-25,TRUE,NaN,Rap/Hip-hop
135,spotify:track:6E3P4uOfKHYXJLK6Q3s0Tj,"JustaTee, Binz",Cơn Mưa Cuối,NGUYEN THANH TUAN,86,113,34,207743,2026-06-25,FALSE,-22,Rap/Hip-hop
136,spotify:track:0Gi23nmOQ0eaPASq2VoMOW,RIO,vạn vật như muốn ta bên nhau,DAO Entertainment,6,104,63,207117,2026-06-25,FALSE,-32,Indie/Alternative
137,spotify:track:54PbBpquVfhfrwRwvjSXbI,"Charlie Puth, Selena Gomez",We Don't Talk Anymore (feat. Selena Gomez),Artist Partner,71,118,291,206462,2026-06-25,FALSE,-19,R&B/Soul
138,spotify:track:51bYFYWODfYOZU0rwvjiCc,"Binz, Đen",Cho Mình Em,Spacespeakers,32,125,135,206115,2026-06-25,FALSE,-13,Rap/Hip-hop
139,spotify:track:0rn7nzh03uvdY4Z9cSRZiZ,RPT MCK,Intenpol,311synd.,139,-1,1,204187,2026-06-25,TRUE,NaN,Rap/Hip-hop
140,spotify:track:1izPmgSW7FV6XFdEOiTvOY,"Changg, Minh Huy",Em Không Hiểu,Universal Music Indochina Distributed Labels,27,96,246,203275,2026-06-25,FALSE,-44,R&B/Soul
141,spotify:track:4ecdsGz3Hg6TKPwQ0ZOdJz,CORTIS,FaSHioN,Republic Records – CORTIS,90,180,29,202741,2026-06-25,FALSE,39,Pop
142,spotify:track:0JKEP4dB1riE6l7Kq5kJm1,Chillies,Em Đừng Khóc,WM Vietnam,3,114,72,202576,2026-06-25,FALSE,-28,Indie/Alternative
143,spotify:track:6D94p9ASguBcYlDC0o56vx,HIEUTHUHAI,NOLOVENOLIFE,M Music Records,24,131,141,201969,2026-06-25,FALSE,-12,Rap/Hip-hop
144,spotify:track:6lRlM6bClcoOBLQi0zfA34,"HIEUTHUHAI, Hoàng Tôn",Chờ Tới Khi Anh Về,M Music Records,23,137,9,201726,2026-06-25,FALSE,-7,R&B/Soul
145,spotify:track:3lkfGCYBitMEXzwk6Alx9J,RPT MCK,Elegie,311synd.,145,-1,1,201470,2026-06-25,TRUE,NaN,Rap/Hip-hop
146,spotify:track:4ruk62afWx9OKRBndFAxjw,RPT MCK,Cảm Ơn,311synd.,146,-1,1,199794,2026-06-25,TRUE,NaN,Ballad
147,spotify:track:0rR27Ayle8G7sKoCt8OWUr,Dương Domic,Mất Kết Nối,DAO Entertainment,2,130,83,199710,2026-06-25,FALSE,-17,R&B/Soul
148,spotify:track:1r9gNSD1WUFscqTSA2Rcet,MAYDAYs,Hẹn Lần Sau,Universal Music Indochina Distributed Labels,13,97,27,199297,2026-06-25,FALSE,-51,Indie/Alternative
149,spotify:track:2Wjghh0RpiBquLsJ932X6R,Ronboogz,nhắn nhủ,MaiDao Music,14,126,132,199078,2026-06-25,FALSE,-23,Indie/Alternative
150,spotify:track:527UV7H9SbnmTVkxBVg56X,Sơn Tùng M-TP,Chắc Ai Đó Sẽ Về,Umusic Vietnam Co. Ltd. Distributed Labels,101,101,42,198945,2026-06-25,FALSE,-49,Pop
151,spotify:track:1hPbWyZnUPaeAWbOSKwkXJ,Quang Đăng Trần,Anh Đã Không Biết Cách Yêu Em,338ENT,9,107,47,198648,2026-06-25,FALSE,-44,Ballad
152,spotify:track:6KIhgRkprgyJNERRMu7Quh,MIN,Có Em Chờ,MIN,117,169,59,196986,2026-06-25,FALSE,17,Pop
153,spotify:track:5Bti0azlFhMattVY76qFr9,Vũ.,Lạ Lùng,WM Vietnam,17,133,429,196676,2026-06-25,FALSE,-20,Indie/Alternative
154,spotify:track:4YvtUhbDWbX3ky3MsUJWeU,RPT MCK,Nhìn Kẻ Thù Của Tao,311synd.,154,-1,1,196582,2026-06-25,TRUE,NaN,Rap/Hip-hop
155,spotify:track:7CyPwkp0oE8Ro9Dd5CUDjW,"The Weeknd, JENNIE, Lily-Rose Depp","One Of The Girls (with JENNIE, Lily Rose Depp)",XO / Republic Records,11,132,157,195605,2026-06-25,FALSE,-23,R&B/Soul
156,spotify:track:3qQO2MjAVYnfu1GwBX4M8F,RPT MCK,Ghet Xog Lai Thik,311synd.,156,-1,1,194531,2026-06-25,TRUE,NaN,Rap/Hip-hop
157,spotify:track:7fCeYpR02Q8JVuD88hJZVT,"Da LAB, Minh Tốc & Lam",Bầu Trời Mới,Universal Music Indochina Distributed Labels,8,124,90,194414,2026-06-25,FALSE,-33,Indie/Alternative
158,spotify:track:3LWVXp636uLT356Rj08Jaz,Jimin,Be Mine,BIGHIT MUSIC,7,-1,29,193937,2026-06-25,TRUE,NaN,R&B/Soul
159,spotify:track:7J9l9ebYB3IEs5ea5J1M7a,"Da LAB, Tóc Tiên",Nước Mắt Em Lau Bằng Tình Yêu Mới,MUNIZ MUSIC COMPANY LIMITED,107,116,122,193822,2026-06-25,FALSE,-43,Pop
160,spotify:track:6Q2oEdOhRjZ1DTv2a7j0lN,"PC, Dick, tofutns",Ghé Qua,12 trái lê,61,128,301,193700,2026-06-25,FALSE,-32,Rap/Hip-hop
161,spotify:track:3OLOtmRIxxLAVToh8M4P7N,"RPT MCK, RPT Orijinn, THANHDRAW",Huh (feat. RPT Orijinn & THANHDRAW),311synd.,161,-1,1,193147,2026-06-25,TRUE,NaN,Rap/Hip-hop
162,spotify:track:1LJyhnPdYGRLerwJd8CmL1,"Vũ., Dear Jane",Những Lời Hứa Bỏ Quên,WM Vietnam,1,134,132,193139,2026-06-25,FALSE,-28,Indie/Alternative
163,spotify:track:1zvL2X6HPrLfvtSY4DpopE,MIN,Em Mới Là Người Yêu Anh,MIN,1,145,162,192438,2026-06-25,FALSE,-18,Pop
164,spotify:track:4ZIwFLm8C7MUe7JR1G9CGa,"Dangrangto, DONAL, ZEXZEX",vùng vẫy,Higher Dimension,164,-1,1,191443,2026-06-25,TRUE,NaN,Indie/Alternative
165,spotify:track:7HoAJ6Hc1P91eoOrn1WY5d,"Đức Trường, BMZ, Kun",Đáng Lý Ra Phải Là Anh,BMZ,90,144,28,191381,2026-06-25,FALSE,-21,Ballad
166,spotify:track:0oL2jCTf9P9a7flY5mCpYu,"Wxrdie, JustaTee",Trở Về,Universal Music Indochina Distributed Labels,54,110,69,191338,2026-06-25,FALSE,-56,Rap/Hip-hop
167,spotify:track:54UNNgtE3zzERwTuWSQLqd,"MONSTAR, GREY D, VƯƠNG BÌNH",có hẹn với thanh xuân,Yin Yang Media,5,111,180,190732,2026-06-25,FALSE,-56,R&B/Soul
168,spotify:track:1i5SZL7Ngz0sYFaKmwieyw,"Quang Hùng MasterD, Low G, Hino",Chất Gây Hại,M Music Records,16,123,27,190622,2026-06-25,FALSE,-45,Rap/Hip-hop
169,spotify:track:5XfGQZA0ioQAWUjlyJRcHc,"Shiki, Obito",1000 Ánh Mắt,12 trái lê,8,142,104,188823,2026-06-25,FALSE,-27,Rap/Hip-hop
170,spotify:track:5x5Vx0Musv3LSUKzjY73mA,"Sơn Tùng M-TP, Snoop Dogg",Hãy Trao Cho Anh,Umusic Vietnam Co. Ltd. Distributed Labels,1,80,153,188446,2026-06-25,FALSE,-90,EDM/Dance
171,spotify:track:7AD5F85waSb3yZxZxEXhJM,"Tóc Tiên, Touliver",Có Ai Thương Em Như Anh,Yin Yang Media,20,181,151,187672,2026-06-25,FALSE,10,EDM/Dance
172,spotify:track:2ppLwHSMgDGEQ5c8o6nAX2,Low G,Simp Gái 808,M Music Records,9,129,141,187219,2026-06-25,FALSE,-43,Rap/Hip-hop
173,spotify:track:2G5ujw3rrWcAXQqT8PVnrz,"Obito, Shiki, Lăng LD",Đầu Đường Xó Chợ,12 trái lê,39,141,87,185595,2026-06-25,FALSE,-32,Rap/Hip-hop
174,spotify:track:2vKNzC9T3kdU2JECcvob3V,CORTIS,YOUNGCREATORCREW,Republic Records – CORTIS,58,-1,5,182792,2026-06-25,TRUE,NaN,Pop
175,spotify:track:7q1qYSyRkGT4ZaCc2ZQihP,"Hoàng Tôn, Koo",Em Còn Nhớ Anh Không - Remastered,Hoàng Tôn,69,112,63,182643,2026-06-25,FALSE,-63,Ballad
176,spotify:track:6TGwaBlfUGVoeZMBLzvXGP,"Dangrangto, DONAL",thế giới của anh,Higher Dimension,50,122,21,181651,2026-06-25,FALSE,-54,Indie/Alternative
177,spotify:track:2MaQyCgCkHDodQeO54XT8i,GREY D,1001 câu trả lời,Umusic Vietnam Co. Ltd. Distributed Labels,177,-1,1,179758,2026-06-25,TRUE,NaN,R&B/Soul
178,spotify:track:5PGh9MyKry8slG5AfvD1eD,"Obito, Shiki, VSTRA",Hà Nội,12 trái lê,10,152,142,179091,2026-06-25,FALSE,-26,Rap/Hip-hop
179,spotify:track:2FXmXlTqGYhglWhS00u4ZS,"RPT MCK, THANHDRAW",Envy (feat. THANHDRAW),311synd.,179,-1,1,177976,2026-06-25,TRUE,NaN,Rap/Hip-hop
180,spotify:track:3b34161QoxLwsqhWSPy9i5,Da LAB,Thanh Xuân,Sony Music Entertainment,1,150,406,177788,2026-06-25,FALSE,-30,Indie/Alternative
181,spotify:track:59c2xv2kMzYM6HR9oY6BIa,Malcolm Todd,Sweet Boy,Columbia,181,183,2,176930,2026-06-25,FALSE,2,R&B/Soul
182,spotify:track:3bmpXHVie1GTy37OkXJ7Vc,BTS,2.0,BIGHIT MUSIC,11,73,14,176677,2026-06-25,FALSE,-109,Rap/Hip-hop
183,spotify:track:5oFEvbM7lGnx8jfAkuhVyo,"AMEE, RPT MCK",MỘNG YU,Yin Yang Media,3,168,81,175872,2026-06-25,FALSE,-15,R&B/Soul
184,spotify:track:2dPJtlvoa3GDowCh035M8P,Vũ.,Nếu Những Tiếc Nuối,WM Vietnam,33,102,62,175576,2026-06-25,FALSE,-82,Indie/Alternative
185,spotify:track:2GE2p2dFpxp7OIz2QOFBzW,"ANH TRAI ""SAY HI"", HURRYKNG, HIEUTHUHAI, Negav, Pháp Kiều, Isaac","KIM PHÚT, KIM GIỜ (feat. HURRYKNG, HIEUTHUHAI, Negav, Pháp Kiều & Isaac)",Anh Trai Say Hi,5,164,87,172349,2026-06-25,FALSE,-21,Rap/Hip-hop
186,spotify:track:317Lh6QCAz9JpWbV3oxrCf,"Phùng Khánh Linh, Thành Luke",EM ĐAU,BLACK SWAN LABEL LLC.,62,136,24,172293,2026-06-25,FALSE,-50,Ballad
187,spotify:track:2pBZoglJzsRk4UeVey8n0k,Việt Anh,Ngày Này Năm Ấy,338ENT,17,151,46,172222,2026-06-25,FALSE,-36,Ballad
188,spotify:track:6sUXtdG33WW3qANi8phOON,"Fishy, Trí Dũng",Forget Me Now,LOOPS Music,126,196,43,171873,2026-06-25,FALSE,8,R&B/Soul
189,spotify:track:5BJqg07SKgmFnVLOBmLFvq,Bùi Anh Tuấn,"Hẹn Một Mai - From"" 4 Năm 2 Chàng 1 Tình Yêu""",1LABEL,109,115,62,171289,2026-06-25,FALSE,-74,Ballad
190,spotify:track:0hB27T4dy9qBUcZabsrLOj,HIEUTHUHAI,Dạo Gần Đây Anh Thấy Anh Không Bằng Ai Hết,M Music Records,16,173,9,171102,2026-06-25,FALSE,-17,Rap/Hip-hop
191,spotify:track:0jHpGB1Xt2kIX0VaPFvStp,"Tùng TeA, PC, TaynguyenSound",Già Cùng Nhau Là Được,12 trái lê,70,166,151,170981,2026-06-25,FALSE,-25,Rap/Hip-hop
192,spotify:track:0vbmSk6huZt5H6vhpfI6BX,Kiều Anh,Lá Ngọc Cành Vàng,Umusic Vietnam Co. Ltd. Distributed Labels,192,-1,1,170243,2026-06-25,TRUE,NaN,Khác
193,spotify:track:2kt7udEZmN2kj1Jsl118zY,Wxrdie,0 AI NGHĨ,M Music Records,92,178,35,170093,2026-06-25,FALSE,-15,Rap/Hip-hop
194,spotify:track:5U30iZBlmxkpHqzb1OSnBS,Rhymastic,Yêu 5,WM Vietnam,77,160,229,169823,2026-06-25,FALSE,-34,R&B/Soul
195,spotify:track:4qYfRfSxsmhJ1WMaywtLyI,"Wren Evans, itsnk",Từng Quen,Universal Music Indochina,1,-1,125,169193,2026-06-25,TRUE,NaN,R&B/Soul
196,spotify:track:3gLRyMbg5nWLcuKD46Uz72,Phương Ly,Anh Là Ai,PHUONG LY,109,171,39,168825,2026-06-25,FALSE,-25,Pop
197,spotify:track:2uxjHthUJd2A8PmWaUGGsI,"Hoàng Dũng, Hoàng Rob",Chờ Anh Nhé,Lirico Entertainment,99,155,54,168659,2026-06-25,FALSE,-42,Indie/Alternative
198,spotify:track:3ZbZtdEw9U0uZW4tZItIwq,"RHYDER, CoolKid, BAN",Chịu Cách Mình Nói Thua,RHYDER,6,156,126,168655,2026-06-25,FALSE,-42,Rap/Hip-hop
199,spotify:track:0AdC9Nk4qMUQjqjvkdReUf,"Dangrangto, DONAL",wrong times (interlude),Higher Dimension,199,-1,1,167832,2026-06-25,TRUE,NaN,Indie/Alternative
200,spotify:track:6qgATU8r0ZPcPFPtZ5qA7B,Long Cao,Em Của Anh Đừng Của Ai!,Long Cao,107,121,8,167804,2026-06-25,FALSE,-79,Pop