rank,uri,artist_names,track_name,source,peak_rank,previous_rank,weeks_on_chart,streams,chart_week,is_new_entry,rank_change,genre,song_key,week_index,next_chart_week,streams_next_week,days_to_next_week,previous_rank_model,rank_change_model,is_new_entry_model
74,spotify:track:01qFKNWq73UfEslI0GvumE,"Jung Kook, Jack Harlow",3D (feat. Jack Harlow),BIGHIT MUSIC,2,27,131,281238,2026-04-09,False,-47.0,Pop,"3d (feat. jack harlow) - jung kook, jack harlow",1,2026-04-16,376800.0,7.0,27,-47.0,0
34,spotify:track:01qFKNWq73UfEslI0GvumE,"Jung Kook, Jack Harlow",3D (feat. Jack Harlow),BIGHIT MUSIC,2,74,132,376800,2026-04-16,False,40.0,Pop,"3d (feat. jack harlow) - jung kook, jack harlow",2,2026-04-23,417210.0,7.0,74,40.0,0
32,spotify:track:01qFKNWq73UfEslI0GvumE,"Jung Kook, Jack Harlow",3D (feat. Jack Harlow),BIGHIT MUSIC,2,34,133,417210,2026-04-23,False,2.0,Pop,"3d (feat. jack harlow) - jung kook, jack harlow",3,2026-04-30,366869.0,7.0,34,2.0,0
43,spotify:track:01qFKNWq73UfEslI0GvumE,"Jung Kook, Jack Harlow",3D (feat. Jack Harlow),BIGHIT MUSIC,2,32,134,366869,2026-04-30,False,-11.0,Pop,"3d (feat. jack harlow) - jung kook, jack harlow",4,2026-05-07,317591.0,7.0,32,-11.0,0
55,spotify:track:01qFKNWq73UfEslI0GvumE,"Jung Kook, Jack Harlow",3D (feat. Jack Harlow),BIGHIT MUSIC,2,43,135,317591,2026-05-07,False,-12.0,Pop,"3d (feat. jack harlow) - jung kook, jack harlow",5,2026-05-14,304308.0,7.0,43,-12.0,0
57,spotify:track:01qFKNWq73UfEslI0GvumE,"Jung Kook, Jack Harlow",3D (feat. Jack Harlow),BIGHIT MUSIC,2,55,136,304308,2026-05-14,False,-2.0,Pop,"3d (feat. jack harlow) - jung kook, jack harlow",6,2026-05-21,319626.0,7.0,55,-2.0,0
50,spotify:track:01qFKNWq73UfEslI0GvumE,"Jung Kook, Jack Harlow",3D (feat. Jack Harlow),BIGHIT MUSIC,2,57,137,319626,2026-05-21,False,7.0,Pop,"3d (feat. jack harlow) - jung kook, jack harlow",7,2026-05-28,299419.0,7.0,57,7.0,0
56,spotify:track:01qFKNWq73UfEslI0GvumE,"Jung Kook, Jack Harlow",3D (feat. Jack Harlow),BIGHIT MUSIC,2,50,138,299419,2026-05-28,False,-6.0,Pop,"3d (feat. jack harlow) - jung kook, jack harlow",8,2026-06-04,268667.0,7.0,50,-6.0,0
77,spotify:track:01qFKNWq73UfEslI0GvumE,"Jung Kook, Jack Harlow",3D (feat. Jack Harlow),BIGHIT MUSIC,2,56,139,268667,2026-06-04,False,-21.0,Pop,"3d (feat. jack harlow) - jung kook, jack harlow",9,2026-06-11,261685.0,7.0,56,-21.0,0
142,spotify:track:0669gFIK8dYK9GGQ0K0QNF,Dương Domic,Tràn Bộ Nhớ,DAO Entertainment,7,109,72,201486,2026-04-09,False,-33.0,R&B/Soul,tràn bộ nhớ - dương domic,1,2026-04-16,187692.0,7.0,109,-33.0,0
156,spotify:track:0669gFIK8dYK9GGQ0K0QNF,Dương Domic,Tràn Bộ Nhớ,DAO Entertainment,7,142,73,187692,2026-04-16,False,-14.0,R&B/Soul,tràn bộ nhớ - dương domic,2,2026-04-23,197773.0,7.0,142,-14.0,0
151,spotify:track:0669gFIK8dYK9GGQ0K0QNF,Dương Domic,Tràn Bộ Nhớ,DAO Entertainment,7,156,74,197773,2026-04-23,False,5.0,R&B/Soul,tràn bộ nhớ - dương domic,3,2026-04-30,187297.0,7.0,156,5.0,0
188,spotify:track:08ULi904W2Po6pVj8nN7KC,"GREY D, Chillies",đưa em về nhàa,Umusic Vietnam Co. Ltd. Distributed Labels,3,-1,157,163550,2026-05-14,True,,R&B/Soul,"đưa em về nhàa - grey d, chillies",6,2026-05-21,165093.0,7.0,201,0.0,1
184,spotify:track:08ULi904W2Po6pVj8nN7KC,"GREY D, Chillies",đưa em về nhàa,Umusic Vietnam Co. Ltd. Distributed Labels,3,188,158,165093,2026-05-21,False,4.0,R&B/Soul,"đưa em về nhàa - grey d, chillies",7,2026-05-28,171535.0,7.0,188,4.0,0
175,spotify:track:09CtPGIpYB4BrO8qb1RGsF,Justin Bieber,Sorry,RBMG/Def Jam,175,-1,2,174449,2026-04-16,True,,EDM/Dance,sorry - justin bieber,2,2026-04-23,264479.0,7.0,201,0.0,1
84,spotify:track:09CtPGIpYB4BrO8qb1RGsF,Justin Bieber,Sorry,RBMG/Def Jam,84,175,3,264479,2026-04-23,False,91.0,EDM/Dance,sorry - justin bieber,3,2026-04-30,199551.0,7.0,175,91.0,0
28,spotify:track:0GXZXSDFSbJjqdGifjSaig,buitruonglinh,Sớm Như Vậy,Umusic Vietnam Co. Ltd. Distributed Labels,28,-1,1,419819,2026-04-16,True,,Indie/Alternative,sớm như vậy - buitruonglinh,2,2026-04-23,499112.0,7.0,201,0.0,1
19,spotify:track:0GXZXSDFSbJjqdGifjSaig,buitruonglinh,Sớm Như Vậy,Umusic Vietnam Co. Ltd. Distributed Labels,19,28,2,499112,2026-04-23,False,9.0,Indie/Alternative,sớm như vậy - buitruonglinh,3,2026-04-30,415674.0,7.0,28,9.0,0
31,spotify:track:0GXZXSDFSbJjqdGifjSaig,buitruonglinh,Sớm Như Vậy,Umusic Vietnam Co. Ltd. Distributed Labels,19,19,3,415674,2026-04-30,False,-12.0,Indie/Alternative,sớm như vậy - buitruonglinh,4,2026-05-07,352431.0,7.0,19,-12.0,0
40,spotify:track:0GXZXSDFSbJjqdGifjSaig,buitruonglinh,Sớm Như Vậy,Umusic Vietnam Co. Ltd. Distributed Labels,19,31,4,352431,2026-05-07,False,-9.0,Indie/Alternative,sớm như vậy - buitruonglinh,5,2026-05-14,236355.0,7.0,31,-9.0,0
101,spotify:track:0GXZXSDFSbJjqdGifjSaig,buitruonglinh,Sớm Như Vậy,Umusic Vietnam Co. Ltd. Distributed Labels,19,40,5,236355,2026-05-14,False,-61.0,Indie/Alternative,sớm như vậy - buitruonglinh,6,2026-05-21,235533.0,7.0,40,-61.0,0
97,spotify:track:0GXZXSDFSbJjqdGifjSaig,buitruonglinh,Sớm Như Vậy,Umusic Vietnam Co. Ltd. Distributed Labels,19,101,6,235533,2026-05-21,False,4.0,Indie/Alternative,sớm như vậy - buitruonglinh,7,2026-05-28,197626.0,7.0,101,4.0,0
129,spotify:track:0GXZXSDFSbJjqdGifjSaig,buitruonglinh,Sớm Như Vậy,Umusic Vietnam Co. Ltd. Distributed Labels,19,97,7,197626,2026-05-28,False,-32.0,Indie/Alternative,sớm như vậy - buitruonglinh,8,2026-06-04,196685.0,7.0,97,-32.0,0
83,spotify:track:0Gi23nmOQ0eaPASq2VoMOW,RIO,vạn vật như muốn ta bên nhau,DAO Entertainment,6,35,58,259190,2026-05-21,False,-48.0,Indie/Alternative,vạn vật như muốn ta bên nhau - rio,7,2026-05-28,241806.0,7.0,35,-48.0,0
85,spotify:track:0Gi23nmOQ0eaPASq2VoMOW,RIO,vạn vật như muốn ta bên nhau,DAO Entertainment,6,83,59,241806,2026-05-28,False,-2.0,Indie/Alternative,vạn vật như muốn ta bên nhau - rio,8,2026-06-04,240458.0,7.0,83,-2.0,0
96,spotify:track:0Gi23nmOQ0eaPASq2VoMOW,RIO,vạn vật như muốn ta bên nhau,DAO Entertainment,6,85,60,240458,2026-06-04,False,-11.0,Indie/Alternative,vạn vật như muốn ta bên nhau - rio,9,2026-06-11,235528.0,7.0,85,-11.0,0
104,spotify:track:0JKEP4dB1riE6l7Kq5kJm1,Chillies,Em Đừng Khóc,WM Vietnam,3,105,61,238649,2026-04-09,False,1.0,Indie/Alternative,em đừng khóc - chillies,1,2026-04-16,236575.0,7.0,105,1.0,0
99,spotify:track:0JKEP4dB1riE6l7Kq5kJm1,Chillies,Em Đừng Khóc,WM Vietnam,3,104,62,236575,2026-04-16,False,5.0,Indie/Alternative,em đừng khóc - chillies,2,2026-04-23,236332.0,7.0,104,5.0,0
100,spotify:track:0JKEP4dB1riE6l7Kq5kJm1,Chillies,Em Đừng Khóc,WM Vietnam,3,99,63,236332,2026-04-23,False,-1.0,Indie/Alternative,em đừng khóc - chillies,3,2026-04-30,240476.0,7.0,99,-1.0,0
102,spotify:track:0JKEP4dB1riE6l7Kq5kJm1,Chillies,Em Đừng Khóc,WM Vietnam,3,100,64,240476,2026-04-30,False,-2.0,Indie/Alternative,em đừng khóc - chillies,4,2026-05-07,242139.0,7.0,100,-2.0,0
98,spotify:track:0JKEP4dB1riE6l7Kq5kJm1,Chillies,Em Đừng Khóc,WM Vietnam,3,102,65,242139,2026-05-07,False,4.0,Indie/Alternative,em đừng khóc - chillies,5,2026-05-14,238973.0,7.0,102,4.0,0
98,spotify:track:0JKEP4dB1riE6l7Kq5kJm1,Chillies,Em Đừng Khóc,WM Vietnam,3,98,66,238973,2026-05-14,False,0.0,Indie/Alternative,em đừng khóc - chillies,6,2026-05-21,235209.0,7.0,98,0.0,0
98,spotify:track:0JKEP4dB1riE6l7Kq5kJm1,Chillies,Em Đừng Khóc,WM Vietnam,3,98,67,235209,2026-05-21,False,0.0,Indie/Alternative,em đừng khóc - chillies,7,2026-05-28,233586.0,7.0,98,0.0,0
100,spotify:track:0JKEP4dB1riE6l7Kq5kJm1,Chillies,Em Đừng Khóc,WM Vietnam,3,98,68,233586,2026-05-28,False,-2.0,Indie/Alternative,em đừng khóc - chillies,8,2026-06-04,258727.0,7.0,98,-2.0,0
82,spotify:track:0JKEP4dB1riE6l7Kq5kJm1,Chillies,Em Đừng Khóc,WM Vietnam,3,100,69,258727,2026-06-04,False,18.0,Indie/Alternative,em đừng khóc - chillies,9,2026-06-11,223286.0,7.0,100,18.0,0
92,spotify:track:0KA8tBqZ81mBe2po59GK5j,Đỗ Hoàng Long,Trạng Thái Mộng Mơ,Umusic Vietnam Co. Ltd. Distributed Labels,92,119,7,246881,2026-04-09,False,27.0,Indie/Alternative,trạng thái mộng mơ - đỗ hoàng long,1,2026-04-16,234313.0,7.0,119,27.0,0
104,spotify:track:0KA8tBqZ81mBe2po59GK5j,Đỗ Hoàng Long,Trạng Thái Mộng Mơ,Umusic Vietnam Co. Ltd. Distributed Labels,92,92,8,234313,2026-04-16,False,-12.0,Indie/Alternative,trạng thái mộng mơ - đỗ hoàng long,2,2026-04-23,244791.0,7.0,92,-12.0,0
93,spotify:track:0KA8tBqZ81mBe2po59GK5j,Đỗ Hoàng Long,Trạng Thái Mộng Mơ,Umusic Vietnam Co. Ltd. Distributed Labels,92,104,9,244791,2026-04-23,False,11.0,Indie/Alternative,trạng thái mộng mơ - đỗ hoàng long,3,2026-04-30,228975.0,7.0,104,11.0,0
110,spotify:track:0KA8tBqZ81mBe2po59GK5j,Đỗ Hoàng Long,Trạng Thái Mộng Mơ,Umusic Vietnam Co. Ltd. Distributed Labels,92,93,10,228975,2026-04-30,False,-17.0,Indie/Alternative,trạng thái mộng mơ - đỗ hoàng long,4,2026-05-07,216766.0,7.0,93,-17.0,0
121,spotify:track:0KA8tBqZ81mBe2po59GK5j,Đỗ Hoàng Long,Trạng Thái Mộng Mơ,Umusic Vietnam Co. Ltd. Distributed Labels,92,110,11,216766,2026-05-07,False,-11.0,Indie/Alternative,trạng thái mộng mơ - đỗ hoàng long,5,2026-05-14,212796.0,7.0,110,-11.0,0
124,spotify:track:0KA8tBqZ81mBe2po59GK5j,Đỗ Hoàng Long,Trạng Thái Mộng Mơ,Umusic Vietnam Co. Ltd. Distributed Labels,92,121,12,212796,2026-05-14,False,-3.0,Indie/Alternative,trạng thái mộng mơ - đỗ hoàng long,6,2026-05-21,217341.0,7.0,121,-3.0,0
115,spotify:track:0KA8tBqZ81mBe2po59GK5j,Đỗ Hoàng Long,Trạng Thái Mộng Mơ,Umusic Vietnam Co. Ltd. Distributed Labels,92,124,13,217341,2026-05-21,False,9.0,Indie/Alternative,trạng thái mộng mơ - đỗ hoàng long,7,2026-05-28,213070.0,7.0,124,9.0,0
116,spotify:track:0KA8tBqZ81mBe2po59GK5j,Đỗ Hoàng Long,Trạng Thái Mộng Mơ,Umusic Vietnam Co. Ltd. Distributed Labels,92,115,14,213070,2026-05-28,False,-1.0,Indie/Alternative,trạng thái mộng mơ - đỗ hoàng long,8,2026-06-04,176671.0,7.0,115,-1.0,0
166,spotify:track:0KA8tBqZ81mBe2po59GK5j,Đỗ Hoàng Long,Trạng Thái Mộng Mơ,Umusic Vietnam Co. Ltd. Distributed Labels,92,116,15,176671,2026-06-04,False,-50.0,Indie/Alternative,trạng thái mộng mơ - đỗ hoàng long,9,2026-06-11,169732.0,7.0,116,-50.0,0
119,spotify:track:0KmrKOdScRDVYwWS8hkkdv,BTS,FYA,BIGHIT MUSIC,9,61,3,222026,2026-04-09,False,-58.0,Pop,fya - bts,1,2026-04-16,181068.0,7.0,61,-58.0,0
165,spotify:track:0KmrKOdScRDVYwWS8hkkdv,BTS,FYA,BIGHIT MUSIC,9,119,4,181068,2026-04-16,False,-46.0,Pop,fya - bts,2,2026-04-23,162437.0,7.0,119,-46.0,0
23,spotify:track:0NyrI1tMvqcK3vU5z9DMdI,JustaTee,She Neva Knows,NGUYEN THANH TUAN,21,21,10,502099,2026-04-09,False,-2.0,R&B/Soul,she neva knows - justatee,1,2026-04-16,547462.0,7.0,21,-2.0,0
13,spotify:track:0NyrI1tMvqcK3vU5z9DMdI,JustaTee,She Neva Knows,NGUYEN THANH TUAN,13,23,11,547462,2026-04-16,False,10.0,R&B/Soul,she neva knows - justatee,2,2026-04-23,610624.0,7.0,23,10.0,0
14,spotify:track:0NyrI1tMvqcK3vU5z9DMdI,JustaTee,She Neva Knows,NGUYEN THANH TUAN,13,13,12,610624,2026-04-23,False,-1.0,R&B/Soul,she neva knows - justatee,3,2026-04-30,550133.0,7.0,13,-1.0,0
13,spotify:track:0NyrI1tMvqcK3vU5z9DMdI,JustaTee,She Neva Knows,NGUYEN THANH TUAN,13,14,13,550133,2026-04-30,False,1.0,R&B/Soul,she neva knows - justatee,4,2026-05-07,493520.0,7.0,14,1.0,0
15,spotify:track:0NyrI1tMvqcK3vU5z9DMdI,JustaTee,She Neva Knows,NGUYEN THANH TUAN,13,13,14,493520,2026-05-07,False,-2.0,R&B/Soul,she neva knows - justatee,5,2026-05-14,512446.0,7.0,13,-2.0,0
12,spotify:track:0NyrI1tMvqcK3vU5z9DMdI,JustaTee,She Neva Knows,NGUYEN THANH TUAN,12,15,15,512446,2026-05-14,False,3.0,R&B/Soul,she neva knows - justatee,6,2026-05-21,537065.0,7.0,15,3.0,0
13,spotify:track:0NyrI1tMvqcK3vU5z9DMdI,JustaTee,She Neva Knows,NGUYEN THANH TUAN,12,12,16,537065,2026-05-21,False,-1.0,R&B/Soul,she neva knows - justatee,7,2026-05-28,626048.0,7.0,12,-1.0,0
10,spotify:track:0NyrI1tMvqcK3vU5z9DMdI,JustaTee,She Neva Knows,NGUYEN THANH TUAN,10,13,17,626048,2026-05-28,False,3.0,R&B/Soul,she neva knows - justatee,8,2026-06-04,612831.0,7.0,13,3.0,0
12,spotify:track:0NyrI1tMvqcK3vU5z9DMdI,JustaTee,She Neva Knows,NGUYEN THANH TUAN,10,10,18,612831,2026-06-04,False,-2.0,R&B/Soul,she neva knows - justatee,9,2026-06-11,529316.0,7.0,10,-2.0,0
109,spotify:track:0SmQ0UWeiHKQtxUej4Rem6,SOOBIN,Tháng Năm,Spacespeakers,6,104,177,235568,2026-04-09,False,-5.0,Pop,tháng năm - soobin,1,2026-04-16,225181.0,7.0,104,-5.0,0
109,spotify:track:0SmQ0UWeiHKQtxUej4Rem6,SOOBIN,Tháng Năm,Spacespeakers,6,109,178,225181,2026-04-16,False,0.0,Pop,tháng năm - soobin,2,2026-04-23,236261.0,7.0,109,0.0,0
101,spotify:track:0SmQ0UWeiHKQtxUej4Rem6,SOOBIN,Tháng Năm,Spacespeakers,6,109,179,236261,2026-04-23,False,8.0,Pop,tháng năm - soobin,3,2026-04-30,212263.0,7.0,109,8.0,0
132,spotify:track:0SmQ0UWeiHKQtxUej4Rem6,SOOBIN,Tháng Năm,Spacespeakers,6,101,180,212263,2026-04-30,False,-31.0,Pop,tháng năm - soobin,4,2026-05-07,226947.0,7.0,101,-31.0,0
112,spotify:track:0SmQ0UWeiHKQtxUej4Rem6,SOOBIN,Tháng Năm,Spacespeakers,6,132,181,226947,2026-05-07,False,20.0,Pop,tháng năm - soobin,5,2026-05-14,232673.0,7.0,132,20.0,0
105,spotify:track:0SmQ0UWeiHKQtxUej4Rem6,SOOBIN,Tháng Năm,Spacespeakers,6,112,182,232673,2026-05-14,False,7.0,Pop,tháng năm - soobin,6,2026-05-21,255112.0,7.0,112,7.0,0
85,spotify:track:0SmQ0UWeiHKQtxUej4Rem6,SOOBIN,Tháng Năm,Spacespeakers,6,105,183,255112,2026-05-21,False,20.0,Pop,tháng năm - soobin,7,2026-05-28,240962.0,7.0,105,20.0,0
90,spotify:track:0SmQ0UWeiHKQtxUej4Rem6,SOOBIN,Tháng Năm,Spacespeakers,6,85,184,240962,2026-05-28,False,-5.0,Pop,tháng năm - soobin,8,2026-06-04,247051.0,7.0,85,-5.0,0
89,spotify:track:0SmQ0UWeiHKQtxUej4Rem6,SOOBIN,Tháng Năm,Spacespeakers,6,90,185,247051,2026-06-04,False,1.0,Pop,tháng năm - soobin,9,2026-06-11,224778.0,7.0,90,1.0,0
4,spotify:track:0a32EBPjqAe47cYDPE5Ia5,"Binz, SOOBIN",Em (feat. SOOBIN),SS LABEL,4,-1,1,857352,2026-05-28,True,,R&B/Soul,"em (feat. soobin) - binz, soobin",8,2026-06-04,1491786.0,7.0,201,0.0,1
4,spotify:track:0a32EBPjqAe47cYDPE5Ia5,"Binz, SOOBIN",Em (feat. SOOBIN),SS LABEL,4,4,2,1491786,2026-06-04,False,0.0,R&B/Soul,"em (feat. soobin) - binz, soobin",9,2026-06-11,1360614.0,7.0,4,0.0,0
193,spotify:track:0aPZbnkMoWJaJ5CNVLCj8S,Justin Bieber,That Should Be Me,RBMG/Def Jam,193,-1,1,164823,2026-04-16,True,,Ballad,that should be me - justin bieber,2,2026-04-23,331748.0,7.0,201,0.0,1
53,spotify:track:0aPZbnkMoWJaJ5CNVLCj8S,Justin Bieber,That Should Be Me,RBMG/Def Jam,53,193,2,331748,2026-04-23,False,140.0,Ballad,that should be me - justin bieber,3,2026-04-30,259069.0,7.0,193,140.0,0
88,spotify:track:0aPZbnkMoWJaJ5CNVLCj8S,Justin Bieber,That Should Be Me,RBMG/Def Jam,53,53,3,259069,2026-04-30,False,-35.0,Ballad,that should be me - justin bieber,4,2026-05-07,202319.0,7.0,53,-35.0,0
131,spotify:track:0aPZbnkMoWJaJ5CNVLCj8S,Justin Bieber,That Should Be Me,RBMG/Def Jam,53,88,4,202319,2026-05-07,False,-43.0,Ballad,that should be me - justin bieber,5,2026-05-14,175831.0,7.0,88,-43.0,0
127,spotify:track:0b61A7v9agI08BG21jJPQ9,BTS,they don’t know ’bout us,BIGHIT MUSIC,16,72,3,217411,2026-04-09,False,-55.0,Pop,they don’t know ’bout us - bts,1,2026-04-16,189906.0,7.0,72,-55.0,0
152,spotify:track:0b61A7v9agI08BG21jJPQ9,BTS,they don’t know ’bout us,BIGHIT MUSIC,16,127,4,189906,2026-04-16,False,-25.0,Pop,they don’t know ’bout us - bts,2,2026-04-23,169648.0,7.0,127,-25.0,0
45,spotify:track:0e6fZkLArSmDIHnZcIua7t,"Vũ., Low G",Không Yêu Em Thì Yêu Ai?,WM Vietnam,19,52,80,345287,2026-04-09,False,7.0,Indie/Alternative,"không yêu em thì yêu ai? - vũ., low g",1,2026-04-16,326999.0,7.0,52,7.0,0
54,spotify:track:0e6fZkLArSmDIHnZcIua7t,"Vũ., Low G",Không Yêu Em Thì Yêu Ai?,WM Vietnam,19,45,81,326999,2026-04-16,False,-9.0,Indie/Alternative,"không yêu em thì yêu ai? - vũ., low g",2,2026-04-23,308050.0,7.0,45,-9.0,0
70,spotify:track:0e6fZkLArSmDIHnZcIua7t,"Vũ., Low G",Không Yêu Em Thì Yêu Ai?,WM Vietnam,19,54,82,308050,2026-04-23,False,-16.0,Indie/Alternative,"không yêu em thì yêu ai? - vũ., low g",3,2026-04-30,311818.0,7.0,54,-16.0,0
63,spotify:track:0e6fZkLArSmDIHnZcIua7t,"Vũ., Low G",Không Yêu Em Thì Yêu Ai?,WM Vietnam,19,70,83,311818,2026-04-30,False,7.0,Indie/Alternative,"không yêu em thì yêu ai? - vũ., low g",4,2026-05-07,290559.0,7.0,70,7.0,0
68,spotify:track:0e6fZkLArSmDIHnZcIua7t,"Vũ., Low G",Không Yêu Em Thì Yêu Ai?,WM Vietnam,19,63,84,290559,2026-05-07,False,-5.0,Indie/Alternative,"không yêu em thì yêu ai? - vũ., low g",5,2026-05-14,295924.0,7.0,63,-5.0,0
62,spotify:track:0e6fZkLArSmDIHnZcIua7t,"Vũ., Low G",Không Yêu Em Thì Yêu Ai?,WM Vietnam,19,68,85,295924,2026-05-14,False,6.0,Indie/Alternative,"không yêu em thì yêu ai? - vũ., low g",6,2026-05-21,285982.0,7.0,68,6.0,0
64,spotify:track:0e6fZkLArSmDIHnZcIua7t,"Vũ., Low G",Không Yêu Em Thì Yêu Ai?,WM Vietnam,19,62,86,285982,2026-05-21,False,-2.0,Indie/Alternative,"không yêu em thì yêu ai? - vũ., low g",7,2026-05-28,263856.0,7.0,62,-2.0,0
74,spotify:track:0e6fZkLArSmDIHnZcIua7t,"Vũ., Low G",Không Yêu Em Thì Yêu Ai?,WM Vietnam,19,64,87,263856,2026-05-28,False,-10.0,Indie/Alternative,"không yêu em thì yêu ai? - vũ., low g",8,2026-06-04,285188.0,7.0,64,-10.0,0
70,spotify:track:0e6fZkLArSmDIHnZcIua7t,"Vũ., Low G",Không Yêu Em Thì Yêu Ai?,WM Vietnam,19,74,88,285188,2026-06-04,False,4.0,Indie/Alternative,"không yêu em thì yêu ai? - vũ., low g",9,2026-06-11,287183.0,7.0,74,4.0,0
150,spotify:track:0eAuGrXyGFYwur9ARUe7LJ,Malcolm Todd,Earrings,Columbia,150,-1,1,194490,2026-04-30,True,,R&B/Soul,earrings - malcolm todd,4,2026-05-07,229997.0,7.0,201,0.0,1
108,spotify:track:0eAuGrXyGFYwur9ARUe7LJ,Malcolm Todd,Earrings,Columbia,108,150,2,229997,2026-05-07,False,42.0,R&B/Soul,earrings - malcolm todd,5,2026-05-14,240651.0,7.0,150,42.0,0
96,spotify:track:0eAuGrXyGFYwur9ARUe7LJ,Malcolm Todd,Earrings,Columbia,96,108,3,240651,2026-05-14,False,12.0,R&B/Soul,earrings - malcolm todd,6,2026-05-21,254937.0,7.0,108,12.0,0
86,spotify:track:0eAuGrXyGFYwur9ARUe7LJ,Malcolm Todd,Earrings,Columbia,86,96,4,254937,2026-05-21,False,10.0,R&B/Soul,earrings - malcolm todd,7,2026-05-28,270536.0,7.0,96,10.0,0
70,spotify:track:0eAuGrXyGFYwur9ARUe7LJ,Malcolm Todd,Earrings,Columbia,70,86,5,270536,2026-05-28,False,16.0,R&B/Soul,earrings - malcolm todd,8,2026-06-04,297284.0,7.0,86,16.0,0
62,spotify:track:0eAuGrXyGFYwur9ARUe7LJ,Malcolm Todd,Earrings,Columbia,62,70,6,297284,2026-06-04,False,8.0,R&B/Soul,earrings - malcolm todd,9,2026-06-11,344378.0,7.0,70,8.0,0
53,spotify:track:0fGJiHH6xSUJU1MAVjxq5m,"Karik, GDucky",Bạn Đời,WM Vietnam,5,70,132,330000,2026-04-09,False,17.0,Rap/Hip-hop,"bạn đời - karik, gducky",1,2026-04-16,328841.0,7.0,70,17.0,0
52,spotify:track:0fGJiHH6xSUJU1MAVjxq5m,"Karik, GDucky",Bạn Đời,WM Vietnam,5,53,133,328841,2026-04-16,False,1.0,Rap/Hip-hop,"bạn đời - karik, gducky",2,2026-04-23,327399.0,7.0,53,1.0,0
57,spotify:track:0fGJiHH6xSUJU1MAVjxq5m,"Karik, GDucky",Bạn Đời,WM Vietnam,5,52,134,327399,2026-04-23,False,-5.0,Rap/Hip-hop,"bạn đời - karik, gducky",3,2026-04-30,352490.0,7.0,52,-5.0,0
46,spotify:track:0fGJiHH6xSUJU1MAVjxq5m,"Karik, GDucky",Bạn Đời,WM Vietnam,5,57,135,352490,2026-04-30,False,11.0,Rap/Hip-hop,"bạn đời - karik, gducky",4,2026-05-07,387537.0,7.0,57,11.0,0
31,spotify:track:0fGJiHH6xSUJU1MAVjxq5m,"Karik, GDucky",Bạn Đời,WM Vietnam,5,46,136,387537,2026-05-07,False,15.0,Rap/Hip-hop,"bạn đời - karik, gducky",5,2026-05-14,354021.0,7.0,46,15.0,0
39,spotify:track:0fGJiHH6xSUJU1MAVjxq5m,"Karik, GDucky",Bạn Đời,WM Vietnam,5,31,137,354021,2026-05-14,False,-8.0,Rap/Hip-hop,"bạn đời - karik, gducky",6,2026-05-21,378123.0,7.0,31,-8.0,0
32,spotify:track:0fGJiHH6xSUJU1MAVjxq5m,"Karik, GDucky",Bạn Đời,WM Vietnam,5,39,138,378123,2026-05-21,False,7.0,Rap/Hip-hop,"bạn đời - karik, gducky",7,2026-05-28,368373.0,7.0,39,7.0,0
37,spotify:track:0fGJiHH6xSUJU1MAVjxq5m,"Karik, GDucky",Bạn Đời,WM Vietnam,5,32,139,368373,2026-05-28,False,-5.0,Rap/Hip-hop,"bạn đời - karik, gducky",8,2026-06-04,371023.0,7.0,32,-5.0,0
39,spotify:track:0fGJiHH6xSUJU1MAVjxq5m,"Karik, GDucky",Bạn Đời,WM Vietnam,5,37,140,371023,2026-06-04,False,-2.0,Rap/Hip-hop,"bạn đời - karik, gducky",9,2026-06-11,359273.0,7.0,37,-2.0,0
16,spotify:track:0hB27T4dy9qBUcZabsrLOj,HIEUTHUHAI,Dạo Gần Đây Anh Thấy Anh Không Bằng Ai Hết,M Music Records,16,-1,1,520034,2026-04-30,True,,Rap/Hip-hop,dạo gần đây anh thấy anh không bằng ai hết - hieuthuhai,4,2026-05-07,408858.0,7.0,201,0.0,1
26,spotify:track:0hB27T4dy9qBUcZabsrLOj,HIEUTHUHAI,Dạo Gần Đây Anh Thấy Anh Không Bằng Ai Hết,M Music Records,16,16,2,408858,2026-05-07,False,-10.0,Rap/Hip-hop,dạo gần đây anh thấy anh không bằng ai hết - hieuthuhai,5,2026-05-14,343067.0,7.0,16,-10.0,0
45,spotify:track:0hB27T4dy9qBUcZabsrLOj,HIEUTHUHAI,Dạo Gần Đây Anh Thấy Anh Không Bằng Ai Hết,M Music Records,16,26,3,343067,2026-05-14,False,-19.0,Rap/Hip-hop,dạo gần đây anh thấy anh không bằng ai hết - hieuthuhai,6,2026-05-21,276098.0,7.0,26,-19.0,0
68,spotify:track:0hB27T4dy9qBUcZabsrLOj,HIEUTHUHAI,Dạo Gần Đây Anh Thấy Anh Không Bằng Ai Hết,M Music Records,16,45,4,276098,2026-05-21,False,-23.0,Rap/Hip-hop,dạo gần đây anh thấy anh không bằng ai hết - hieuthuhai,7,2026-05-28,234613.0,7.0,45,-23.0,0
97,spotify:track:0hB27T4dy9qBUcZabsrLOj,HIEUTHUHAI,Dạo Gần Đây Anh Thấy Anh Không Bằng Ai Hết,M Music Records,16,68,5,234613,2026-05-28,False,-29.0,Rap/Hip-hop,dạo gần đây anh thấy anh không bằng ai hết - hieuthuhai,8,2026-06-04,200430.0,7.0,68,-29.0,0
133,spotify:track:0hB27T4dy9qBUcZabsrLOj,HIEUTHUHAI,Dạo Gần Đây Anh Thấy Anh Không Bằng Ai Hết,M Music Records,16,97,6,200430,2026-06-04,False,-36.0,Rap/Hip-hop,dạo gần đây anh thấy anh không bằng ai hết - hieuthuhai,9,2026-06-11,179019.0,7.0,97,-36.0,0
153,spotify:track:0jHpGB1Xt2kIX0VaPFvStp,"Tùng TeA, PC, TaynguyenSound",Già Cùng Nhau Là Được,12 trái lê,70,155,140,195160,2026-04-09,False,2.0,Rap/Hip-hop,"già cùng nhau là được - tùng tea, pc, taynguyensound",1,2026-04-16,194857.0,7.0,155,2.0,0
146,spotify:track:0jHpGB1Xt2kIX0VaPFvStp,"Tùng TeA, PC, TaynguyenSound",Già Cùng Nhau Là Được,12 trái lê,70,153,141,194857,2026-04-16,False,7.0,Rap/Hip-hop,"già cùng nhau là được - tùng tea, pc, taynguyensound",2,2026-04-23,200788.0,7.0,153,7.0,0
147,spotify:track:0jHpGB1Xt2kIX0VaPFvStp,"Tùng TeA, PC, TaynguyenSound",Già Cùng Nhau Là Được,12 trái lê,70,146,142,200788,2026-04-23,False,-1.0,Rap/Hip-hop,"già cùng nhau là được - tùng tea, pc, taynguyensound",3,2026-04-30,172456.0,7.0,146,-1.0,0
187,spotify:track:0jHpGB1Xt2kIX0VaPFvStp,"Tùng TeA, PC, TaynguyenSound",Già Cùng Nhau Là Được,12 trái lê,70,147,143,172456,2026-04-30,False,-40.0,Rap/Hip-hop,"già cùng nhau là được - tùng tea, pc, taynguyensound",4,2026-05-07,190747.0,7.0,147,-40.0,0
155,spotify:track:0jHpGB1Xt2kIX0VaPFvStp,"Tùng TeA, PC, TaynguyenSound",Già Cùng Nhau Là Được,12 trái lê,70,187,144,190747,2026-05-07,False,32.0,Rap/Hip-hop,"già cùng nhau là được - tùng tea, pc, taynguyensound",5,2026-05-14,159465.0,7.0,187,32.0,0
198,spotify:track:0jHpGB1Xt2kIX0VaPFvStp,"Tùng TeA, PC, TaynguyenSound",Già Cùng Nhau Là Được,12 trái lê,70,155,145,159465,2026-05-14,False,-43.0,Rap/Hip-hop,"già cùng nhau là được - tùng tea, pc, taynguyensound",6,2026-05-21,187797.0,7.0,155,-43.0,0
156,spotify:track:0jHpGB1Xt2kIX0VaPFvStp,"Tùng TeA, PC, TaynguyenSound",Già Cùng Nhau Là Được,12 trái lê,70,198,146,187797,2026-05-21,False,42.0,Rap/Hip-hop,"già cùng nhau là được - tùng tea, pc, taynguyensound",7,2026-05-28,181392.0,7.0,198,42.0,0
155,spotify:track:0jHpGB1Xt2kIX0VaPFvStp,"Tùng TeA, PC, TaynguyenSound",Già Cùng Nhau Là Được,12 trái lê,70,156,147,181392,2026-05-28,False,1.0,Rap/Hip-hop,"già cùng nhau là được - tùng tea, pc, taynguyensound",8,2026-06-04,162332.0,7.0,156,1.0,0
195,spotify:track:0jHpGB1Xt2kIX0VaPFvStp,"Tùng TeA, PC, TaynguyenSound",Già Cùng Nhau Là Được,12 trái lê,70,155,148,162332,2026-06-04,False,-40.0,Rap/Hip-hop,"già cùng nhau là được - tùng tea, pc, taynguyensound",9,2026-06-11,171021.0,7.0,155,-40.0,0
134,spotify:track:0oL2jCTf9P9a7flY5mCpYu,"Wxrdie, JustaTee",Trở Về,Universal Music Indochina Distributed Labels,54,130,58,207666,2026-04-09,False,-4.0,Rap/Hip-hop,"trở về - wxrdie, justatee",1,2026-04-16,214070.0,7.0,130,-4.0,0
118,spotify:track:0oL2jCTf9P9a7flY5mCpYu,"Wxrdie, JustaTee",Trở Về,Universal Music Indochina Distributed Labels,54,134,59,214070,2026-04-16,False,16.0,Rap/Hip-hop,"trở về - wxrdie, justatee",2,2026-04-23,198429.0,7.0,134,16.0,0
149,spotify:track:0oL2jCTf9P9a7flY5mCpYu,"Wxrdie, JustaTee",Trở Về,Universal Music Indochina Distributed Labels,54,118,60,198429,2026-04-23,False,-31.0,Rap/Hip-hop,"trở về - wxrdie, justatee",3,2026-04-30,217112.0,7.0,118,-31.0,0
124,spotify:track:0oL2jCTf9P9a7flY5mCpYu,"Wxrdie, JustaTee",Trở Về,Universal Music Indochina Distributed Labels,54,149,61,217112,2026-04-30,False,25.0,Rap/Hip-hop,"trở về - wxrdie, justatee",4,2026-05-07,218626.0,7.0,149,25.0,0
119,spotify:track:0oL2jCTf9P9a7flY5mCpYu,"Wxrdie, JustaTee",Trở Về,Universal Music Indochina Distributed Labels,54,124,62,218626,2026-05-07,False,5.0,Rap/Hip-hop,"trở về - wxrdie, justatee",5,2026-05-14,211133.0,7.0,124,5.0,0
125,spotify:track:0oL2jCTf9P9a7flY5mCpYu,"Wxrdie, JustaTee",Trở Về,Universal Music Indochina Distributed Labels,54,119,63,211133,2026-05-14,False,-6.0,Rap/Hip-hop,"trở về - wxrdie, justatee",6,2026-05-21,223992.0,7.0,119,-6.0,0
104,spotify:track:0oL2jCTf9P9a7flY5mCpYu,"Wxrdie, JustaTee",Trở Về,Universal Music Indochina Distributed Labels,54,125,64,223992,2026-05-21,False,21.0,Rap/Hip-hop,"trở về - wxrdie, justatee",7,2026-05-28,206894.0,7.0,125,21.0,0
122,spotify:track:0oL2jCTf9P9a7flY5mCpYu,"Wxrdie, JustaTee",Trở Về,Universal Music Indochina Distributed Labels,54,104,65,206894,2026-05-28,False,-18.0,Rap/Hip-hop,"trở về - wxrdie, justatee",8,2026-06-04,204406.0,7.0,104,-18.0,0
128,spotify:track:0oL2jCTf9P9a7flY5mCpYu,"Wxrdie, JustaTee",Trở Về,Universal Music Indochina Distributed Labels,54,122,66,204406,2026-06-04,False,-6.0,Rap/Hip-hop,"trở về - wxrdie, justatee",9,2026-06-11,210328.0,7.0,122,-6.0,0
195,spotify:track:0pavLg3wbL6PVXAgXoWv4S,"24k.Right, Ngắn, Hipz",Một Nửa Sự Thật,Universal Music Indochina,119,-1,3,163825,2026-04-23,True,,R&B/Soul,"một nửa sự thật - 24k.right, ngắn, hipz",3,2026-04-30,206374.0,7.0,201,0.0,1
135,spotify:track:0pavLg3wbL6PVXAgXoWv4S,"24k.Right, Ngắn, Hipz",Một Nửa Sự Thật,Universal Music Indochina,119,195,4,206374,2026-04-30,False,60.0,R&B/Soul,"một nửa sự thật - 24k.right, ngắn, hipz",4,2026-05-07,199397.0,7.0,195,60.0,0
138,spotify:track:0pavLg3wbL6PVXAgXoWv4S,"24k.Right, Ngắn, Hipz",Một Nửa Sự Thật,Universal Music Indochina,119,135,5,199397,2026-05-07,False,-3.0,R&B/Soul,"một nửa sự thật - 24k.right, ngắn, hipz",5,2026-05-14,213103.0,7.0,135,-3.0,0
122,spotify:track:0pavLg3wbL6PVXAgXoWv4S,"24k.Right, Ngắn, Hipz",Một Nửa Sự Thật,Universal Music Indochina,119,138,6,213103,2026-05-14,False,16.0,R&B/Soul,"một nửa sự thật - 24k.right, ngắn, hipz",6,2026-05-21,207333.0,7.0,138,16.0,0
128,spotify:track:0pavLg3wbL6PVXAgXoWv4S,"24k.Right, Ngắn, Hipz",Một Nửa Sự Thật,Universal Music Indochina,119,122,7,207333,2026-05-21,False,-6.0,R&B/Soul,"một nửa sự thật - 24k.right, ngắn, hipz",7,2026-05-28,265436.0,7.0,122,-6.0,0
73,spotify:track:0pavLg3wbL6PVXAgXoWv4S,"24k.Right, Ngắn, Hipz",Một Nửa Sự Thật,Universal Music Indochina,73,128,8,265436,2026-05-28,False,55.0,R&B/Soul,"một nửa sự thật - 24k.right, ngắn, hipz",8,2026-06-04,261333.0,7.0,128,55.0,0
81,spotify:track:0pavLg3wbL6PVXAgXoWv4S,"24k.Right, Ngắn, Hipz",Một Nửa Sự Thật,Universal Music Indochina,73,73,9,261333,2026-06-04,False,-8.0,R&B/Soul,"một nửa sự thật - 24k.right, ngắn, hipz",9,2026-06-11,274932.0,7.0,73,-8.0,0
131,spotify:track:0rR27Ayle8G7sKoCt8OWUr,Dương Domic,Mất Kết Nối,DAO Entertainment,2,106,78,202677,2026-05-21,False,-25.0,R&B/Soul,mất kết nối - dương domic,7,2026-05-28,218074.0,7.0,106,-25.0,0
111,spotify:track:0rR27Ayle8G7sKoCt8OWUr,Dương Domic,Mất Kết Nối,DAO Entertainment,2,131,79,218074,2026-05-28,False,20.0,R&B/Soul,mất kết nối - dương domic,8,2026-06-04,202391.0,7.0,131,20.0,0
130,spotify:track:0rR27Ayle8G7sKoCt8OWUr,Dương Domic,Mất Kết Nối,DAO Entertainment,2,111,80,202391,2026-06-04,False,-19.0,R&B/Soul,mất kết nối - dương domic,9,2026-06-11,194953.0,7.0,111,-19.0,0
76,spotify:track:0s7RyyUlQfd8mnnboHe18n,"MANBO, HIEUTHUHAI, HURRYKNG",Hẹn Gặp Em Dưới Ánh Trăng,Gerdnang,20,59,108,276671,2026-04-09,False,-17.0,Rap/Hip-hop,"hẹn gặp em dưới ánh trăng - manbo, hieuthuhai, hurrykng",1,2026-04-16,268304.0,7.0,59,-17.0,0
75,spotify:track:0s7RyyUlQfd8mnnboHe18n,"MANBO, HIEUTHUHAI, HURRYKNG",Hẹn Gặp Em Dưới Ánh Trăng,Gerdnang,20,76,109,268304,2026-04-16,False,1.0,Rap/Hip-hop,"hẹn gặp em dưới ánh trăng - manbo, hieuthuhai, hurrykng",2,2026-04-23,278249.0,7.0,76,1.0,0
78,spotify:track:0s7RyyUlQfd8mnnboHe18n,"MANBO, HIEUTHUHAI, HURRYKNG",Hẹn Gặp Em Dưới Ánh Trăng,Gerdnang,20,75,110,278249,2026-04-23,False,-3.0,Rap/Hip-hop,"hẹn gặp em dưới ánh trăng - manbo, hieuthuhai, hurrykng",3,2026-04-30,299284.0,7.0,75,-3.0,0
69,spotify:track:0s7RyyUlQfd8mnnboHe18n,"MANBO, HIEUTHUHAI, HURRYKNG",Hẹn Gặp Em Dưới Ánh Trăng,Gerdnang,20,78,111,299284,2026-04-30,False,9.0,Rap/Hip-hop,"hẹn gặp em dưới ánh trăng - manbo, hieuthuhai, hurrykng",4,2026-05-07,262149.0,7.0,78,9.0,0
83,spotify:track:0s7RyyUlQfd8mnnboHe18n,"MANBO, HIEUTHUHAI, HURRYKNG",Hẹn Gặp Em Dưới Ánh Trăng,Gerdnang,20,69,112,262149,2026-05-07,False,-14.0,Rap/Hip-hop,"hẹn gặp em dưới ánh trăng - manbo, hieuthuhai, hurrykng",5,2026-05-14,249085.0,7.0,69,-14.0,0
89,spotify:track:0s7RyyUlQfd8mnnboHe18n,"MANBO, HIEUTHUHAI, HURRYKNG",Hẹn Gặp Em Dưới Ánh Trăng,Gerdnang,20,83,113,249085,2026-05-14,False,-6.0,Rap/Hip-hop,"hẹn gặp em dưới ánh trăng - manbo, hieuthuhai, hurrykng",6,2026-05-21,251705.0,7.0,83,-6.0,0
87,spotify:track:0s7RyyUlQfd8mnnboHe18n,"MANBO, HIEUTHUHAI, HURRYKNG",Hẹn Gặp Em Dưới Ánh Trăng,Gerdnang,20,89,114,251705,2026-05-21,False,2.0,Rap/Hip-hop,"hẹn gặp em dưới ánh trăng - manbo, hieuthuhai, hurrykng",7,2026-05-28,251341.0,7.0,89,2.0,0
78,spotify:track:0s7RyyUlQfd8mnnboHe18n,"MANBO, HIEUTHUHAI, HURRYKNG",Hẹn Gặp Em Dưới Ánh Trăng,Gerdnang,20,87,115,251341,2026-05-28,False,9.0,Rap/Hip-hop,"hẹn gặp em dưới ánh trăng - manbo, hieuthuhai, hurrykng",8,2026-06-04,237515.0,7.0,87,9.0,0
100,spotify:track:0s7RyyUlQfd8mnnboHe18n,"MANBO, HIEUTHUHAI, HURRYKNG",Hẹn Gặp Em Dưới Ánh Trăng,Gerdnang,20,78,116,237515,2026-06-04,False,-22.0,Rap/Hip-hop,"hẹn gặp em dưới ánh trăng - manbo, hieuthuhai, hurrykng",9,2026-06-11,222736.0,7.0,78,-22.0,0
121,spotify:track:0sR5ThoE0uoskXWrm6KDxP,Kha,Hư không,MaiDao Music,22,85,122,213340,2026-05-14,False,-36.0,Ballad,hư không - kha,6,2026-05-21,192960.0,7.0,85,-36.0,0
144,spotify:track:0sR5ThoE0uoskXWrm6KDxP,Kha,Hư không,MaiDao Music,22,121,123,192960,2026-05-21,False,-23.0,Ballad,hư không - kha,7,2026-05-28,162725.0,7.0,121,-23.0,0
182,spotify:track:0sR5ThoE0uoskXWrm6KDxP,Kha,Hư không,MaiDao Music,22,144,124,162725,2026-05-28,False,-38.0,Ballad,hư không - kha,8,2026-06-04,182558.0,7.0,144,-38.0,0
154,spotify:track:0sR5ThoE0uoskXWrm6KDxP,Kha,Hư không,MaiDao Music,22,182,125,182558,2026-06-04,False,28.0,Ballad,hư không - kha,9,2026-06-11,157093.0,7.0,182,28.0,0
17,spotify:track:0t8g66pWghsU8MphjUQIdg,"Phùng Khánh Linh, 30 Pictures",Cảm Ơn Người Đã Thức Cùng Tôi,+84 Vietnam New Wave,5,12,7,529185,2026-04-09,False,-5.0,Ballad,"cảm ơn người đã thức cùng tôi - phùng khánh linh, 30 pictures",1,2026-04-16,473972.0,7.0,12,-5.0,0
23,spotify:track:0t8g66pWghsU8MphjUQIdg,"Phùng Khánh Linh, 30 Pictures",Cảm Ơn Người Đã Thức Cùng Tôi,+84 Vietnam New Wave,5,17,8,473972,2026-04-16,False,-6.0,Ballad,"cảm ơn người đã thức cùng tôi - phùng khánh linh, 30 pictures",2,2026-04-23,442480.0,7.0,17,-6.0,0
29,spotify:track:0t8g66pWghsU8MphjUQIdg,"Phùng Khánh Linh, 30 Pictures",Cảm Ơn Người Đã Thức Cùng Tôi,+84 Vietnam New Wave,5,23,9,442480,2026-04-23,False,-6.0,Ballad,"cảm ơn người đã thức cùng tôi - phùng khánh linh, 30 pictures",3,2026-04-30,411147.0,7.0,23,-6.0,0
32,spotify:track:0t8g66pWghsU8MphjUQIdg,"Phùng Khánh Linh, 30 Pictures",Cảm Ơn Người Đã Thức Cùng Tôi,+84 Vietnam New Wave,5,29,10,411147,2026-04-30,False,-3.0,Ballad,"cảm ơn người đã thức cùng tôi - phùng khánh linh, 30 pictures",4,2026-05-07,458060.0,7.0,29,-3.0,0
19,spotify:track:0t8g66pWghsU8MphjUQIdg,"Phùng Khánh Linh, 30 Pictures",Cảm Ơn Người Đã Thức Cùng Tôi,+84 Vietnam New Wave,5,32,11,458060,2026-05-07,False,13.0,Ballad,"cảm ơn người đã thức cùng tôi - phùng khánh linh, 30 pictures",5,2026-05-14,429909.0,7.0,32,13.0,0
23,spotify:track:0t8g66pWghsU8MphjUQIdg,"Phùng Khánh Linh, 30 Pictures",Cảm Ơn Người Đã Thức Cùng Tôi,+84 Vietnam New Wave,5,19,12,429909,2026-05-14,False,-4.0,Ballad,"cảm ơn người đã thức cùng tôi - phùng khánh linh, 30 pictures",6,2026-05-21,412465.0,7.0,19,-4.0,0
25,spotify:track:0t8g66pWghsU8MphjUQIdg,"Phùng Khánh Linh, 30 Pictures",Cảm Ơn Người Đã Thức Cùng Tôi,+84 Vietnam New Wave,5,23,13,412465,2026-05-21,False,-2.0,Ballad,"cảm ơn người đã thức cùng tôi - phùng khánh linh, 30 pictures",7,2026-05-28,406765.0,7.0,23,-2.0,0
25,spotify:track:0t8g66pWghsU8MphjUQIdg,"Phùng Khánh Linh, 30 Pictures",Cảm Ơn Người Đã Thức Cùng Tôi,+84 Vietnam New Wave,5,25,14,406765,2026-05-28,False,0.0,Ballad,"cảm ơn người đã thức cùng tôi - phùng khánh linh, 30 pictures",8,2026-06-04,365804.0,7.0,25,0.0,0
43,spotify:track:0t8g66pWghsU8MphjUQIdg,"Phùng Khánh Linh, 30 Pictures",Cảm Ơn Người Đã Thức Cùng Tôi,+84 Vietnam New Wave,5,25,15,365804,2026-06-04,False,-18.0,Ballad,"cảm ơn người đã thức cùng tôi - phùng khánh linh, 30 pictures",9,2026-06-11,342326.0,7.0,25,-18.0,0
3,spotify:track:0wvpRHXXuImyrccNEPAXBo,HIEUTHUHAI,Người Im Lặng Gặp Người Hay Nói,M Music Records,2,3,5,1079841,2026-04-09,False,0.0,Rap/Hip-hop,người im lặng gặp người hay nói - hieuthuhai,1,2026-04-16,966573.0,7.0,3,0.0,0
114,spotify:track:102XJmW0OH1WATZMW9avu2,"Binz, Obito",Nếu (feat. Obito),SS LABEL,114,-1,1,217097,2026-05-28,True,,R&B/Soul,"nếu (feat. obito) - binz, obito",8,2026-06-04,372234.0,7.0,201,0.0,1
37,spotify:track:102XJmW0OH1WATZMW9avu2,"Binz, Obito",Nếu (feat. Obito),SS LABEL,37,114,2,372234,2026-06-04,False,77.0,R&B/Soul,"nếu (feat. obito) - binz, obito",9,2026-06-11,330662.0,7.0,114,77.0,0
5,spotify:track:11T61UpoNbbcewOMl1kcWN,NHONHO,Dạo Bước HongKong 1999,NHONHO,5,10,2,1031378,2026-04-09,False,5.0,Indie/Alternative,dạo bước hongkong 1999 - nhonho,1,2026-04-16,774794.0,7.0,10,5.0,0
6,spotify:track:11T61UpoNbbcewOMl1kcWN,NHONHO,Dạo Bước HongKong 1999,NHONHO,5,5,3,774794,2026-04-16,False,-1.0,Indie/Alternative,dạo bước hongkong 1999 - nhonho,2,2026-04-23,636682.0,7.0,5,-1.0,0
11,spotify:track:11T61UpoNbbcewOMl1kcWN,NHONHO,Dạo Bước HongKong 1999,NHONHO,5,6,4,636682,2026-04-23,False,-5.0,Indie/Alternative,dạo bước hongkong 1999 - nhonho,3,2026-04-30,473833.0,7.0,6,-5.0,0
22,spotify:track:11T61UpoNbbcewOMl1kcWN,NHONHO,Dạo Bước HongKong 1999,NHONHO,5,11,5,473833,2026-04-30,False,-11.0,Indie/Alternative,dạo bước hongkong 1999 - nhonho,4,2026-05-07,393555.0,7.0,11,-11.0,0
27,spotify:track:11T61UpoNbbcewOMl1kcWN,NHONHO,Dạo Bước HongKong 1999,NHONHO,5,22,6,393555,2026-05-07,False,-5.0,Indie/Alternative,dạo bước hongkong 1999 - nhonho,5,2026-05-14,364809.0,7.0,22,-5.0,0
31,spotify:track:11T61UpoNbbcewOMl1kcWN,NHONHO,Dạo Bước HongKong 1999,NHONHO,5,27,7,364809,2026-05-14,False,-4.0,Indie/Alternative,dạo bước hongkong 1999 - nhonho,6,2026-05-21,391505.0,7.0,27,-4.0,0
30,spotify:track:11T61UpoNbbcewOMl1kcWN,NHONHO,Dạo Bước HongKong 1999,NHONHO,5,31,8,391505,2026-05-21,False,1.0,Indie/Alternative,dạo bước hongkong 1999 - nhonho,7,2026-05-28,376867.0,7.0,31,1.0,0
34,spotify:track:11T61UpoNbbcewOMl1kcWN,NHONHO,Dạo Bước HongKong 1999,NHONHO,5,30,9,376867,2026-05-28,False,-4.0,Indie/Alternative,dạo bước hongkong 1999 - nhonho,8,2026-06-04,383777.0,7.0,30,-4.0,0
34,spotify:track:11T61UpoNbbcewOMl1kcWN,NHONHO,Dạo Bước HongKong 1999,NHONHO,5,34,10,383777,2026-06-04,False,0.0,Indie/Alternative,dạo bước hongkong 1999 - nhonho,9,2026-06-11,410823.0,7.0,34,0.0,0
151,spotify:track:12DNdwLD9oZOPADqM10oyE,"Fishy, Trí Dũng",Forget Me Now,LOOPS Music,131,180,36,196611,2026-04-09,False,29.0,R&B/Soul,"forget me now - fishy, trí dũng",1,2026-04-16,185834.0,7.0,180,29.0,0
159,spotify:track:12DNdwLD9oZOPADqM10oyE,"Fishy, Trí Dũng",Forget Me Now,LOOPS Music,131,151,37,185834,2026-04-16,False,-8.0,R&B/Soul,"forget me now - fishy, trí dũng",2,2026-04-23,191863.0,7.0,151,-8.0,0
159,spotify:track:12DNdwLD9oZOPADqM10oyE,"Fishy, Trí Dũng",Forget Me Now,LOOPS Music,131,159,38,191863,2026-04-23,False,0.0,R&B/Soul,"forget me now - fishy, trí dũng",3,2026-04-30,205500.0,7.0,159,0.0,0
138,spotify:track:12DNdwLD9oZOPADqM10oyE,"Fishy, Trí Dũng",Forget Me Now,LOOPS Music,131,159,39,205500,2026-04-30,False,21.0,R&B/Soul,"forget me now - fishy, trí dũng",4,2026-05-07,209339.0,7.0,159,21.0,0
126,spotify:track:12DNdwLD9oZOPADqM10oyE,"Fishy, Trí Dũng",Forget Me Now,LOOPS Music,126,138,40,209339,2026-05-07,False,12.0,R&B/Soul,"forget me now - fishy, trí dũng",5,2026-05-14,208726.0,7.0,138,12.0,0
156,spotify:track:170CNv2CAZn8wg6GxvHXYC,"B Ray, AMEE",Ex's Hate Me,B Ray,129,174,23,192996,2026-04-09,False,18.0,Rap/Hip-hop,"ex's hate me - b ray, amee",1,2026-04-16,185526.0,7.0,174,18.0,0
160,spotify:track:170CNv2CAZn8wg6GxvHXYC,"B Ray, AMEE",Ex's Hate Me,B Ray,129,156,24,185526,2026-04-16,False,-4.0,Rap/Hip-hop,"ex's hate me - b ray, amee",2,2026-04-23,190957.0,7.0,156,-4.0,0
161,spotify:track:170CNv2CAZn8wg6GxvHXYC,"B Ray, AMEE",Ex's Hate Me,B Ray,129,160,25,190957,2026-04-23,False,-1.0,Rap/Hip-hop,"ex's hate me - b ray, amee",3,2026-04-30,194067.0,7.0,160,-1.0,0
153,spotify:track:170CNv2CAZn8wg6GxvHXYC,"B Ray, AMEE",Ex's Hate Me,B Ray,129,161,26,194067,2026-04-30,False,8.0,Rap/Hip-hop,"ex's hate me - b ray, amee",4,2026-05-07,182474.0,7.0,161,8.0,0
163,spotify:track:170CNv2CAZn8wg6GxvHXYC,"B Ray, AMEE",Ex's Hate Me,B Ray,129,153,27,182474,2026-05-07,False,-10.0,Rap/Hip-hop,"ex's hate me - b ray, amee",5,2026-05-14,172978.0,7.0,153,-10.0,0
172,spotify:track:170CNv2CAZn8wg6GxvHXYC,"B Ray, AMEE",Ex's Hate Me,B Ray,129,163,28,172978,2026-05-14,False,-9.0,Rap/Hip-hop,"ex's hate me - b ray, amee",6,2026-05-21,187620.0,7.0,163,-9.0,0
157,spotify:track:170CNv2CAZn8wg6GxvHXYC,"B Ray, AMEE",Ex's Hate Me,B Ray,129,172,29,187620,2026-05-21,False,15.0,Rap/Hip-hop,"ex's hate me - b ray, amee",7,2026-05-28,185267.0,7.0,172,15.0,0
105,spotify:track:19U8QkwGDiQnYtnNIlspuo,Ronboogz,Nói Dối,MaiDao Music,3,65,133,223386,2026-05-21,False,-40.0,Indie/Alternative,nói dối - ronboogz,7,2026-05-28,234524.0,7.0,65,-40.0,0
98,spotify:track:19U8QkwGDiQnYtnNIlspuo,Ronboogz,Nói Dối,MaiDao Music,3,105,134,234524,2026-05-28,False,7.0,Indie/Alternative,nói dối - ronboogz,8,2026-06-04,235661.0,7.0,105,7.0,0
101,spotify:track:19U8QkwGDiQnYtnNIlspuo,Ronboogz,Nói Dối,MaiDao Music,3,98,135,235661,2026-06-04,False,-3.0,Indie/Alternative,nói dối - ronboogz,9,2026-06-11,230063.0,7.0,98,-3.0,0
4,spotify:track:1ApIGNgp1azc0qB61x4GzG,"Hngle, Ari",Không Buông,Umusic Vietnam Co. Ltd. Distributed Labels,2,4,31,1060453,2026-04-09,False,0.0,Pop,"không buông - hngle, ari",1,2026-04-16,1019722.0,7.0,4,0.0,0
3,spotify:track:1ApIGNgp1azc0qB61x4GzG,"Hngle, Ari",Không Buông,Umusic Vietnam Co. Ltd. Distributed Labels,2,4,32,1019722,2026-04-16,False,1.0,Pop,"không buông - hngle, ari",2,2026-04-23,1002116.0,7.0,4,1.0,0
4,spotify:track:1ApIGNgp1azc0qB61x4GzG,"Hngle, Ari",Không Buông,Umusic Vietnam Co. Ltd. Distributed Labels,2,3,33,1002116,2026-04-23,False,-1.0,Pop,"không buông - hngle, ari",3,2026-04-30,924343.0,7.0,3,-1.0,0
4,spotify:track:1ApIGNgp1azc0qB61x4GzG,"Hngle, Ari",Không Buông,Umusic Vietnam Co. Ltd. Distributed Labels,2,4,34,924343,2026-04-30,False,0.0,Pop,"không buông - hngle, ari",4,2026-05-07,836755.0,7.0,4,0.0,0
4,spotify:track:1ApIGNgp1azc0qB61x4GzG,"Hngle, Ari",Không Buông,Umusic Vietnam Co. Ltd. Distributed Labels,2,4,35,836755,2026-05-07,False,0.0,Pop,"không buông - hngle, ari",5,2026-05-14,840024.0,7.0,4,0.0,0
3,spotify:track:1ApIGNgp1azc0qB61x4GzG,"Hngle, Ari",Không Buông,Umusic Vietnam Co. Ltd. Distributed Labels,2,4,36,840024,2026-05-14,False,1.0,Pop,"không buông - hngle, ari",6,2026-05-21,897297.0,7.0,4,1.0,0
3,spotify:track:1ApIGNgp1azc0qB61x4GzG,"Hngle, Ari",Không Buông,Umusic Vietnam Co. Ltd. Distributed Labels,2,3,37,897297,2026-05-21,False,0.0,Pop,"không buông - hngle, ari",7,2026-05-28,911671.0,7.0,3,0.0,0
3,spotify:track:1ApIGNgp1azc0qB61x4GzG,"Hngle, Ari",Không Buông,Umusic Vietnam Co. Ltd. Distributed Labels,2,3,38,911671,2026-05-28,False,0.0,Pop,"không buông - hngle, ari",8,2026-06-04,868875.0,7.0,3,0.0,0
5,spotify:track:1ApIGNgp1azc0qB61x4GzG,"Hngle, Ari",Không Buông,Umusic Vietnam Co. Ltd. Distributed Labels,2,3,39,868875,2026-06-04,False,-2.0,Pop,"không buông - hngle, ari",9,2026-06-11,834427.0,7.0,3,-2.0,0
43,spotify:track:1DVYafsLmcQySKkJnY4RCs,"MAYDAYs, Minh Tốc & Lam",Phép Màu - Đàn Cá Gỗ Original Soundtrack,Universal Music Indochina Distributed Labels,2,38,58,355476,2026-04-09,False,-5.0,Khác,"phép màu - đàn cá gỗ original soundtrack - maydays, minh tốc & lam",1,2026-04-16,348851.0,7.0,38,-5.0,0
45,spotify:track:1DVYafsLmcQySKkJnY4RCs,"MAYDAYs, Minh Tốc & Lam",Phép Màu - Đàn Cá Gỗ Original Soundtrack,Universal Music Indochina Distributed Labels,2,43,59,348851,2026-04-16,False,-2.0,Khác,"phép màu - đàn cá gỗ original soundtrack - maydays, minh tốc & lam",2,2026-04-23,339050.0,7.0,43,-2.0,0
51,spotify:track:1DVYafsLmcQySKkJnY4RCs,"MAYDAYs, Minh Tốc & Lam",Phép Màu - Đàn Cá Gỗ Original Soundtrack,Universal Music Indochina Distributed Labels,2,45,60,339050,2026-04-23,False,-6.0,Khác,"phép màu - đàn cá gỗ original soundtrack - maydays, minh tốc & lam",3,2026-04-30,352423.0,7.0,45,-6.0,0
47,spotify:track:1DVYafsLmcQySKkJnY4RCs,"MAYDAYs, Minh Tốc & Lam",Phép Màu - Đàn Cá Gỗ Original Soundtrack,Universal Music Indochina Distributed Labels,2,51,61,352423,2026-04-30,False,4.0,Khác,"phép màu - đàn cá gỗ original soundtrack - maydays, minh tốc & lam",4,2026-05-07,333463.0,7.0,51,4.0,0
47,spotify:track:1DVYafsLmcQySKkJnY4RCs,"MAYDAYs, Minh Tốc & Lam",Phép Màu - Đàn Cá Gỗ Original Soundtrack,Universal Music Indochina Distributed Labels,2,47,62,333463,2026-05-07,False,0.0,Khác,"phép màu - đàn cá gỗ original soundtrack - maydays, minh tốc & lam",5,2026-05-14,319350.0,7.0,47,0.0,0
52,spotify:track:1DVYafsLmcQySKkJnY4RCs,"MAYDAYs, Minh Tốc & Lam",Phép Màu - Đàn Cá Gỗ Original Soundtrack,Universal Music Indochina Distributed Labels,2,47,63,319350,2026-05-14,False,-5.0,Khác,"phép màu - đàn cá gỗ original soundtrack - maydays, minh tốc & lam",6,2026-05-21,327026.0,7.0,47,-5.0,0
48,spotify:track:1DVYafsLmcQySKkJnY4RCs,"MAYDAYs, Minh Tốc & Lam",Phép Màu - Đàn Cá Gỗ Original Soundtrack,Universal Music Indochina Distributed Labels,2,52,64,327026,2026-05-21,False,4.0,Khác,"phép màu - đàn cá gỗ original soundtrack - maydays, minh tốc & lam",7,2026-05-28,348787.0,7.0,52,4.0,0
43,spotify:track:1DVYafsLmcQySKkJnY4RCs,"MAYDAYs, Minh Tốc & Lam",Phép Màu - Đàn Cá Gỗ Original Soundtrack,Universal Music Indochina Distributed Labels,2,48,65,348787,2026-05-28,False,5.0,Khác,"phép màu - đàn cá gỗ original soundtrack - maydays, minh tốc & lam",8,2026-06-04,323758.0,7.0,48,5.0,0
53,spotify:track:1DVYafsLmcQySKkJnY4RCs,"MAYDAYs, Minh Tốc & Lam",Phép Màu - Đàn Cá Gỗ Original Soundtrack,Universal Music Indochina Distributed Labels,2,43,66,323758,2026-06-04,False,-10.0,Khác,"phép màu - đàn cá gỗ original soundtrack - maydays, minh tốc & lam",9,2026-06-11,274633.0,7.0,43,-10.0,0
13,spotify:track:1FUdEz4fX1DxPcVAARlu6A,GREY D,yêu em như…,Umusic Vietnam Co. Ltd. Distributed Labels,13,40,2,565662,2026-04-09,False,27.0,R&B/Soul,yêu em như… - grey d,1,2026-04-16,509018.0,7.0,40,27.0,0
15,spotify:track:1FUdEz4fX1DxPcVAARlu6A,GREY D,yêu em như…,Umusic Vietnam Co. Ltd. Distributed Labels,13,13,3,509018,2026-04-16,False,-2.0,R&B/Soul,yêu em như… - grey d,2,2026-04-23,395942.0,7.0,13,-2.0,0
38,spotify:track:1FUdEz4fX1DxPcVAARlu6A,GREY D,yêu em như…,Umusic Vietnam Co. Ltd. Distributed Labels,13,15,4,395942,2026-04-23,False,-23.0,R&B/Soul,yêu em như… - grey d,3,2026-04-30,261693.0,7.0,15,-23.0,0
86,spotify:track:1FUdEz4fX1DxPcVAARlu6A,GREY D,yêu em như…,Umusic Vietnam Co. Ltd. Distributed Labels,13,38,5,261693,2026-04-30,False,-48.0,R&B/Soul,yêu em như… - grey d,4,2026-05-07,222608.0,7.0,38,-48.0,0
117,spotify:track:1FUdEz4fX1DxPcVAARlu6A,GREY D,yêu em như…,Umusic Vietnam Co. Ltd. Distributed Labels,13,86,6,222608,2026-05-07,False,-31.0,R&B/Soul,yêu em như… - grey d,5,2026-05-14,228061.0,7.0,86,-31.0,0
109,spotify:track:1FUdEz4fX1DxPcVAARlu6A,GREY D,yêu em như…,Umusic Vietnam Co. Ltd. Distributed Labels,13,117,7,228061,2026-05-14,False,8.0,R&B/Soul,yêu em như… - grey d,6,2026-05-21,211840.0,7.0,117,8.0,0
123,spotify:track:1FUdEz4fX1DxPcVAARlu6A,GREY D,yêu em như…,Umusic Vietnam Co. Ltd. Distributed Labels,13,109,8,211840,2026-05-21,False,-14.0,R&B/Soul,yêu em như… - grey d,7,2026-05-28,172774.0,7.0,109,-14.0,0
168,spotify:track:1FUdEz4fX1DxPcVAARlu6A,GREY D,yêu em như…,Umusic Vietnam Co. Ltd. Distributed Labels,13,123,9,172774,2026-05-28,False,-45.0,R&B/Soul,yêu em như… - grey d,8,2026-06-04,171554.0,7.0,123,-45.0,0
175,spotify:track:1FUdEz4fX1DxPcVAARlu6A,GREY D,yêu em như…,Umusic Vietnam Co. Ltd. Distributed Labels,13,168,10,171554,2026-06-04,False,-7.0,R&B/Soul,yêu em như… - grey d,9,2026-06-11,168826.0,7.0,168,-7.0,0
133,spotify:track:1GJ3suxtUVaguVQRemw6Zp,Andiez,Suýt Nữa Thì...,MaiDao Music,74,139,161,211980,2026-04-09,False,6.0,Ballad,suýt nữa thì... - andiez,1,2026-04-16,191508.0,7.0,139,6.0,0
149,spotify:track:1GJ3suxtUVaguVQRemw6Zp,Andiez,Suýt Nữa Thì...,MaiDao Music,74,133,162,191508,2026-04-16,False,-16.0,Ballad,suýt nữa thì... - andiez,2,2026-04-23,196260.0,7.0,133,-16.0,0
155,spotify:track:1GJ3suxtUVaguVQRemw6Zp,Andiez,Suýt Nữa Thì...,MaiDao Music,74,149,163,196260,2026-04-23,False,-6.0,Ballad,suýt nữa thì... - andiez,3,2026-04-30,193498.0,7.0,149,-6.0,0
154,spotify:track:1GJ3suxtUVaguVQRemw6Zp,Andiez,Suýt Nữa Thì...,MaiDao Music,74,155,164,193498,2026-04-30,False,1.0,Ballad,suýt nữa thì... - andiez,4,2026-05-07,190830.0,7.0,155,1.0,0
153,spotify:track:1GJ3suxtUVaguVQRemw6Zp,Andiez,Suýt Nữa Thì...,MaiDao Music,74,154,165,190830,2026-05-07,False,1.0,Ballad,suýt nữa thì... - andiez,5,2026-05-14,200938.0,7.0,154,1.0,0
199,spotify:track:1Ipu7wzbc2qM7muqszyiZD,"Solmee, Dyteller, hoangkiet",Tâm sự,Umusic Vietnam Co. Ltd. Distributed Labels,143,-1,3,163633,2026-04-16,True,,R&B/Soul,"tâm sự - solmee, dyteller, hoangkiet",2,2026-04-23,191174.0,7.0,201,0.0,1
160,spotify:track:1Ipu7wzbc2qM7muqszyiZD,"Solmee, Dyteller, hoangkiet",Tâm sự,Umusic Vietnam Co. Ltd. Distributed Labels,143,199,4,191174,2026-04-23,False,39.0,R&B/Soul,"tâm sự - solmee, dyteller, hoangkiet",3,2026-04-30,184106.0,7.0,199,39.0,0
175,spotify:track:1Ipu7wzbc2qM7muqszyiZD,"Solmee, Dyteller, hoangkiet",Tâm sự,Umusic Vietnam Co. Ltd. Distributed Labels,143,160,5,184106,2026-04-30,False,-15.0,R&B/Soul,"tâm sự - solmee, dyteller, hoangkiet",4,2026-05-07,160578.0,7.0,160,-15.0,0
196,spotify:track:1Ipu7wzbc2qM7muqszyiZD,"Solmee, Dyteller, hoangkiet",Tâm sự,Umusic Vietnam Co. Ltd. Distributed Labels,143,175,6,160578,2026-05-07,False,-21.0,R&B/Soul,"tâm sự - solmee, dyteller, hoangkiet",5,2026-05-14,165380.0,7.0,175,-21.0,0
100,spotify:track:1J12HjUuXfJnaUdubTEzSR,HIEUTHUHAI,Nghe Như Tình Yêu,M Music Records,35,91,238,239993,2026-04-09,False,-9.0,R&B/Soul,nghe như tình yêu - hieuthuhai,1,2026-04-16,234357.0,7.0,91,-9.0,0
103,spotify:track:1J12HjUuXfJnaUdubTEzSR,HIEUTHUHAI,Nghe Như Tình Yêu,M Music Records,35,100,239,234357,2026-04-16,False,-3.0,R&B/Soul,nghe như tình yêu - hieuthuhai,2,2026-04-23,227364.0,7.0,100,-3.0,0
110,spotify:track:1J12HjUuXfJnaUdubTEzSR,HIEUTHUHAI,Nghe Như Tình Yêu,M Music Records,35,103,240,227364,2026-04-23,False,-7.0,R&B/Soul,nghe như tình yêu - hieuthuhai,3,2026-04-30,237027.0,7.0,103,-7.0,0
104,spotify:track:1J12HjUuXfJnaUdubTEzSR,HIEUTHUHAI,Nghe Như Tình Yêu,M Music Records,35,110,241,237027,2026-04-30,False,6.0,R&B/Soul,nghe như tình yêu - hieuthuhai,4,2026-05-07,223534.0,7.0,110,6.0,0
116,spotify:track:1J12HjUuXfJnaUdubTEzSR,HIEUTHUHAI,Nghe Như Tình Yêu,M Music Records,35,104,242,223534,2026-05-07,False,-12.0,R&B/Soul,nghe như tình yêu - hieuthuhai,5,2026-05-14,207828.0,7.0,104,-12.0,0
130,spotify:track:1J12HjUuXfJnaUdubTEzSR,HIEUTHUHAI,Nghe Như Tình Yêu,M Music Records,35,116,243,207828,2026-05-14,False,-14.0,R&B/Soul,nghe như tình yêu - hieuthuhai,6,2026-05-21,207777.0,7.0,116,-14.0,0
127,spotify:track:1J12HjUuXfJnaUdubTEzSR,HIEUTHUHAI,Nghe Như Tình Yêu,M Music Records,35,130,244,207777,2026-05-21,False,3.0,R&B/Soul,nghe như tình yêu - hieuthuhai,7,2026-05-28,181841.0,7.0,130,3.0,0
152,spotify:track:1J12HjUuXfJnaUdubTEzSR,HIEUTHUHAI,Nghe Như Tình Yêu,M Music Records,35,127,245,181841,2026-05-28,False,-25.0,R&B/Soul,nghe như tình yêu - hieuthuhai,8,2026-06-04,195487.0,7.0,127,-25.0,0
142,spotify:track:1J12HjUuXfJnaUdubTEzSR,HIEUTHUHAI,Nghe Như Tình Yêu,M Music Records,35,152,246,195487,2026-06-04,False,10.0,R&B/Soul,nghe như tình yêu - hieuthuhai,9,2026-06-11,208618.0,7.0,152,10.0,0
130,spotify:track:1J3SmWwlYAG68LGKr86MVH,Sơn Tùng M-TP,Chúng Ta Của Hiện Tại,Umusic Vietnam Co. Ltd. Distributed Labels,1,148,277,213890,2026-04-09,False,18.0,Pop,chúng ta của hiện tại - sơn tùng m-tp,1,2026-04-16,207062.0,7.0,148,18.0,0
131,spotify:track:1J3SmWwlYAG68LGKr86MVH,Sơn Tùng M-TP,Chúng Ta Của Hiện Tại,Umusic Vietnam Co. Ltd. Distributed Labels,1,130,278,207062,2026-04-16,False,-1.0,Pop,chúng ta của hiện tại - sơn tùng m-tp,2,2026-04-23,203585.0,7.0,130,-1.0,0
140,spotify:track:1J3SmWwlYAG68LGKr86MVH,Sơn Tùng M-TP,Chúng Ta Của Hiện Tại,Umusic Vietnam Co. Ltd. Distributed Labels,1,131,279,203585,2026-04-23,False,-9.0,Pop,chúng ta của hiện tại - sơn tùng m-tp,3,2026-04-30,224768.0,7.0,131,-9.0,0
115,spotify:track:1J3SmWwlYAG68LGKr86MVH,Sơn Tùng M-TP,Chúng Ta Của Hiện Tại,Umusic Vietnam Co. Ltd. Distributed Labels,1,140,280,224768,2026-04-30,False,25.0,Pop,chúng ta của hiện tại - sơn tùng m-tp,4,2026-05-07,226981.0,7.0,140,25.0,0
111,spotify:track:1J3SmWwlYAG68LGKr86MVH,Sơn Tùng M-TP,Chúng Ta Của Hiện Tại,Umusic Vietnam Co. Ltd. Distributed Labels,1,115,281,226981,2026-05-07,False,4.0,Pop,chúng ta của hiện tại - sơn tùng m-tp,5,2026-05-14,253153.0,7.0,115,4.0,0
87,spotify:track:1J3SmWwlYAG68LGKr86MVH,Sơn Tùng M-TP,Chúng Ta Của Hiện Tại,Umusic Vietnam Co. Ltd. Distributed Labels,1,111,282,253153,2026-05-14,False,24.0,Pop,chúng ta của hiện tại - sơn tùng m-tp,6,2026-05-21,273747.0,7.0,111,24.0,0
73,spotify:track:1J3SmWwlYAG68LGKr86MVH,Sơn Tùng M-TP,Chúng Ta Của Hiện Tại,Umusic Vietnam Co. Ltd. Distributed Labels,1,87,283,273747,2026-05-21,False,14.0,Pop,chúng ta của hiện tại - sơn tùng m-tp,7,2026-05-28,239683.0,7.0,87,14.0,0
92,spotify:track:1J3SmWwlYAG68LGKr86MVH,Sơn Tùng M-TP,Chúng Ta Của Hiện Tại,Umusic Vietnam Co. Ltd. Distributed Labels,1,73,284,239683,2026-05-28,False,-19.0,Pop,chúng ta của hiện tại - sơn tùng m-tp,8,2026-06-04,336457.0,7.0,73,-19.0,0
48,spotify:track:1J3SmWwlYAG68LGKr86MVH,Sơn Tùng M-TP,Chúng Ta Của Hiện Tại,Umusic Vietnam Co. Ltd. Distributed Labels,1,92,285,336457,2026-06-04,False,44.0,Pop,chúng ta của hiện tại - sơn tùng m-tp,9,2026-06-11,340975.0,7.0,92,44.0,0
21,spotify:track:1K0HQ30Wc11okzlcnFA7Ub,HIEUTHUHAI,Không Thể Say,M Music Records,7,19,155,503946,2026-04-09,False,-2.0,Rap/Hip-hop,không thể say - hieuthuhai,1,2026-04-16,501320.0,7.0,19,-2.0,0
17,spotify:track:1K0HQ30Wc11okzlcnFA7Ub,HIEUTHUHAI,Không Thể Say,M Music Records,7,21,156,501320,2026-04-16,False,4.0,Rap/Hip-hop,không thể say - hieuthuhai,2,2026-04-23,457580.0,7.0,21,4.0,0
25,spotify:track:1K0HQ30Wc11okzlcnFA7Ub,HIEUTHUHAI,Không Thể Say,M Music Records,7,17,157,457580,2026-04-23,False,-8.0,Rap/Hip-hop,không thể say - hieuthuhai,3,2026-04-30,492343.0,7.0,17,-8.0,0
20,spotify:track:1K0HQ30Wc11okzlcnFA7Ub,HIEUTHUHAI,Không Thể Say,M Music Records,7,25,158,492343,2026-04-30,False,5.0,Rap/Hip-hop,không thể say - hieuthuhai,4,2026-05-07,487746.0,7.0,25,5.0,0
17,spotify:track:1K0HQ30Wc11okzlcnFA7Ub,HIEUTHUHAI,Không Thể Say,M Music Records,7,20,159,487746,2026-05-07,False,3.0,Rap/Hip-hop,không thể say - hieuthuhai,5,2026-05-14,433539.0,7.0,20,3.0,0
22,spotify:track:1K0HQ30Wc11okzlcnFA7Ub,HIEUTHUHAI,Không Thể Say,M Music Records,7,17,160,433539,2026-05-14,False,-5.0,Rap/Hip-hop,không thể say - hieuthuhai,6,2026-05-21,435968.0,7.0,17,-5.0,0
22,spotify:track:1K0HQ30Wc11okzlcnFA7Ub,HIEUTHUHAI,Không Thể Say,M Music Records,7,22,161,435968,2026-05-21,False,0.0,Rap/Hip-hop,không thể say - hieuthuhai,7,2026-05-28,396669.0,7.0,22,0.0,0
29,spotify:track:1K0HQ30Wc11okzlcnFA7Ub,HIEUTHUHAI,Không Thể Say,M Music Records,7,22,162,396669,2026-05-28,False,-7.0,Rap/Hip-hop,không thể say - hieuthuhai,8,2026-06-04,372174.0,7.0,22,-7.0,0
38,spotify:track:1K0HQ30Wc11okzlcnFA7Ub,HIEUTHUHAI,Không Thể Say,M Music Records,7,29,163,372174,2026-06-04,False,-9.0,Rap/Hip-hop,không thể say - hieuthuhai,9,2026-06-11,396597.0,7.0,29,-9.0,0
115,spotify:track:1LJyhnPdYGRLerwJd8CmL1,"Vũ., Dear Jane",Những Lời Hứa Bỏ Quên,WM Vietnam,1,111,121,226869,2026-04-09,False,-4.0,Indie/Alternative,"những lời hứa bỏ quên - vũ., dear jane",1,2026-04-16,219539.0,7.0,111,-4.0,0
114,spotify:track:1LJyhnPdYGRLerwJd8CmL1,"Vũ., Dear Jane",Những Lời Hứa Bỏ Quên,WM Vietnam,1,115,122,219539,2026-04-16,False,1.0,Indie/Alternative,"những lời hứa bỏ quên - vũ., dear jane",2,2026-04-23,228369.0,7.0,115,1.0,0
108,spotify:track:1LJyhnPdYGRLerwJd8CmL1,"Vũ., Dear Jane",Những Lời Hứa Bỏ Quên,WM Vietnam,1,114,123,228369,2026-04-23,False,6.0,Indie/Alternative,"những lời hứa bỏ quên - vũ., dear jane",3,2026-04-30,211146.0,7.0,114,6.0,0
133,spotify:track:1LJyhnPdYGRLerwJd8CmL1,"Vũ., Dear Jane",Những Lời Hứa Bỏ Quên,WM Vietnam,1,108,124,211146,2026-04-30,False,-25.0,Indie/Alternative,"những lời hứa bỏ quên - vũ., dear jane",4,2026-05-07,191880.0,7.0,108,-25.0,0
150,spotify:track:1LJyhnPdYGRLerwJd8CmL1,"Vũ., Dear Jane",Những Lời Hứa Bỏ Quên,WM Vietnam,1,133,125,191880,2026-05-07,False,-17.0,Indie/Alternative,"những lời hứa bỏ quên - vũ., dear jane",5,2026-05-14,216061.0,7.0,133,-17.0,0
119,spotify:track:1LJyhnPdYGRLerwJd8CmL1,"Vũ., Dear Jane",Những Lời Hứa Bỏ Quên,WM Vietnam,1,150,126,216061,2026-05-14,False,31.0,Indie/Alternative,"những lời hứa bỏ quên - vũ., dear jane",6,2026-05-21,226082.0,7.0,150,31.0,0
102,spotify:track:1LJyhnPdYGRLerwJd8CmL1,"Vũ., Dear Jane",Những Lời Hứa Bỏ Quên,WM Vietnam,1,119,127,226082,2026-05-21,False,17.0,Indie/Alternative,"những lời hứa bỏ quên - vũ., dear jane",7,2026-05-28,207172.0,7.0,119,17.0,0
121,spotify:track:1LJyhnPdYGRLerwJd8CmL1,"Vũ., Dear Jane",Những Lời Hứa Bỏ Quên,WM Vietnam,1,102,128,207172,2026-05-28,False,-19.0,Indie/Alternative,"những lời hứa bỏ quên - vũ., dear jane",8,2026-06-04,188936.0,7.0,102,-19.0,0
147,spotify:track:1LJyhnPdYGRLerwJd8CmL1,"Vũ., Dear Jane",Những Lời Hứa Bỏ Quên,WM Vietnam,1,121,129,188936,2026-06-04,False,-26.0,Indie/Alternative,"những lời hứa bỏ quên - vũ., dear jane",9,2026-06-11,196629.0,7.0,121,-26.0,0
158,spotify:track:1MAmEpLRV1JKdafGcZ6jdY,Phan Mạnh Quỳnh,Xuân Thì,Yin Yang Media,158,-1,1,179895,2026-06-04,True,,Ballad,xuân thì - phan mạnh quỳnh,9,2026-06-11,171429.0,7.0,201,0.0,1
64,spotify:track:1MiJk3dXC5jzhvLFP0dUM7,Da LAB,Thức Giấc,Yin Yang Media,1,66,248,302944,2026-04-09,False,2.0,Pop,thức giấc - da lab,1,2026-04-16,278606.0,7.0,66,2.0,0
70,spotify:track:1MiJk3dXC5jzhvLFP0dUM7,Da LAB,Thức Giấc,Yin Yang Media,1,64,249,278606,2026-04-16,False,-6.0,Pop,thức giấc - da lab,2,2026-04-23,329402.0,7.0,64,-6.0,0
55,spotify:track:1MiJk3dXC5jzhvLFP0dUM7,Da LAB,Thức Giấc,Yin Yang Media,1,70,250,329402,2026-04-23,False,15.0,Pop,thức giấc - da lab,3,2026-04-30,292844.0,7.0,70,15.0,0
71,spotify:track:1MiJk3dXC5jzhvLFP0dUM7,Da LAB,Thức Giấc,Yin Yang Media,1,55,251,292844,2026-04-30,False,-16.0,Pop,thức giấc - da lab,4,2026-05-07,300195.0,7.0,55,-16.0,0
61,spotify:track:1MiJk3dXC5jzhvLFP0dUM7,Da LAB,Thức Giấc,Yin Yang Media,1,71,252,300195,2026-05-07,False,10.0,Pop,thức giấc - da lab,5,2026-05-14,305232.0,7.0,71,10.0,0
56,spotify:track:1MiJk3dXC5jzhvLFP0dUM7,Da LAB,Thức Giấc,Yin Yang Media,1,61,253,305232,2026-05-14,False,5.0,Pop,thức giấc - da lab,6,2026-05-21,330104.0,7.0,61,5.0,0
46,spotify:track:1MiJk3dXC5jzhvLFP0dUM7,Da LAB,Thức Giấc,Yin Yang Media,1,56,254,330104,2026-05-21,False,10.0,Pop,thức giấc - da lab,7,2026-05-28,398388.0,7.0,56,10.0,0
28,spotify:track:1MiJk3dXC5jzhvLFP0dUM7,Da LAB,Thức Giấc,Yin Yang Media,1,46,255,398388,2026-05-28,False,18.0,Pop,thức giấc - da lab,8,2026-06-04,398961.0,7.0,46,18.0,0
29,spotify:track:1MiJk3dXC5jzhvLFP0dUM7,Da LAB,Thức Giấc,Yin Yang Media,1,28,256,398961,2026-06-04,False,-1.0,Pop,thức giấc - da lab,9,2026-06-11,319869.0,7.0,28,-1.0,0
84,spotify:track:1UQNU5O9VttUgO16pxUnjw,"Obito, Shiki, RPT MCK",Đánh Đổi,12 trái lê,7,87,131,264626,2026-04-09,False,3.0,Rap/Hip-hop,"đánh đổi - obito, shiki, rpt mck",1,2026-04-16,246558.0,7.0,87,3.0,0
92,spotify:track:1UQNU5O9VttUgO16pxUnjw,"Obito, Shiki, RPT MCK",Đánh Đổi,12 trái lê,7,84,132,246558,2026-04-16,False,-8.0,Rap/Hip-hop,"đánh đổi - obito, shiki, rpt mck",2,2026-04-23,234933.0,7.0,84,-8.0,0
103,spotify:track:1UQNU5O9VttUgO16pxUnjw,"Obito, Shiki, RPT MCK",Đánh Đổi,12 trái lê,7,92,133,234933,2026-04-23,False,-11.0,Rap/Hip-hop,"đánh đổi - obito, shiki, rpt mck",3,2026-04-30,239330.0,7.0,92,-11.0,0
103,spotify:track:1UQNU5O9VttUgO16pxUnjw,"Obito, Shiki, RPT MCK",Đánh Đổi,12 trái lê,7,103,134,239330,2026-04-30,False,0.0,Rap/Hip-hop,"đánh đổi - obito, shiki, rpt mck",4,2026-05-07,215649.0,7.0,103,0.0,0
122,spotify:track:1UQNU5O9VttUgO16pxUnjw,"Obito, Shiki, RPT MCK",Đánh Đổi,12 trái lê,7,103,135,215649,2026-05-07,False,-19.0,Rap/Hip-hop,"đánh đổi - obito, shiki, rpt mck",5,2026-05-14,219973.0,7.0,103,-19.0,0
116,spotify:track:1UQNU5O9VttUgO16pxUnjw,"Obito, Shiki, RPT MCK",Đánh Đổi,12 trái lê,7,122,136,219973,2026-05-14,False,6.0,Rap/Hip-hop,"đánh đổi - obito, shiki, rpt mck",6,2026-05-21,238668.0,7.0,122,6.0,0
94,spotify:track:1UQNU5O9VttUgO16pxUnjw,"Obito, Shiki, RPT MCK",Đánh Đổi,12 trái lê,7,116,137,238668,2026-05-21,False,22.0,Rap/Hip-hop,"đánh đổi - obito, shiki, rpt mck",7,2026-05-28,225500.0,7.0,116,22.0,0
106,spotify:track:1UQNU5O9VttUgO16pxUnjw,"Obito, Shiki, RPT MCK",Đánh Đổi,12 trái lê,7,94,138,225500,2026-05-28,False,-12.0,Rap/Hip-hop,"đánh đổi - obito, shiki, rpt mck",8,2026-06-04,231857.0,7.0,94,-12.0,0
109,spotify:track:1UQNU5O9VttUgO16pxUnjw,"Obito, Shiki, RPT MCK",Đánh Đổi,12 trái lê,7,106,139,231857,2026-06-04,False,-3.0,Rap/Hip-hop,"đánh đổi - obito, shiki, rpt mck",9,2026-06-11,206267.0,7.0,106,-3.0,0
186,spotify:track:1UhQ0VwKq2PGnLiAZOJYV1,Binz,Em,SS LABEL,4,181,24,174839,2026-04-09,False,-5.0,R&B/Soul,em - binz,1,2026-04-16,163691.0,7.0,181,-5.0,0
198,spotify:track:1UhQ0VwKq2PGnLiAZOJYV1,Binz,Em,SS LABEL,4,186,25,163691,2026-04-16,False,-12.0,R&B/Soul,em - binz,2,2026-04-23,166764.0,7.0,186,-12.0,0
57,spotify:track:1UhQ0VwKq2PGnLiAZOJYV1,Binz,Em,SS LABEL,4,-1,27,296948,2026-05-28,True,,R&B/Soul,em - binz,8,2026-06-04,450000.0,7.0,201,0.0,1
20,spotify:track:1UhQ0VwKq2PGnLiAZOJYV1,Binz,Em,SS LABEL,4,57,28,450000,2026-06-04,False,37.0,R&B/Soul,em - binz,9,2026-06-11,374532.0,7.0,57,37.0,0
59,spotify:track:1VyXprVXZYNGWWZf1u4JfN,CORTIS,Blue Lips,Republic Records – CORTIS,59,-1,1,301620,2026-05-07,True,,Pop,blue lips - cortis,5,2026-05-14,289118.0,7.0,201,0.0,1
64,spotify:track:1VyXprVXZYNGWWZf1u4JfN,CORTIS,Blue Lips,Republic Records – CORTIS,59,59,2,289118,2026-05-14,False,-5.0,Pop,blue lips - cortis,6,2026-05-21,214604.0,7.0,59,-5.0,0
119,spotify:track:1VyXprVXZYNGWWZf1u4JfN,CORTIS,Blue Lips,Republic Records – CORTIS,59,64,3,214604,2026-05-21,False,-55.0,Pop,blue lips - cortis,7,2026-05-28,163319.0,7.0,64,-55.0,0
180,spotify:track:1VyXprVXZYNGWWZf1u4JfN,CORTIS,Blue Lips,Republic Records – CORTIS,59,119,4,163319,2026-05-28,False,-61.0,Pop,blue lips - cortis,8,2026-06-04,166100.0,7.0,119,-61.0,0
193,spotify:track:1cbLoF2FHZrdcAuH28eZ97,"Mason Nguyen, 24k.Right, Hipz",Hai Thằng Bịp,Universal Music Indochina Distributed Labels,148,169,9,169928,2026-04-09,False,-24.0,Rap/Hip-hop,"hai thằng bịp - mason nguyen, 24k.right, hipz",1,2026-04-16,164787.0,7.0,169,-24.0,0
176,spotify:track:1fFvYVg1v3rpUSqKNCUh7b,VCT,Người Bình Thường,Universal Music Indochina Distributed Labels,49,197,54,184587,2026-04-09,False,21.0,Ballad,người bình thường - vct,1,2026-04-16,187299.0,7.0,197,21.0,0
157,spotify:track:1fFvYVg1v3rpUSqKNCUh7b,VCT,Người Bình Thường,Universal Music Indochina Distributed Labels,49,176,55,187299,2026-04-16,False,19.0,Ballad,người bình thường - vct,2,2026-04-23,163536.0,7.0,176,19.0,0
172,spotify:track:1fFvYVg1v3rpUSqKNCUh7b,VCT,Người Bình Thường,Universal Music Indochina Distributed Labels,49,-1,57,176014,2026-05-07,True,,Ballad,người bình thường - vct,5,2026-05-14,171849.0,7.0,201,0.0,1
174,spotify:track:1fFvYVg1v3rpUSqKNCUh7b,VCT,Người Bình Thường,Universal Music Indochina Distributed Labels,49,172,58,171849,2026-05-14,False,-2.0,Ballad,người bình thường - vct,6,2026-05-21,177071.0,7.0,172,-2.0,0
63,spotify:track:1hPbWyZnUPaeAWbOSKwkXJ,Quang Đăng Trần,Anh Đã Không Biết Cách Yêu Em,338ENT,9,56,36,304400,2026-04-09,False,-7.0,Ballad,anh đã không biết cách yêu em - quang đăng trần,1,2026-04-16,275489.0,7.0,56,-7.0,0
71,spotify:track:1hPbWyZnUPaeAWbOSKwkXJ,Quang Đăng Trần,Anh Đã Không Biết Cách Yêu Em,338ENT,9,63,37,275489,2026-04-16,False,-8.0,Ballad,anh đã không biết cách yêu em - quang đăng trần,2,2026-04-23,291767.0,7.0,63,-8.0,0
73,spotify:track:1hPbWyZnUPaeAWbOSKwkXJ,Quang Đăng Trần,Anh Đã Không Biết Cách Yêu Em,338ENT,9,71,38,291767,2026-04-23,False,-2.0,Ballad,anh đã không biết cách yêu em - quang đăng trần,3,2026-04-30,257240.0,7.0,71,-2.0,0
91,spotify:track:1hPbWyZnUPaeAWbOSKwkXJ,Quang Đăng Trần,Anh Đã Không Biết Cách Yêu Em,338ENT,9,73,39,257240,2026-04-30,False,-18.0,Ballad,anh đã không biết cách yêu em - quang đăng trần,4,2026-05-07,240092.0,7.0,73,-18.0,0
101,spotify:track:1hPbWyZnUPaeAWbOSKwkXJ,Quang Đăng Trần,Anh Đã Không Biết Cách Yêu Em,338ENT,9,91,40,240092,2026-05-07,False,-10.0,Ballad,anh đã không biết cách yêu em - quang đăng trần,5,2026-05-14,234711.0,7.0,91,-10.0,0
102,spotify:track:1hPbWyZnUPaeAWbOSKwkXJ,Quang Đăng Trần,Anh Đã Không Biết Cách Yêu Em,338ENT,9,101,41,234711,2026-05-14,False,-1.0,Ballad,anh đã không biết cách yêu em - quang đăng trần,6,2026-05-21,248060.0,7.0,101,-1.0,0
89,spotify:track:1hPbWyZnUPaeAWbOSKwkXJ,Quang Đăng Trần,Anh Đã Không Biết Cách Yêu Em,338ENT,9,102,42,248060,2026-05-21,False,13.0,Ballad,anh đã không biết cách yêu em - quang đăng trần,7,2026-05-28,257947.0,7.0,102,13.0,0
75,spotify:track:1hPbWyZnUPaeAWbOSKwkXJ,Quang Đăng Trần,Anh Đã Không Biết Cách Yêu Em,338ENT,9,89,43,257947,2026-05-28,False,14.0,Ballad,anh đã không biết cách yêu em - quang đăng trần,8,2026-06-04,233393.0,7.0,89,14.0,0
104,spotify:track:1hPbWyZnUPaeAWbOSKwkXJ,Quang Đăng Trần,Anh Đã Không Biết Cách Yêu Em,338ENT,9,75,44,233393,2026-06-04,False,-29.0,Ballad,anh đã không biết cách yêu em - quang đăng trần,9,2026-06-11,229279.0,7.0,75,-29.0,0
102,spotify:track:1i5SZL7Ngz0sYFaKmwieyw,"Quang Hùng MasterD, Low G, Hino",Chất Gây Hại,M Music Records,16,99,16,239751,2026-04-09,False,-3.0,Rap/Hip-hop,"chất gây hại - quang hùng masterd, low g, hino",1,2026-04-16,255272.0,7.0,99,-3.0,0
84,spotify:track:1i5SZL7Ngz0sYFaKmwieyw,"Quang Hùng MasterD, Low G, Hino",Chất Gây Hại,M Music Records,16,102,17,255272,2026-04-16,False,18.0,Rap/Hip-hop,"chất gây hại - quang hùng masterd, low g, hino",2,2026-04-23,229807.0,7.0,102,18.0,0
105,spotify:track:1i5SZL7Ngz0sYFaKmwieyw,"Quang Hùng MasterD, Low G, Hino",Chất Gây Hại,M Music Records,16,84,18,229807,2026-04-23,False,-21.0,Rap/Hip-hop,"chất gây hại - quang hùng masterd, low g, hino",3,2026-04-30,224486.0,7.0,84,-21.0,0
116,spotify:track:1i5SZL7Ngz0sYFaKmwieyw,"Quang Hùng MasterD, Low G, Hino",Chất Gây Hại,M Music Records,16,105,19,224486,2026-04-30,False,-11.0,Rap/Hip-hop,"chất gây hại - quang hùng masterd, low g, hino",4,2026-05-07,230449.0,7.0,105,-11.0,0
107,spotify:track:1i5SZL7Ngz0sYFaKmwieyw,"Quang Hùng MasterD, Low G, Hino",Chất Gây Hại,M Music Records,16,116,20,230449,2026-05-07,False,9.0,Rap/Hip-hop,"chất gây hại - quang hùng masterd, low g, hino",5,2026-05-14,247925.0,7.0,116,9.0,0
91,spotify:track:1i5SZL7Ngz0sYFaKmwieyw,"Quang Hùng MasterD, Low G, Hino",Chất Gây Hại,M Music Records,16,107,21,247925,2026-05-14,False,16.0,Rap/Hip-hop,"chất gây hại - quang hùng masterd, low g, hino",6,2026-05-21,226616.0,7.0,107,16.0,0
101,spotify:track:1i5SZL7Ngz0sYFaKmwieyw,"Quang Hùng MasterD, Low G, Hino",Chất Gây Hại,M Music Records,16,91,22,226616,2026-05-21,False,-10.0,Rap/Hip-hop,"chất gây hại - quang hùng masterd, low g, hino",7,2026-05-28,181842.0,7.0,91,-10.0,0
151,spotify:track:1i5SZL7Ngz0sYFaKmwieyw,"Quang Hùng MasterD, Low G, Hino",Chất Gây Hại,M Music Records,16,101,23,181842,2026-05-28,False,-50.0,Rap/Hip-hop,"chất gây hại - quang hùng masterd, low g, hino",8,2026-06-04,191342.0,7.0,101,-50.0,0
144,spotify:track:1i5SZL7Ngz0sYFaKmwieyw,"Quang Hùng MasterD, Low G, Hino",Chất Gây Hại,M Music Records,16,151,24,191342,2026-06-04,False,7.0,Rap/Hip-hop,"chất gây hại - quang hùng masterd, low g, hino",9,2026-06-11,199198.0,7.0,151,7.0,0
192,spotify:track:1izPmgSW7FV6XFdEOiTvOY,"Changg, Minh Huy",Em Không Hiểu,Universal Music Indochina Distributed Labels,27,-1,243,163646,2026-06-04,True,,R&B/Soul,"em không hiểu - changg, minh huy",9,2026-06-11,192230.0,7.0,201,0.0,1
77,spotify:track:1mtmvJjTchdqDCoJbFv1Op,"OgeNus, Dangrangto",Tuyển Bạn Gái,Universal Music Indochina Distributed Labels,77,-1,1,265772,2026-04-16,True,,Rap/Hip-hop,"tuyển bạn gái - ogenus, dangrangto",2,2026-04-23,387597.0,7.0,201,0.0,1
40,spotify:track:1mtmvJjTchdqDCoJbFv1Op,"OgeNus, Dangrangto",Tuyển Bạn Gái,Universal Music Indochina Distributed Labels,40,77,2,387597,2026-04-23,False,37.0,Rap/Hip-hop,"tuyển bạn gái - ogenus, dangrangto",3,2026-04-30,304387.0,7.0,77,37.0,0
67,spotify:track:1mtmvJjTchdqDCoJbFv1Op,"OgeNus, Dangrangto",Tuyển Bạn Gái,Universal Music Indochina Distributed Labels,40,40,3,304387,2026-04-30,False,-27.0,Rap/Hip-hop,"tuyển bạn gái - ogenus, dangrangto",4,2026-05-07,252345.0,7.0,40,-27.0,0
88,spotify:track:1mtmvJjTchdqDCoJbFv1Op,"OgeNus, Dangrangto",Tuyển Bạn Gái,Universal Music Indochina Distributed Labels,40,67,4,252345,2026-05-07,False,-21.0,Rap/Hip-hop,"tuyển bạn gái - ogenus, dangrangto",5,2026-05-14,185658.0,7.0,67,-21.0,0
158,spotify:track:1mtmvJjTchdqDCoJbFv1Op,"OgeNus, Dangrangto",Tuyển Bạn Gái,Universal Music Indochina Distributed Labels,40,88,5,185658,2026-05-14,False,-70.0,Rap/Hip-hop,"tuyển bạn gái - ogenus, dangrangto",6,2026-05-21,174367.0,7.0,88,-70.0,0
173,spotify:track:1mtmvJjTchdqDCoJbFv1Op,"OgeNus, Dangrangto",Tuyển Bạn Gái,Universal Music Indochina Distributed Labels,40,158,6,174367,2026-05-21,False,-15.0,Rap/Hip-hop,"tuyển bạn gái - ogenus, dangrangto",7,2026-05-28,159343.0,7.0,158,-15.0,0
86,spotify:track:1o6cYDMHvKOfizi4d9Lqxr,W/N,id 072019,Universal Music Indochina Distributed Labels,3,78,141,263065,2026-04-09,False,-8.0,Pop,id 072019 - w/n,1,2026-04-16,254737.0,7.0,78,-8.0,0
85,spotify:track:1o6cYDMHvKOfizi4d9Lqxr,W/N,id 072019,Universal Music Indochina Distributed Labels,3,86,142,254737,2026-04-16,False,1.0,Pop,id 072019 - w/n,2,2026-04-23,238654.0,7.0,86,1.0,0
98,spotify:track:1o6cYDMHvKOfizi4d9Lqxr,W/N,id 072019,Universal Music Indochina Distributed Labels,3,85,143,238654,2026-04-23,False,-13.0,Pop,id 072019 - w/n,3,2026-04-30,268988.0,7.0,85,-13.0,0
82,spotify:track:1o6cYDMHvKOfizi4d9Lqxr,W/N,id 072019,Universal Music Indochina Distributed Labels,3,98,144,268988,2026-04-30,False,16.0,Pop,id 072019 - w/n,4,2026-05-07,276870.0,7.0,98,16.0,0
77,spotify:track:1o6cYDMHvKOfizi4d9Lqxr,W/N,id 072019,Universal Music Indochina Distributed Labels,3,82,145,276870,2026-05-07,False,5.0,Pop,id 072019 - w/n,5,2026-05-14,255312.0,7.0,82,5.0,0
83,spotify:track:1o6cYDMHvKOfizi4d9Lqxr,W/N,id 072019,Universal Music Indochina Distributed Labels,3,77,146,255312,2026-05-14,False,-6.0,Pop,id 072019 - w/n,6,2026-05-21,271223.0,7.0,77,-6.0,0
76,spotify:track:1o6cYDMHvKOfizi4d9Lqxr,W/N,id 072019,Universal Music Indochina Distributed Labels,3,83,147,271223,2026-05-21,False,7.0,Pop,id 072019 - w/n,7,2026-05-28,249690.0,7.0,83,7.0,0
80,spotify:track:1o6cYDMHvKOfizi4d9Lqxr,W/N,id 072019,Universal Music Indochina Distributed Labels,3,76,148,249690,2026-05-28,False,-4.0,Pop,id 072019 - w/n,8,2026-06-04,238781.0,7.0,76,-4.0,0
98,spotify:track:1o6cYDMHvKOfizi4d9Lqxr,W/N,id 072019,Universal Music Indochina Distributed Labels,3,80,149,238781,2026-06-04,False,-18.0,Pop,id 072019 - w/n,9,2026-06-11,248136.0,7.0,80,-18.0,0
38,spotify:track:1r9gNSD1WUFscqTSA2Rcet,MAYDAYs,Hẹn Lần Sau,Universal Music Indochina Distributed Labels,13,37,16,372875,2026-04-09,False,-1.0,Indie/Alternative,hẹn lần sau - maydays,1,2026-04-16,356686.0,7.0,37,-1.0,0
43,spotify:track:1r9gNSD1WUFscqTSA2Rcet,MAYDAYs,Hẹn Lần Sau,Universal Music Indochina Distributed Labels,13,38,17,356686,2026-04-16,False,-5.0,Indie/Alternative,hẹn lần sau - maydays,2,2026-04-23,330228.0,7.0,38,-5.0,0
54,spotify:track:1r9gNSD1WUFscqTSA2Rcet,MAYDAYs,Hẹn Lần Sau,Universal Music Indochina Distributed Labels,13,43,18,330228,2026-04-23,False,-11.0,Indie/Alternative,hẹn lần sau - maydays,3,2026-04-30,308331.0,7.0,43,-11.0,0
64,spotify:track:1r9gNSD1WUFscqTSA2Rcet,MAYDAYs,Hẹn Lần Sau,Universal Music Indochina Distributed Labels,13,54,19,308331,2026-04-30,False,-10.0,Indie/Alternative,hẹn lần sau - maydays,4,2026-05-07,293928.0,7.0,54,-10.0,0
65,spotify:track:1r9gNSD1WUFscqTSA2Rcet,MAYDAYs,Hẹn Lần Sau,Universal Music Indochina Distributed Labels,13,64,20,293928,2026-05-07,False,-1.0,Indie/Alternative,hẹn lần sau - maydays,5,2026-05-14,270774.0,7.0,64,-1.0,0
74,spotify:track:1r9gNSD1WUFscqTSA2Rcet,MAYDAYs,Hẹn Lần Sau,Universal Music Indochina Distributed Labels,13,65,21,270774,2026-05-14,False,-9.0,Indie/Alternative,hẹn lần sau - maydays,6,2026-05-21,286360.0,7.0,65,-9.0,0
63,spotify:track:1r9gNSD1WUFscqTSA2Rcet,MAYDAYs,Hẹn Lần Sau,Universal Music Indochina Distributed Labels,13,74,22,286360,2026-05-21,False,11.0,Indie/Alternative,hẹn lần sau - maydays,7,2026-05-28,311434.0,7.0,74,11.0,0
52,spotify:track:1r9gNSD1WUFscqTSA2Rcet,MAYDAYs,Hẹn Lần Sau,Universal Music Indochina Distributed Labels,13,63,23,311434,2026-05-28,False,11.0,Indie/Alternative,hẹn lần sau - maydays,8,2026-06-04,292466.0,7.0,63,11.0,0
65,spotify:track:1r9gNSD1WUFscqTSA2Rcet,MAYDAYs,Hẹn Lần Sau,Universal Music Indochina Distributed Labels,13,52,24,292466,2026-06-04,False,-13.0,Indie/Alternative,hẹn lần sau - maydays,9,2026-06-11,260381.0,7.0,52,-13.0,0
177,spotify:track:1uiqiUzPn2EJpvHDy84PEZ,"EM XINH ""SAY HI"", Orange, Mỹ Mỹ, 52Hz, Châu Bùi, Pháp Kiều",KHÔNG ĐAU NỮA RỒI,Em Xinh Say Hi,2,171,42,182192,2026-04-09,False,-6.0,Rap/Hip-hop,"không đau nữa rồi - em xinh ""say hi"", orange, mỹ mỹ, 52hz, châu bùi, pháp kiều",1,2026-04-16,174217.0,7.0,171,-6.0,0
176,spotify:track:1uiqiUzPn2EJpvHDy84PEZ,"EM XINH ""SAY HI"", Orange, Mỹ Mỹ, 52Hz, Châu Bùi, Pháp Kiều",KHÔNG ĐAU NỮA RỒI,Em Xinh Say Hi,2,177,43,174217,2026-04-16,False,1.0,Rap/Hip-hop,"không đau nữa rồi - em xinh ""say hi"", orange, mỹ mỹ, 52hz, châu bùi, pháp kiều",2,2026-04-23,166003.0,7.0,177,1.0,0
200,spotify:track:1uiqiUzPn2EJpvHDy84PEZ,"EM XINH ""SAY HI"", Orange, Mỹ Mỹ, 52Hz, Châu Bùi, Pháp Kiều",KHÔNG ĐAU NỮA RỒI,Em Xinh Say Hi,2,-1,45,158526,2026-05-14,True,,Rap/Hip-hop,"không đau nữa rồi - em xinh ""say hi"", orange, mỹ mỹ, 52hz, châu bùi, pháp kiều",6,2026-05-21,159085.0,7.0,201,0.0,1
198,spotify:track:1uiqiUzPn2EJpvHDy84PEZ,"EM XINH ""SAY HI"", Orange, Mỹ Mỹ, 52Hz, Châu Bùi, Pháp Kiều",KHÔNG ĐAU NỮA RỒI,Em Xinh Say Hi,2,200,46,159085,2026-05-21,False,2.0,Rap/Hip-hop,"không đau nữa rồi - em xinh ""say hi"", orange, mỹ mỹ, 52hz, châu bùi, pháp kiều",7,2026-05-28,162440.0,7.0,200,2.0,0
80,spotify:track:1xoadYaxtOp9gHDwgmPDuz,"JSOL, Hoàng Duyên",Sài Gòn Hôm Nay Mưa,Universal Music Indochina,3,84,254,269305,2026-04-09,False,4.0,Ballad,"sài gòn hôm nay mưa - jsol, hoàng duyên",1,2026-04-16,255961.0,7.0,84,4.0,0
83,spotify:track:1xoadYaxtOp9gHDwgmPDuz,"JSOL, Hoàng Duyên",Sài Gòn Hôm Nay Mưa,Universal Music Indochina,3,80,255,255961,2026-04-16,False,-3.0,Ballad,"sài gòn hôm nay mưa - jsol, hoàng duyên",2,2026-04-23,255559.0,7.0,80,-3.0,0
89,spotify:track:1xoadYaxtOp9gHDwgmPDuz,"JSOL, Hoàng Duyên",Sài Gòn Hôm Nay Mưa,Universal Music Indochina,3,83,256,255559,2026-04-23,False,-6.0,Ballad,"sài gòn hôm nay mưa - jsol, hoàng duyên",3,2026-04-30,278769.0,7.0,83,-6.0,0
77,spotify:track:1xoadYaxtOp9gHDwgmPDuz,"JSOL, Hoàng Duyên",Sài Gòn Hôm Nay Mưa,Universal Music Indochina,3,89,257,278769,2026-04-30,False,12.0,Ballad,"sài gòn hôm nay mưa - jsol, hoàng duyên",4,2026-05-07,284357.0,7.0,89,12.0,0
74,spotify:track:1xoadYaxtOp9gHDwgmPDuz,"JSOL, Hoàng Duyên",Sài Gòn Hôm Nay Mưa,Universal Music Indochina,3,77,258,284357,2026-05-07,False,3.0,Ballad,"sài gòn hôm nay mưa - jsol, hoàng duyên",5,2026-05-14,251560.0,7.0,77,3.0,0
88,spotify:track:1xoadYaxtOp9gHDwgmPDuz,"JSOL, Hoàng Duyên",Sài Gòn Hôm Nay Mưa,Universal Music Indochina,3,74,259,251560,2026-05-14,False,-14.0,Ballad,"sài gòn hôm nay mưa - jsol, hoàng duyên",6,2026-05-21,303168.0,7.0,74,-14.0,0
56,spotify:track:1xoadYaxtOp9gHDwgmPDuz,"JSOL, Hoàng Duyên",Sài Gòn Hôm Nay Mưa,Universal Music Indochina,3,88,260,303168,2026-05-21,False,32.0,Ballad,"sài gòn hôm nay mưa - jsol, hoàng duyên",7,2026-05-28,276287.0,7.0,88,32.0,0
67,spotify:track:1xoadYaxtOp9gHDwgmPDuz,"JSOL, Hoàng Duyên",Sài Gòn Hôm Nay Mưa,Universal Music Indochina,3,56,261,276287,2026-05-28,False,-11.0,Ballad,"sài gòn hôm nay mưa - jsol, hoàng duyên",8,2026-06-04,256925.0,7.0,56,-11.0,0
84,spotify:track:1xoadYaxtOp9gHDwgmPDuz,"JSOL, Hoàng Duyên",Sài Gòn Hôm Nay Mưa,Universal Music Indochina,3,67,262,256925,2026-06-04,False,-17.0,Ballad,"sài gòn hôm nay mưa - jsol, hoàng duyên",9,2026-06-11,254549.0,7.0,67,-17.0,0
177,spotify:track:1zvL2X6HPrLfvtSY4DpopE,MIN,Em Mới Là Người Yêu Anh,MIN,1,-1,155,173682,2026-05-07,True,,Pop,em mới là người yêu anh - min,5,2026-05-14,181686.0,7.0,201,0.0,1
162,spotify:track:1zvL2X6HPrLfvtSY4DpopE,MIN,Em Mới Là Người Yêu Anh,MIN,1,177,156,181686,2026-05-14,False,15.0,Pop,em mới là người yêu anh - min,6,2026-05-21,195096.0,7.0,177,15.0,0
142,spotify:track:1zvL2X6HPrLfvtSY4DpopE,MIN,Em Mới Là Người Yêu Anh,MIN,1,162,157,195096,2026-05-21,False,20.0,Pop,em mới là người yêu anh - min,7,2026-05-28,232922.0,7.0,162,20.0,0
102,spotify:track:1zvL2X6HPrLfvtSY4DpopE,MIN,Em Mới Là Người Yêu Anh,MIN,1,142,158,232922,2026-05-28,False,40.0,Pop,em mới là người yêu anh - min,8,2026-06-04,216121.0,7.0,142,40.0,0
118,spotify:track:1zvL2X6HPrLfvtSY4DpopE,MIN,Em Mới Là Người Yêu Anh,MIN,1,102,159,216121,2026-06-04,False,-16.0,Pop,em mới là người yêu anh - min,9,2026-06-11,194897.0,7.0,102,-16.0,0
96,spotify:track:20dAJsyno9ZoBLJtqgQnUI,BTS,Hooligan,BIGHIT MUSIC,8,54,3,243366,2026-04-09,False,-42.0,Pop,hooligan - bts,1,2026-04-16,213760.0,7.0,54,-42.0,0
120,spotify:track:20dAJsyno9ZoBLJtqgQnUI,BTS,Hooligan,BIGHIT MUSIC,8,96,4,213760,2026-04-16,False,-24.0,Pop,hooligan - bts,2,2026-04-23,187562.0,7.0,96,-24.0,0
165,spotify:track:20dAJsyno9ZoBLJtqgQnUI,BTS,Hooligan,BIGHIT MUSIC,8,120,5,187562,2026-04-23,False,-45.0,Pop,hooligan - bts,3,2026-04-30,188501.0,7.0,120,-45.0,0
162,spotify:track:20dAJsyno9ZoBLJtqgQnUI,BTS,Hooligan,BIGHIT MUSIC,8,165,6,188501,2026-04-30,False,3.0,Pop,hooligan - bts,4,2026-05-07,207319.0,7.0,165,3.0,0
128,spotify:track:20dAJsyno9ZoBLJtqgQnUI,BTS,Hooligan,BIGHIT MUSIC,8,162,7,207319,2026-05-07,False,34.0,Pop,hooligan - bts,5,2026-05-14,234329.0,7.0,162,34.0,0
103,spotify:track:20dAJsyno9ZoBLJtqgQnUI,BTS,Hooligan,BIGHIT MUSIC,8,128,8,234329,2026-05-14,False,25.0,Pop,hooligan - bts,6,2026-05-21,214732.0,7.0,128,25.0,0
118,spotify:track:20dAJsyno9ZoBLJtqgQnUI,BTS,Hooligan,BIGHIT MUSIC,8,103,9,214732,2026-05-21,False,-15.0,Pop,hooligan - bts,7,2026-05-28,204534.0,7.0,103,-15.0,0
124,spotify:track:20dAJsyno9ZoBLJtqgQnUI,BTS,Hooligan,BIGHIT MUSIC,8,118,10,204534,2026-05-28,False,-6.0,Pop,hooligan - bts,8,2026-06-04,197463.0,7.0,118,-6.0,0
138,spotify:track:20dAJsyno9ZoBLJtqgQnUI,BTS,Hooligan,BIGHIT MUSIC,8,124,11,197463,2026-06-04,False,-14.0,Pop,hooligan - bts,9,2026-06-11,175647.0,7.0,124,-14.0,0
23,spotify:track:20jbSiX29FDX4oQxBXyUEi,Ariana Grande,hate that i made you love me,Republic Records,23,-1,1,424052,2026-06-04,True,,R&B/Soul,hate that i made you love me - ariana grande,9,2026-06-11,540021.0,7.0,201,0.0,1
94,spotify:track:226ljdOTLM2clGpm4mZvAm,Dangrangto,Love is,MaiDao Music,10,95,76,245999,2026-04-09,False,1.0,Indie/Alternative,love is - dangrangto,1,2026-04-16,225814.0,7.0,95,1.0,0
108,spotify:track:226ljdOTLM2clGpm4mZvAm,Dangrangto,Love is,MaiDao Music,10,94,77,225814,2026-04-16,False,-14.0,Indie/Alternative,love is - dangrangto,2,2026-04-23,230232.0,7.0,94,-14.0,0
104,spotify:track:226ljdOTLM2clGpm4mZvAm,Dangrangto,Love is,MaiDao Music,10,108,78,230232,2026-04-23,False,4.0,Indie/Alternative,love is - dangrangto,3,2026-04-30,285626.0,7.0,108,4.0,0
74,spotify:track:226ljdOTLM2clGpm4mZvAm,Dangrangto,Love is,MaiDao Music,10,104,79,285626,2026-04-30,False,30.0,Indie/Alternative,love is - dangrangto,4,2026-05-07,271141.0,7.0,104,30.0,0
80,spotify:track:226ljdOTLM2clGpm4mZvAm,Dangrangto,Love is,MaiDao Music,10,74,80,271141,2026-05-07,False,-6.0,Indie/Alternative,love is - dangrangto,5,2026-05-14,240198.0,7.0,74,-6.0,0
27,spotify:track:22GCbN9OyrCa1tC1jZnX8O,"Thắng, Hà Lê",Gội Đầu,Thắng,27,-1,1,477543,2026-04-09,True,,Indie/Alternative,"gội đầu - thắng, hà lê",1,2026-04-16,369032.0,7.0,201,0.0,1
37,spotify:track:22GCbN9OyrCa1tC1jZnX8O,"Thắng, Hà Lê",Gội Đầu,Thắng,27,27,2,369032,2026-04-16,False,-10.0,Indie/Alternative,"gội đầu - thắng, hà lê",2,2026-04-23,254336.0,7.0,27,-10.0,0
91,spotify:track:22GCbN9OyrCa1tC1jZnX8O,"Thắng, Hà Lê",Gội Đầu,Thắng,27,37,3,254336,2026-04-23,False,-54.0,Indie/Alternative,"gội đầu - thắng, hà lê",3,2026-04-30,200362.0,7.0,37,-54.0,0
107,spotify:track:25NLn8W1JxuVrXQTVrDA4c,"Dfoxie37, myhoa, Tuann",hello em có khỏe không,Universal Music Indochina Distributed Labels,15,88,19,236426,2026-04-09,False,-19.0,Pop,"hello em có khỏe không - dfoxie37, myhoa, tuann",1,2026-04-16,224455.0,7.0,88,-19.0,0
110,spotify:track:25NLn8W1JxuVrXQTVrDA4c,"Dfoxie37, myhoa, Tuann",hello em có khỏe không,Universal Music Indochina Distributed Labels,15,107,20,224455,2026-04-16,False,-3.0,Pop,"hello em có khỏe không - dfoxie37, myhoa, tuann",2,2026-04-23,209522.0,7.0,107,-3.0,0
133,spotify:track:25NLn8W1JxuVrXQTVrDA4c,"Dfoxie37, myhoa, Tuann",hello em có khỏe không,Universal Music Indochina Distributed Labels,15,110,21,209522,2026-04-23,False,-23.0,Pop,"hello em có khỏe không - dfoxie37, myhoa, tuann",3,2026-04-30,199063.0,7.0,110,-23.0,0
145,spotify:track:25NLn8W1JxuVrXQTVrDA4c,"Dfoxie37, myhoa, Tuann",hello em có khỏe không,Universal Music Indochina Distributed Labels,15,133,22,199063,2026-04-30,False,-12.0,Pop,"hello em có khỏe không - dfoxie37, myhoa, tuann",4,2026-05-07,189591.0,7.0,133,-12.0,0
159,spotify:track:25NLn8W1JxuVrXQTVrDA4c,"Dfoxie37, myhoa, Tuann",hello em có khỏe không,Universal Music Indochina Distributed Labels,15,145,23,189591,2026-05-07,False,-14.0,Pop,"hello em có khỏe không - dfoxie37, myhoa, tuann",5,2026-05-14,189757.0,7.0,145,-14.0,0
151,spotify:track:25NLn8W1JxuVrXQTVrDA4c,"Dfoxie37, myhoa, Tuann",hello em có khỏe không,Universal Music Indochina Distributed Labels,15,159,24,189757,2026-05-14,False,8.0,Pop,"hello em có khỏe không - dfoxie37, myhoa, tuann",6,2026-05-21,179842.0,7.0,159,8.0,0
167,spotify:track:25NLn8W1JxuVrXQTVrDA4c,"Dfoxie37, myhoa, Tuann",hello em có khỏe không,Universal Music Indochina Distributed Labels,15,151,25,179842,2026-05-21,False,-16.0,Pop,"hello em có khỏe không - dfoxie37, myhoa, tuann",7,2026-05-28,181078.0,7.0,151,-16.0,0
156,spotify:track:25NLn8W1JxuVrXQTVrDA4c,"Dfoxie37, myhoa, Tuann",hello em có khỏe không,Universal Music Indochina Distributed Labels,15,167,26,181078,2026-05-28,False,11.0,Pop,"hello em có khỏe không - dfoxie37, myhoa, tuann",8,2026-06-04,160729.0,7.0,167,11.0,0
54,spotify:track:25h0TqC9H3BcMA7KjK5nHK,"GREY D, tlinh",vaicaunoicokhiennguoithaydoi,Umusic Vietnam Co. Ltd. Distributed Labels,2,76,199,327558,2026-04-09,False,22.0,R&B/Soul,"vaicaunoicokhiennguoithaydoi - grey d, tlinh",1,2026-04-16,307877.0,7.0,76,22.0,0
59,spotify:track:25h0TqC9H3BcMA7KjK5nHK,"GREY D, tlinh",vaicaunoicokhiennguoithaydoi,Umusic Vietnam Co. Ltd. Distributed Labels,2,54,200,307877,2026-04-16,False,-5.0,R&B/Soul,"vaicaunoicokhiennguoithaydoi - grey d, tlinh",2,2026-04-23,340233.0,7.0,54,-5.0,0
50,spotify:track:25h0TqC9H3BcMA7KjK5nHK,"GREY D, tlinh",vaicaunoicokhiennguoithaydoi,Umusic Vietnam Co. Ltd. Distributed Labels,2,59,201,340233,2026-04-23,False,9.0,R&B/Soul,"vaicaunoicokhiennguoithaydoi - grey d, tlinh",3,2026-04-30,314953.0,7.0,59,9.0,0
61,spotify:track:25h0TqC9H3BcMA7KjK5nHK,"GREY D, tlinh",vaicaunoicokhiennguoithaydoi,Umusic Vietnam Co. Ltd. Distributed Labels,2,50,202,314953,2026-04-30,False,-11.0,R&B/Soul,"vaicaunoicokhiennguoithaydoi - grey d, tlinh",4,2026-05-07,288722.0,7.0,50,-11.0,0
70,spotify:track:25h0TqC9H3BcMA7KjK5nHK,"GREY D, tlinh",vaicaunoicokhiennguoithaydoi,Umusic Vietnam Co. Ltd. Distributed Labels,2,61,203,288722,2026-05-07,False,-9.0,R&B/Soul,"vaicaunoicokhiennguoithaydoi - grey d, tlinh",5,2026-05-14,278073.0,7.0,61,-9.0,0
71,spotify:track:25h0TqC9H3BcMA7KjK5nHK,"GREY D, tlinh",vaicaunoicokhiennguoithaydoi,Umusic Vietnam Co. Ltd. Distributed Labels,2,70,204,278073,2026-05-14,False,-1.0,R&B/Soul,"vaicaunoicokhiennguoithaydoi - grey d, tlinh",6,2026-05-21,299379.0,7.0,70,-1.0,0
57,spotify:track:25h0TqC9H3BcMA7KjK5nHK,"GREY D, tlinh",vaicaunoicokhiennguoithaydoi,Umusic Vietnam Co. Ltd. Distributed Labels,2,71,205,299379,2026-05-21,False,14.0,R&B/Soul,"vaicaunoicokhiennguoithaydoi - grey d, tlinh",7,2026-05-28,283391.0,7.0,71,14.0,0
62,spotify:track:25h0TqC9H3BcMA7KjK5nHK,"GREY D, tlinh",vaicaunoicokhiennguoithaydoi,Umusic Vietnam Co. Ltd. Distributed Labels,2,57,206,283391,2026-05-28,False,-5.0,R&B/Soul,"vaicaunoicokhiennguoithaydoi - grey d, tlinh",8,2026-06-04,310907.0,7.0,57,-5.0,0
58,spotify:track:25h0TqC9H3BcMA7KjK5nHK,"GREY D, tlinh",vaicaunoicokhiennguoithaydoi,Umusic Vietnam Co. Ltd. Distributed Labels,2,62,207,310907,2026-06-04,False,4.0,R&B/Soul,"vaicaunoicokhiennguoithaydoi - grey d, tlinh",9,2026-06-11,293534.0,7.0,62,4.0,0
101,spotify:track:27F22WcGDyl4Z2KylVJkXL,buitruonglinh,Đường Tôi Chở Em Về,Universal Music Indochina Distributed Labels,14,121,180,239752,2026-04-09,False,20.0,Indie/Alternative,đường tôi chở em về - buitruonglinh,1,2026-04-16,251545.0,7.0,121,20.0,0
87,spotify:track:27F22WcGDyl4Z2KylVJkXL,buitruonglinh,Đường Tôi Chở Em Về,Universal Music Indochina Distributed Labels,14,101,181,251545,2026-04-16,False,14.0,Indie/Alternative,đường tôi chở em về - buitruonglinh,2,2026-04-23,226692.0,7.0,101,14.0,0
112,spotify:track:27F22WcGDyl4Z2KylVJkXL,buitruonglinh,Đường Tôi Chở Em Về,Universal Music Indochina Distributed Labels,14,87,182,226692,2026-04-23,False,-25.0,Indie/Alternative,đường tôi chở em về - buitruonglinh,3,2026-04-30,246190.0,7.0,87,-25.0,0
96,spotify:track:27F22WcGDyl4Z2KylVJkXL,buitruonglinh,Đường Tôi Chở Em Về,Universal Music Indochina Distributed Labels,14,112,183,246190,2026-04-30,False,16.0,Indie/Alternative,đường tôi chở em về - buitruonglinh,4,2026-05-07,240257.0,7.0,112,16.0,0
100,spotify:track:27F22WcGDyl4Z2KylVJkXL,buitruonglinh,Đường Tôi Chở Em Về,Universal Music Indochina Distributed Labels,14,96,184,240257,2026-05-07,False,-4.0,Indie/Alternative,đường tôi chở em về - buitruonglinh,5,2026-05-14,248616.0,7.0,96,-4.0,0
90,spotify:track:27F22WcGDyl4Z2KylVJkXL,buitruonglinh,Đường Tôi Chở Em Về,Universal Music Indochina Distributed Labels,14,100,185,248616,2026-05-14,False,10.0,Indie/Alternative,đường tôi chở em về - buitruonglinh,6,2026-05-21,285893.0,7.0,100,10.0,0
65,spotify:track:27F22WcGDyl4Z2KylVJkXL,buitruonglinh,Đường Tôi Chở Em Về,Universal Music Indochina Distributed Labels,14,90,186,285893,2026-05-21,False,25.0,Indie/Alternative,đường tôi chở em về - buitruonglinh,7,2026-05-28,235794.0,7.0,90,25.0,0
96,spotify:track:27F22WcGDyl4Z2KylVJkXL,buitruonglinh,Đường Tôi Chở Em Về,Universal Music Indochina Distributed Labels,14,65,187,235794,2026-05-28,False,-31.0,Indie/Alternative,đường tôi chở em về - buitruonglinh,8,2026-06-04,209447.0,7.0,65,-31.0,0
123,spotify:track:27F22WcGDyl4Z2KylVJkXL,buitruonglinh,Đường Tôi Chở Em Về,Universal Music Indochina Distributed Labels,14,96,188,209447,2026-06-04,False,-27.0,Indie/Alternative,đường tôi chở em về - buitruonglinh,9,2026-06-11,206567.0,7.0,96,-27.0,0
56,spotify:track:27Z9T0mSWHYWSj9SNOGvyt,"JustaTee, Phương Ly",Thằng Điên,NGUYEN THANH TUAN,2,68,192,321944,2026-04-09,False,12.0,R&B/Soul,"thằng điên - justatee, phương ly",1,2026-04-16,341948.0,7.0,68,12.0,0
48,spotify:track:27Z9T0mSWHYWSj9SNOGvyt,"JustaTee, Phương Ly",Thằng Điên,NGUYEN THANH TUAN,2,56,193,341948,2026-04-16,False,8.0,R&B/Soul,"thằng điên - justatee, phương ly",2,2026-04-23,367544.0,7.0,56,8.0,0
44,spotify:track:27Z9T0mSWHYWSj9SNOGvyt,"JustaTee, Phương Ly",Thằng Điên,NGUYEN THANH TUAN,2,48,194,367544,2026-04-23,False,4.0,R&B/Soul,"thằng điên - justatee, phương ly",3,2026-04-30,352911.0,7.0,48,4.0,0
45,spotify:track:27Z9T0mSWHYWSj9SNOGvyt,"JustaTee, Phương Ly",Thằng Điên,NGUYEN THANH TUAN,2,44,195,352911,2026-04-30,False,-1.0,R&B/Soul,"thằng điên - justatee, phương ly",4,2026-05-07,371615.0,7.0,44,-1.0,0
37,spotify:track:27Z9T0mSWHYWSj9SNOGvyt,"JustaTee, Phương Ly",Thằng Điên,NGUYEN THANH TUAN,2,45,196,371615,2026-05-07,False,8.0,R&B/Soul,"thằng điên - justatee, phương ly",5,2026-05-14,361195.0,7.0,45,8.0,0
37,spotify:track:27Z9T0mSWHYWSj9SNOGvyt,"JustaTee, Phương Ly",Thằng Điên,NGUYEN THANH TUAN,2,37,197,361195,2026-05-14,False,0.0,R&B/Soul,"thằng điên - justatee, phương ly",6,2026-05-21,397343.0,7.0,37,0.0,0
29,spotify:track:27Z9T0mSWHYWSj9SNOGvyt,"JustaTee, Phương Ly",Thằng Điên,NGUYEN THANH TUAN,2,37,198,397343,2026-05-21,False,8.0,R&B/Soul,"thằng điên - justatee, phương ly",7,2026-05-28,420785.0,7.0,37,8.0,0
23,spotify:track:27Z9T0mSWHYWSj9SNOGvyt,"JustaTee, Phương Ly",Thằng Điên,NGUYEN THANH TUAN,2,29,199,420785,2026-05-28,False,6.0,R&B/Soul,"thằng điên - justatee, phương ly",8,2026-06-04,391743.0,7.0,29,6.0,0
33,spotify:track:27Z9T0mSWHYWSj9SNOGvyt,"JustaTee, Phương Ly",Thằng Điên,NGUYEN THANH TUAN,2,23,200,391743,2026-06-04,False,-10.0,R&B/Soul,"thằng điên - justatee, phương ly",9,2026-06-11,340293.0,7.0,23,-10.0,0
118,spotify:track:29Tj2R8sZZ3fzlXZVe1OyY,"Dương Domic, Lou Hoàng",Pin Dự Phòng,DAO Entertainment,13,125,40,223926,2026-04-09,False,7.0,R&B/Soul,"pin dự phòng - dương domic, lou hoàng",1,2026-04-16,187718.0,7.0,125,7.0,0
155,spotify:track:29Tj2R8sZZ3fzlXZVe1OyY,"Dương Domic, Lou Hoàng",Pin Dự Phòng,DAO Entertainment,13,118,41,187718,2026-04-16,False,-37.0,R&B/Soul,"pin dự phòng - dương domic, lou hoàng",2,2026-04-23,202231.0,7.0,118,-37.0,0
144,spotify:track:29Tj2R8sZZ3fzlXZVe1OyY,"Dương Domic, Lou Hoàng",Pin Dự Phòng,DAO Entertainment,13,155,42,202231,2026-04-23,False,11.0,R&B/Soul,"pin dự phòng - dương domic, lou hoàng",3,2026-04-30,194981.0,7.0,155,11.0,0
149,spotify:track:29Tj2R8sZZ3fzlXZVe1OyY,"Dương Domic, Lou Hoàng",Pin Dự Phòng,DAO Entertainment,13,144,43,194981,2026-04-30,False,-5.0,R&B/Soul,"pin dự phòng - dương domic, lou hoàng",4,2026-05-07,185623.0,7.0,144,-5.0,0
162,spotify:track:29Tj2R8sZZ3fzlXZVe1OyY,"Dương Domic, Lou Hoàng",Pin Dự Phòng,DAO Entertainment,13,149,44,185623,2026-05-07,False,-13.0,R&B/Soul,"pin dự phòng - dương domic, lou hoàng",5,2026-05-14,171038.0,7.0,149,-13.0,0
154,spotify:track:2FnXZhpEKgIab8vI6t2C7e,"Shiki, Tyronee",Perfect,12 trái lê,74,145,52,194576,2026-04-09,False,-9.0,Rap/Hip-hop,"perfect - shiki, tyronee",1,2026-04-16,207643.0,7.0,145,-9.0,0
128,spotify:track:2FnXZhpEKgIab8vI6t2C7e,"Shiki, Tyronee",Perfect,12 trái lê,74,154,53,207643,2026-04-16,False,26.0,Rap/Hip-hop,"perfect - shiki, tyronee",2,2026-04-23,216059.0,7.0,154,26.0,0
127,spotify:track:2FnXZhpEKgIab8vI6t2C7e,"Shiki, Tyronee",Perfect,12 trái lê,74,128,54,216059,2026-04-23,False,1.0,Rap/Hip-hop,"perfect - shiki, tyronee",3,2026-04-30,186857.0,7.0,128,1.0,0
166,spotify:track:2FnXZhpEKgIab8vI6t2C7e,"Shiki, Tyronee",Perfect,12 trái lê,74,127,55,186857,2026-04-30,False,-39.0,Rap/Hip-hop,"perfect - shiki, tyronee",4,2026-05-07,193212.0,7.0,127,-39.0,0
148,spotify:track:2FnXZhpEKgIab8vI6t2C7e,"Shiki, Tyronee",Perfect,12 trái lê,74,166,56,193212,2026-05-07,False,18.0,Rap/Hip-hop,"perfect - shiki, tyronee",5,2026-05-14,174079.0,7.0,166,18.0,0
170,spotify:track:2FnXZhpEKgIab8vI6t2C7e,"Shiki, Tyronee",Perfect,12 trái lê,74,148,57,174079,2026-05-14,False,-22.0,Rap/Hip-hop,"perfect - shiki, tyronee",6,2026-05-21,183586.0,7.0,148,-22.0,0
164,spotify:track:2FnXZhpEKgIab8vI6t2C7e,"Shiki, Tyronee",Perfect,12 trái lê,74,170,58,183586,2026-05-21,False,6.0,Rap/Hip-hop,"perfect - shiki, tyronee",7,2026-05-28,166766.0,7.0,170,6.0,0
176,spotify:track:2FnXZhpEKgIab8vI6t2C7e,"Shiki, Tyronee",Perfect,12 trái lê,74,164,59,166766,2026-05-28,False,-12.0,Rap/Hip-hop,"perfect - shiki, tyronee",8,2026-06-04,173472.0,7.0,164,-12.0,0
168,spotify:track:2G5ujw3rrWcAXQqT8PVnrz,"Obito, Shiki, Lăng LD",Đầu Đường Xó Chợ,12 trái lê,39,149,77,188678,2026-04-09,False,-19.0,Rap/Hip-hop,"đầu đường xó chợ - obito, shiki, lăng ld",1,2026-04-16,198090.0,7.0,149,-19.0,0
142,spotify:track:2G5ujw3rrWcAXQqT8PVnrz,"Obito, Shiki, Lăng LD",Đầu Đường Xó Chợ,12 trái lê,39,168,78,198090,2026-04-16,False,26.0,Rap/Hip-hop,"đầu đường xó chợ - obito, shiki, lăng ld",2,2026-04-23,189842.0,7.0,168,26.0,0
163,spotify:track:2G5ujw3rrWcAXQqT8PVnrz,"Obito, Shiki, Lăng LD",Đầu Đường Xó Chợ,12 trái lê,39,142,79,189842,2026-04-23,False,-21.0,Rap/Hip-hop,"đầu đường xó chợ - obito, shiki, lăng ld",3,2026-04-30,179292.0,7.0,142,-21.0,0
182,spotify:track:2G5ujw3rrWcAXQqT8PVnrz,"Obito, Shiki, Lăng LD",Đầu Đường Xó Chợ,12 trái lê,39,-1,81,168446,2026-05-14,True,,Rap/Hip-hop,"đầu đường xó chợ - obito, shiki, lăng ld",6,2026-05-21,190044.0,7.0,201,0.0,1
152,spotify:track:2G5ujw3rrWcAXQqT8PVnrz,"Obito, Shiki, Lăng LD",Đầu Đường Xó Chợ,12 trái lê,39,182,82,190044,2026-05-21,False,30.0,Rap/Hip-hop,"đầu đường xó chợ - obito, shiki, lăng ld",7,2026-05-28,191443.0,7.0,182,30.0,0
133,spotify:track:2G5ujw3rrWcAXQqT8PVnrz,"Obito, Shiki, Lăng LD",Đầu Đường Xó Chợ,12 trái lê,39,152,83,191443,2026-05-28,False,19.0,Rap/Hip-hop,"đầu đường xó chợ - obito, shiki, lăng ld",8,2026-06-04,186582.0,7.0,152,19.0,0
149,spotify:track:2G5ujw3rrWcAXQqT8PVnrz,"Obito, Shiki, Lăng LD",Đầu Đường Xó Chợ,12 trái lê,39,133,84,186582,2026-06-04,False,-16.0,Rap/Hip-hop,"đầu đường xó chợ - obito, shiki, lăng ld",9,2026-06-11,200993.0,7.0,133,-16.0,0
150,spotify:track:2GE2p2dFpxp7OIz2QOFBzW,"ANH TRAI ""SAY HI"", HURRYKNG, HIEUTHUHAI, Negav, Pháp Kiều, Isaac","KIM PHÚT, KIM GIỜ (feat. HURRYKNG, HIEUTHUHAI, Negav, Pháp Kiều & Isaac)",Anh Trai Say Hi,5,161,76,197766,2026-04-09,False,11.0,Rap/Hip-hop,"kim phút, kim giờ (feat. hurrykng, hieuthuhai, negav, pháp kiều & isaac) - anh trai ""say hi"", hurrykng, hieuthuhai, negav, pháp kiều, isaac",1,2026-04-16,197837.0,7.0,161,11.0,0
143,spotify:track:2GE2p2dFpxp7OIz2QOFBzW,"ANH TRAI ""SAY HI"", HURRYKNG, HIEUTHUHAI, Negav, Pháp Kiều, Isaac","KIM PHÚT, KIM GIỜ (feat. HURRYKNG, HIEUTHUHAI, Negav, Pháp Kiều & Isaac)",Anh Trai Say Hi,5,150,77,197837,2026-04-16,False,7.0,Rap/Hip-hop,"kim phút, kim giờ (feat. hurrykng, hieuthuhai, negav, pháp kiều & isaac) - anh trai ""say hi"", hurrykng, hieuthuhai, negav, pháp kiều, isaac",2,2026-04-23,218845.0,7.0,150,7.0,0
122,spotify:track:2GE2p2dFpxp7OIz2QOFBzW,"ANH TRAI ""SAY HI"", HURRYKNG, HIEUTHUHAI, Negav, Pháp Kiều, Isaac","KIM PHÚT, KIM GIỜ (feat. HURRYKNG, HIEUTHUHAI, Negav, Pháp Kiều & Isaac)",Anh Trai Say Hi,5,143,78,218845,2026-04-23,False,21.0,Rap/Hip-hop,"kim phút, kim giờ (feat. hurrykng, hieuthuhai, negav, pháp kiều & isaac) - anh trai ""say hi"", hurrykng, hieuthuhai, negav, pháp kiều, isaac",3,2026-04-30,216527.0,7.0,143,21.0,0
125,spotify:track:2GE2p2dFpxp7OIz2QOFBzW,"ANH TRAI ""SAY HI"", HURRYKNG, HIEUTHUHAI, Negav, Pháp Kiều, Isaac","KIM PHÚT, KIM GIỜ (feat. HURRYKNG, HIEUTHUHAI, Negav, Pháp Kiều & Isaac)",Anh Trai Say Hi,5,122,79,216527,2026-04-30,False,-3.0,Rap/Hip-hop,"kim phút, kim giờ (feat. hurrykng, hieuthuhai, negav, pháp kiều & isaac) - anh trai ""say hi"", hurrykng, hieuthuhai, negav, pháp kiều, isaac",4,2026-05-07,200265.0,7.0,122,-3.0,0
136,spotify:track:2GE2p2dFpxp7OIz2QOFBzW,"ANH TRAI ""SAY HI"", HURRYKNG, HIEUTHUHAI, Negav, Pháp Kiều, Isaac","KIM PHÚT, KIM GIỜ (feat. HURRYKNG, HIEUTHUHAI, Negav, Pháp Kiều & Isaac)",Anh Trai Say Hi,5,125,80,200265,2026-05-07,False,-11.0,Rap/Hip-hop,"kim phút, kim giờ (feat. hurrykng, hieuthuhai, negav, pháp kiều & isaac) - anh trai ""say hi"", hurrykng, hieuthuhai, negav, pháp kiều, isaac",5,2026-05-14,187888.0,7.0,125,-11.0,0
155,spotify:track:2GE2p2dFpxp7OIz2QOFBzW,"ANH TRAI ""SAY HI"", HURRYKNG, HIEUTHUHAI, Negav, Pháp Kiều, Isaac","KIM PHÚT, KIM GIỜ (feat. HURRYKNG, HIEUTHUHAI, Negav, Pháp Kiều & Isaac)",Anh Trai Say Hi,5,136,81,187888,2026-05-14,False,-19.0,Rap/Hip-hop,"kim phút, kim giờ (feat. hurrykng, hieuthuhai, negav, pháp kiều & isaac) - anh trai ""say hi"", hurrykng, hieuthuhai, negav, pháp kiều, isaac",6,2026-05-21,186118.0,7.0,136,-19.0,0
161,spotify:track:2GE2p2dFpxp7OIz2QOFBzW,"ANH TRAI ""SAY HI"", HURRYKNG, HIEUTHUHAI, Negav, Pháp Kiều, Isaac","KIM PHÚT, KIM GIỜ (feat. HURRYKNG, HIEUTHUHAI, Negav, Pháp Kiều & Isaac)",Anh Trai Say Hi,5,155,82,186118,2026-05-21,False,-6.0,Rap/Hip-hop,"kim phút, kim giờ (feat. hurrykng, hieuthuhai, negav, pháp kiều & isaac) - anh trai ""say hi"", hurrykng, hieuthuhai, negav, pháp kiều, isaac",7,2026-05-28,184710.0,7.0,155,-6.0,0
143,spotify:track:2GE2p2dFpxp7OIz2QOFBzW,"ANH TRAI ""SAY HI"", HURRYKNG, HIEUTHUHAI, Negav, Pháp Kiều, Isaac","KIM PHÚT, KIM GIỜ (feat. HURRYKNG, HIEUTHUHAI, Negav, Pháp Kiều & Isaac)",Anh Trai Say Hi,5,161,83,184710,2026-05-28,False,18.0,Rap/Hip-hop,"kim phút, kim giờ (feat. hurrykng, hieuthuhai, negav, pháp kiều & isaac) - anh trai ""say hi"", hurrykng, hieuthuhai, negav, pháp kiều, isaac",8,2026-06-04,182056.0,7.0,161,18.0,0
155,spotify:track:2GE2p2dFpxp7OIz2QOFBzW,"ANH TRAI ""SAY HI"", HURRYKNG, HIEUTHUHAI, Negav, Pháp Kiều, Isaac","KIM PHÚT, KIM GIỜ (feat. HURRYKNG, HIEUTHUHAI, Negav, Pháp Kiều & Isaac)",Anh Trai Say Hi,5,143,84,182056,2026-06-04,False,-12.0,Rap/Hip-hop,"kim phút, kim giờ (feat. hurrykng, hieuthuhai, negav, pháp kiều & isaac) - anh trai ""say hi"", hurrykng, hieuthuhai, negav, pháp kiều, isaac",9,2026-06-11,165520.0,7.0,143,-12.0,0
2,spotify:track:2HRgqmZQC0MC7GeNuDIXHN,"Jung Kook, Latto",Seven (feat. Latto) (Explicit Ver.),BIGHIT MUSIC,1,2,143,2257601,2026-04-09,False,0.0,Pop,"seven (feat. latto) (explicit ver.) - jung kook, latto",1,2026-04-16,2206837.0,7.0,2,0.0,0
1,spotify:track:2HRgqmZQC0MC7GeNuDIXHN,"Jung Kook, Latto",Seven (feat. Latto) (Explicit Ver.),BIGHIT MUSIC,1,2,144,2206837,2026-04-16,False,1.0,Pop,"seven (feat. latto) (explicit ver.) - jung kook, latto",2,2026-04-23,2615101.0,7.0,2,1.0,0
1,spotify:track:2HRgqmZQC0MC7GeNuDIXHN,"Jung Kook, Latto",Seven (feat. Latto) (Explicit Ver.),BIGHIT MUSIC,1,1,145,2615101,2026-04-23,False,0.0,Pop,"seven (feat. latto) (explicit ver.) - jung kook, latto",3,2026-04-30,2442455.0,7.0,1,0.0,0
1,spotify:track:2HRgqmZQC0MC7GeNuDIXHN,"Jung Kook, Latto",Seven (feat. Latto) (Explicit Ver.),BIGHIT MUSIC,1,1,146,2442455,2026-04-30,False,0.0,Pop,"seven (feat. latto) (explicit ver.) - jung kook, latto",4,2026-05-07,2413076.0,7.0,1,0.0,0
1,spotify:track:2HRgqmZQC0MC7GeNuDIXHN,"Jung Kook, Latto",Seven (feat. Latto) (Explicit Ver.),BIGHIT MUSIC,1,1,147,2413076,2026-05-07,False,0.0,Pop,"seven (feat. latto) (explicit ver.) - jung kook, latto",5,2026-05-14,2356524.0,7.0,1,0.0,0
1,spotify:track:2HRgqmZQC0MC7GeNuDIXHN,"Jung Kook, Latto",Seven (feat. Latto) (Explicit Ver.),BIGHIT MUSIC,1,1,148,2356524,2026-05-14,False,0.0,Pop,"seven (feat. latto) (explicit ver.) - jung kook, latto",6,2026-05-21,2394661.0,7.0,1,0.0,0
1,spotify:track:2HRgqmZQC0MC7GeNuDIXHN,"Jung Kook, Latto",Seven (feat. Latto) (Explicit Ver.),BIGHIT MUSIC,1,1,149,2394661,2026-05-21,False,0.0,Pop,"seven (feat. latto) (explicit ver.) - jung kook, latto",7,2026-05-28,2331269.0,7.0,1,0.0,0
1,spotify:track:2HRgqmZQC0MC7GeNuDIXHN,"Jung Kook, Latto",Seven (feat. Latto) (Explicit Ver.),BIGHIT MUSIC,1,1,150,2331269,2026-05-28,False,0.0,Pop,"seven (feat. latto) (explicit ver.) - jung kook, latto",8,2026-06-04,2222129.0,7.0,1,0.0,0
1,spotify:track:2HRgqmZQC0MC7GeNuDIXHN,"Jung Kook, Latto",Seven (feat. Latto) (Explicit Ver.),BIGHIT MUSIC,1,1,151,2222129,2026-06-04,False,0.0,Pop,"seven (feat. latto) (explicit ver.) - jung kook, latto",9,2026-06-11,1975313.0,7.0,1,0.0,0
136,spotify:track:2IFND3phjzIG1RcPnHh2hP,BTS,Like Animals,BIGHIT MUSIC,18,79,3,204339,2026-04-09,False,-57.0,Pop,like animals - bts,1,2026-04-16,166965.0,7.0,79,-57.0,0
119,spotify:track:2KadxdRVKWJy3ahMnlClhq,Hà An Huy,CHẲNG CẦN BÌNH YÊN |,DAO Entertainment,119,-1,1,209753,2026-05-28,True,,Ballad,chẳng cần bình yên | - hà an huy,8,2026-06-04,207167.0,7.0,201,0.0,1
18,spotify:track:2KslE17cAJNHTsI2MI0jb2,Jung Kook,Standing Next to You,BIGHIT MUSIC,1,24,126,516928,2026-04-09,False,6.0,Pop,standing next to you - jung kook,1,2026-04-16,501142.0,7.0,24,6.0,0
18,spotify:track:2KslE17cAJNHTsI2MI0jb2,Jung Kook,Standing Next to You,BIGHIT MUSIC,1,18,127,501142,2026-04-16,False,0.0,Pop,standing next to you - jung kook,2,2026-04-23,570147.0,7.0,18,0.0,0
15,spotify:track:2KslE17cAJNHTsI2MI0jb2,Jung Kook,Standing Next to You,BIGHIT MUSIC,1,18,128,570147,2026-04-23,False,3.0,Pop,standing next to you - jung kook,3,2026-04-30,583154.0,7.0,18,3.0,0
11,spotify:track:2KslE17cAJNHTsI2MI0jb2,Jung Kook,Standing Next to You,BIGHIT MUSIC,1,15,129,583154,2026-04-30,False,4.0,Pop,standing next to you - jung kook,4,2026-05-07,794646.0,7.0,15,4.0,0
6,spotify:track:2KslE17cAJNHTsI2MI0jb2,Jung Kook,Standing Next to You,BIGHIT MUSIC,1,11,130,794646,2026-05-07,False,5.0,Pop,standing next to you - jung kook,5,2026-05-14,779147.0,7.0,11,5.0,0
5,spotify:track:2KslE17cAJNHTsI2MI0jb2,Jung Kook,Standing Next to You,BIGHIT MUSIC,1,6,131,779147,2026-05-14,False,1.0,Pop,standing next to you - jung kook,6,2026-05-21,779071.0,7.0,6,1.0,0
5,spotify:track:2KslE17cAJNHTsI2MI0jb2,Jung Kook,Standing Next to You,BIGHIT MUSIC,1,5,132,779071,2026-05-21,False,0.0,Pop,standing next to you - jung kook,7,2026-05-28,796857.0,7.0,5,0.0,0
5,spotify:track:2KslE17cAJNHTsI2MI0jb2,Jung Kook,Standing Next to You,BIGHIT MUSIC,1,5,133,796857,2026-05-28,False,0.0,Pop,standing next to you - jung kook,8,2026-06-04,741166.0,7.0,5,0.0,0
6,spotify:track:2KslE17cAJNHTsI2MI0jb2,Jung Kook,Standing Next to You,BIGHIT MUSIC,1,5,134,741166,2026-06-04,False,-1.0,Pop,standing next to you - jung kook,9,2026-06-11,641818.0,7.0,5,-1.0,0
145,spotify:track:2NIsWvMUHXqCplwCygJMjP,WEAN,NOWME,M Music Records,145,-1,1,183905,2026-05-28,True,,R&B/Soul,nowme - wean,8,2026-06-04,217118.0,7.0,201,0.0,1
199,spotify:track:2OSjnBrQQ0CNKxIUM2GQDk,"JustaTee, Binz",Crying Over You,NGUYEN THANH TUAN,199,-1,1,158518,2026-05-21,True,,R&B/Soul,"crying over you - justatee, binz",7,2026-05-28,168696.0,7.0,201,0.0,1
61,spotify:track:2Pwou3Q2Cf59RxdX2V6MgV,Shiki,Có Đôi Điều,12 trái lê,10,55,67,311723,2026-04-09,False,-6.0,Rap/Hip-hop,có đôi điều - shiki,1,2026-04-16,311745.0,7.0,55,-6.0,0
58,spotify:track:2Pwou3Q2Cf59RxdX2V6MgV,Shiki,Có Đôi Điều,12 trái lê,10,61,68,311745,2026-04-16,False,3.0,Rap/Hip-hop,có đôi điều - shiki,2,2026-04-23,337233.0,7.0,61,3.0,0
52,spotify:track:2Pwou3Q2Cf59RxdX2V6MgV,Shiki,Có Đôi Điều,12 trái lê,10,58,69,337233,2026-04-23,False,6.0,Rap/Hip-hop,có đôi điều - shiki,3,2026-04-30,307759.0,7.0,58,6.0,0
66,spotify:track:2Pwou3Q2Cf59RxdX2V6MgV,Shiki,Có Đôi Điều,12 trái lê,10,52,70,307759,2026-04-30,False,-14.0,Rap/Hip-hop,có đôi điều - shiki,4,2026-05-07,283224.0,7.0,52,-14.0,0
76,spotify:track:2Pwou3Q2Cf59RxdX2V6MgV,Shiki,Có Đôi Điều,12 trái lê,10,66,71,283224,2026-05-07,False,-10.0,Rap/Hip-hop,có đôi điều - shiki,5,2026-05-14,261375.0,7.0,66,-10.0,0
81,spotify:track:2Pwou3Q2Cf59RxdX2V6MgV,Shiki,Có Đôi Điều,12 trái lê,10,76,72,261375,2026-05-14,False,-5.0,Rap/Hip-hop,có đôi điều - shiki,6,2026-05-21,271972.0,7.0,76,-5.0,0
74,spotify:track:2Pwou3Q2Cf59RxdX2V6MgV,Shiki,Có Đôi Điều,12 trái lê,10,81,73,271972,2026-05-21,False,7.0,Rap/Hip-hop,có đôi điều - shiki,7,2026-05-28,241587.0,7.0,81,7.0,0
87,spotify:track:2Pwou3Q2Cf59RxdX2V6MgV,Shiki,Có Đôi Điều,12 trái lê,10,74,74,241587,2026-05-28,False,-13.0,Rap/Hip-hop,có đôi điều - shiki,8,2026-06-04,267323.0,7.0,74,-13.0,0
78,spotify:track:2Pwou3Q2Cf59RxdX2V6MgV,Shiki,Có Đôi Điều,12 trái lê,10,87,75,267323,2026-06-04,False,9.0,Rap/Hip-hop,có đôi điều - shiki,9,2026-06-11,224860.0,7.0,87,9.0,0
162,spotify:track:2RkZ5LkEzeHGRsmDqKwmaJ,Alex Warren,Ordinary,Atlantic Records,38,190,10,191106,2026-04-09,False,28.0,Pop,ordinary - alex warren,1,2026-04-16,202915.0,7.0,190,28.0,0
136,spotify:track:2RkZ5LkEzeHGRsmDqKwmaJ,Alex Warren,Ordinary,Atlantic Records,38,162,11,202915,2026-04-16,False,26.0,Pop,ordinary - alex warren,2,2026-04-23,203487.0,7.0,162,26.0,0
141,spotify:track:2RkZ5LkEzeHGRsmDqKwmaJ,Alex Warren,Ordinary,Atlantic Records,38,136,12,203487,2026-04-23,False,-5.0,Pop,ordinary - alex warren,3,2026-04-30,188467.0,7.0,136,-5.0,0
163,spotify:track:2RkZ5LkEzeHGRsmDqKwmaJ,Alex Warren,Ordinary,Atlantic Records,38,141,13,188467,2026-04-30,False,-22.0,Pop,ordinary - alex warren,4,2026-05-07,175506.0,7.0,141,-22.0,0
173,spotify:track:2RkZ5LkEzeHGRsmDqKwmaJ,Alex Warren,Ordinary,Atlantic Records,38,163,14,175506,2026-05-07,False,-10.0,Pop,ordinary - alex warren,5,2026-05-14,170951.0,7.0,163,-10.0,0
180,spotify:track:2RkZ5LkEzeHGRsmDqKwmaJ,Alex Warren,Ordinary,Atlantic Records,38,173,15,170951,2026-05-14,False,-7.0,Pop,ordinary - alex warren,6,2026-05-21,162917.0,7.0,173,-7.0,0
187,spotify:track:2SykQzXuFSeprST1uDjj1m,AMEE,trời giấu trời mang đi,Yin Yang Media,52,-1,83,167466,2026-04-16,True,,R&B/Soul,trời giấu trời mang đi - amee,2,2026-04-23,168761.0,7.0,201,0.0,1
189,spotify:track:2SykQzXuFSeprST1uDjj1m,AMEE,trời giấu trời mang đi,Yin Yang Media,52,187,84,168761,2026-04-23,False,-2.0,R&B/Soul,trời giấu trời mang đi - amee,3,2026-04-30,167664.0,7.0,187,-2.0,0
192,spotify:track:2SykQzXuFSeprST1uDjj1m,AMEE,trời giấu trời mang đi,Yin Yang Media,52,-1,86,162539,2026-05-21,True,,R&B/Soul,trời giấu trời mang đi - amee,7,2026-05-28,171053.0,7.0,201,0.0,1
171,spotify:track:2SykQzXuFSeprST1uDjj1m,AMEE,trời giấu trời mang đi,Yin Yang Media,52,192,87,171053,2026-05-28,False,21.0,R&B/Soul,trời giấu trời mang đi - amee,8,2026-06-04,174023.0,7.0,192,21.0,0
80,spotify:track:2UvqD395dhlJWO0SxHJ89n,"HIEUTHUHAI, HURRYKNG",Đáng Lý Anh Nên Yêu Em Hơn,M Music Records,80,-1,1,275986,2026-04-30,True,,Rap/Hip-hop,"đáng lý anh nên yêu em hơn - hieuthuhai, hurrykng",4,2026-05-07,196396.0,7.0,201,0.0,1
144,spotify:track:2UvqD395dhlJWO0SxHJ89n,"HIEUTHUHAI, HURRYKNG",Đáng Lý Anh Nên Yêu Em Hơn,M Music Records,80,80,2,196396,2026-05-07,False,-64.0,Rap/Hip-hop,"đáng lý anh nên yêu em hơn - hieuthuhai, hurrykng",5,2026-05-14,160319.0,7.0,80,-64.0,0
134,spotify:track:2Wjghh0RpiBquLsJ932X6R,Ronboogz,nhắn nhủ,MaiDao Music,14,82,127,202073,2026-05-21,False,-52.0,Indie/Alternative,nhắn nhủ - ronboogz,7,2026-05-28,201050.0,7.0,82,-52.0,0
126,spotify:track:2Wjghh0RpiBquLsJ932X6R,Ronboogz,nhắn nhủ,MaiDao Music,14,134,128,201050,2026-05-28,False,8.0,Indie/Alternative,nhắn nhủ - ronboogz,8,2026-06-04,220717.0,7.0,134,8.0,0
112,spotify:track:2Wjghh0RpiBquLsJ932X6R,Ronboogz,nhắn nhủ,MaiDao Music,14,126,129,220717,2026-06-04,False,14.0,Indie/Alternative,nhắn nhủ - ronboogz,9,2026-06-11,203544.0,7.0,126,14.0,0
52,spotify:track:2ZBi1KpCR0grEWRNgySqwg,Hngle,Buông,Sony Music Entertainment,17,43,8,330371,2026-04-09,False,-9.0,Ballad,buông - hngle,1,2026-04-16,302671.0,7.0,43,-9.0,0
62,spotify:track:2ZBi1KpCR0grEWRNgySqwg,Hngle,Buông,Sony Music Entertainment,17,52,9,302671,2026-04-16,False,-10.0,Ballad,buông - hngle,2,2026-04-23,327990.0,7.0,52,-10.0,0
56,spotify:track:2ZBi1KpCR0grEWRNgySqwg,Hngle,Buông,Sony Music Entertainment,17,62,10,327990,2026-04-23,False,6.0,Ballad,buông - hngle,3,2026-04-30,265612.0,7.0,62,6.0,0
84,spotify:track:2ZBi1KpCR0grEWRNgySqwg,Hngle,Buông,Sony Music Entertainment,17,56,11,265612,2026-04-30,False,-28.0,Ballad,buông - hngle,4,2026-05-07,232333.0,7.0,56,-28.0,0
106,spotify:track:2ZBi1KpCR0grEWRNgySqwg,Hngle,Buông,Sony Music Entertainment,17,84,12,232333,2026-05-07,False,-22.0,Ballad,buông - hngle,5,2026-05-14,225433.0,7.0,84,-22.0,0
112,spotify:track:2ZBi1KpCR0grEWRNgySqwg,Hngle,Buông,Sony Music Entertainment,17,106,13,225433,2026-05-14,False,-6.0,Ballad,buông - hngle,6,2026-05-21,239379.0,7.0,106,-6.0,0
92,spotify:track:2ZBi1KpCR0grEWRNgySqwg,Hngle,Buông,Sony Music Entertainment,17,112,14,239379,2026-05-21,False,20.0,Ballad,buông - hngle,7,2026-05-28,233774.0,7.0,112,20.0,0
99,spotify:track:2ZBi1KpCR0grEWRNgySqwg,Hngle,Buông,Sony Music Entertainment,17,92,15,233774,2026-05-28,False,-7.0,Ballad,buông - hngle,8,2026-06-04,240795.0,7.0,92,-7.0,0
95,spotify:track:2ZBi1KpCR0grEWRNgySqwg,Hngle,Buông,Sony Music Entertainment,17,99,16,240795,2026-06-04,False,4.0,Ballad,buông - hngle,9,2026-06-11,237541.0,7.0,99,4.0,0
22,spotify:track:2a5hng9yXtbjtTVVm9UviC,VCT,Mơ,Universal Music Indochina Distributed Labels,6,18,189,502236,2026-04-09,False,-4.0,Pop,mơ - vct,1,2026-04-16,500727.0,7.0,18,-4.0,0
19,spotify:track:2a5hng9yXtbjtTVVm9UviC,VCT,Mơ,Universal Music Indochina Distributed Labels,6,22,190,500727,2026-04-16,False,3.0,Pop,mơ - vct,2,2026-04-23,510164.0,7.0,22,3.0,0
17,spotify:track:2a5hng9yXtbjtTVVm9UviC,VCT,Mơ,Universal Music Indochina Distributed Labels,6,19,191,510164,2026-04-23,False,2.0,Pop,mơ - vct,3,2026-04-30,501462.0,7.0,19,2.0,0
19,spotify:track:2a5hng9yXtbjtTVVm9UviC,VCT,Mơ,Universal Music Indochina Distributed Labels,6,17,192,501462,2026-04-30,False,-2.0,Pop,mơ - vct,4,2026-05-07,492261.0,7.0,17,-2.0,0
16,spotify:track:2a5hng9yXtbjtTVVm9UviC,VCT,Mơ,Universal Music Indochina Distributed Labels,6,19,193,492261,2026-05-07,False,3.0,Pop,mơ - vct,5,2026-05-14,505039.0,7.0,19,3.0,0
14,spotify:track:2a5hng9yXtbjtTVVm9UviC,VCT,Mơ,Universal Music Indochina Distributed Labels,6,16,194,505039,2026-05-14,False,2.0,Pop,mơ - vct,6,2026-05-21,556659.0,7.0,16,2.0,0
12,spotify:track:2a5hng9yXtbjtTVVm9UviC,VCT,Mơ,Universal Music Indochina Distributed Labels,6,14,195,556659,2026-05-21,False,2.0,Pop,mơ - vct,7,2026-05-28,510607.0,7.0,14,2.0,0
13,spotify:track:2a5hng9yXtbjtTVVm9UviC,VCT,Mơ,Universal Music Indochina Distributed Labels,6,12,196,510607,2026-05-28,False,-1.0,Pop,mơ - vct,8,2026-06-04,451758.0,7.0,12,-1.0,0
19,spotify:track:2a5hng9yXtbjtTVVm9UviC,VCT,Mơ,Universal Music Indochina Distributed Labels,6,13,197,451758,2026-06-04,False,-6.0,Pop,mơ - vct,9,2026-06-11,458754.0,7.0,13,-6.0,0
60,spotify:track:2dPJtlvoa3GDowCh035M8P,Vũ.,Nếu Những Tiếc Nuối,WM Vietnam,33,57,51,316733,2026-04-09,False,-3.0,Indie/Alternative,nếu những tiếc nuối - vũ.,1,2026-04-16,313102.0,7.0,57,-3.0,0
57,spotify:track:2dPJtlvoa3GDowCh035M8P,Vũ.,Nếu Những Tiếc Nuối,WM Vietnam,33,60,52,313102,2026-04-16,False,3.0,Indie/Alternative,nếu những tiếc nuối - vũ.,2,2026-04-23,319613.0,7.0,60,3.0,0
64,spotify:track:2dPJtlvoa3GDowCh035M8P,Vũ.,Nếu Những Tiếc Nuối,WM Vietnam,33,57,53,319613,2026-04-23,False,-7.0,Indie/Alternative,nếu những tiếc nuối - vũ.,3,2026-04-30,290012.0,7.0,57,-7.0,0
72,spotify:track:2dPJtlvoa3GDowCh035M8P,Vũ.,Nếu Những Tiếc Nuối,WM Vietnam,33,64,54,290012,2026-04-30,False,-8.0,Indie/Alternative,nếu những tiếc nuối - vũ.,4,2026-05-07,276630.0,7.0,64,-8.0,0
78,spotify:track:2dPJtlvoa3GDowCh035M8P,Vũ.,Nếu Những Tiếc Nuối,WM Vietnam,33,72,55,276630,2026-05-07,False,-6.0,Indie/Alternative,nếu những tiếc nuối - vũ.,5,2026-05-14,269291.0,7.0,72,-6.0,0
75,spotify:track:2dPJtlvoa3GDowCh035M8P,Vũ.,Nếu Những Tiếc Nuối,WM Vietnam,33,78,56,269291,2026-05-14,False,3.0,Indie/Alternative,nếu những tiếc nuối - vũ.,6,2026-05-21,295222.0,7.0,78,3.0,0
59,spotify:track:2dPJtlvoa3GDowCh035M8P,Vũ.,Nếu Những Tiếc Nuối,WM Vietnam,33,75,57,295222,2026-05-21,False,16.0,Indie/Alternative,nếu những tiếc nuối - vũ.,7,2026-05-28,275215.0,7.0,75,16.0,0
68,spotify:track:2dPJtlvoa3GDowCh035M8P,Vũ.,Nếu Những Tiếc Nuối,WM Vietnam,33,59,58,275215,2026-05-28,False,-9.0,Indie/Alternative,nếu những tiếc nuối - vũ.,8,2026-06-04,246005.0,7.0,59,-9.0,0
91,spotify:track:2dPJtlvoa3GDowCh035M8P,Vũ.,Nếu Những Tiếc Nuối,WM Vietnam,33,68,59,246005,2026-06-04,False,-23.0,Indie/Alternative,nếu những tiếc nuối - vũ.,9,2026-06-11,208310.0,7.0,68,-23.0,0
167,spotify:track:2eVsKrWqJhTAVItaTRashw,VƯƠNG BÌNH,Thanh Tân,Umusic Vietnam Co. Ltd. Distributed Labels,40,140,7,189317,2026-04-09,False,-27.0,R&B/Soul,thanh tân - vương bình,1,2026-04-16,172134.0,7.0,140,-27.0,0
35,spotify:track:2fCwv2ppU5nTRTckomIGsd,CORTIS,REDRED,Republic Records – CORTIS,35,-1,1,403304,2026-04-23,True,,Pop,redred - cortis,3,2026-04-30,683537.0,7.0,201,0.0,1
8,spotify:track:2fCwv2ppU5nTRTckomIGsd,CORTIS,REDRED,Republic Records – CORTIS,8,35,2,683537,2026-04-30,False,27.0,Pop,redred - cortis,4,2026-05-07,806197.0,7.0,35,27.0,0
5,spotify:track:2fCwv2ppU5nTRTckomIGsd,CORTIS,REDRED,Republic Records – CORTIS,5,8,3,806197,2026-05-07,False,3.0,Pop,redred - cortis,5,2026-05-14,706094.0,7.0,8,3.0,0
6,spotify:track:2fCwv2ppU5nTRTckomIGsd,CORTIS,REDRED,Republic Records – CORTIS,5,5,4,706094,2026-05-14,False,-1.0,Pop,redred - cortis,6,2026-05-21,585122.0,7.0,5,-1.0,0
10,spotify:track:2fCwv2ppU5nTRTckomIGsd,CORTIS,REDRED,Republic Records – CORTIS,5,6,5,585122,2026-05-21,False,-4.0,Pop,redred - cortis,7,2026-05-28,490144.0,7.0,6,-4.0,0
14,spotify:track:2fCwv2ppU5nTRTckomIGsd,CORTIS,REDRED,Republic Records – CORTIS,5,10,6,490144,2026-05-28,False,-4.0,Pop,redred - cortis,8,2026-06-04,438997.0,7.0,10,-4.0,0
22,spotify:track:2fCwv2ppU5nTRTckomIGsd,CORTIS,REDRED,Republic Records – CORTIS,5,14,7,438997,2026-06-04,False,-8.0,Pop,redred - cortis,9,2026-06-11,397994.0,7.0,14,-8.0,0
71,spotify:track:2gyJ83K0VJk7Ug1J4Qoaki,GREY D,tựa đầu,Umusic Vietnam Co. Ltd. Distributed Labels,71,143,2,285154,2026-04-09,False,72.0,R&B/Soul,tựa đầu - grey d,1,2026-04-16,204272.0,7.0,143,72.0,0
135,spotify:track:2gyJ83K0VJk7Ug1J4Qoaki,GREY D,tựa đầu,Umusic Vietnam Co. Ltd. Distributed Labels,71,71,3,204272,2026-04-16,False,-64.0,R&B/Soul,tựa đầu - grey d,2,2026-04-23,164765.0,7.0,71,-64.0,0
184,spotify:track:2n00rcPaXcWfFB9irOKOmh,Ronboogz,Anh Chỉ Muốn,MaiDao Music,76,-1,98,176655,2026-04-30,True,,Indie/Alternative,anh chỉ muốn - ronboogz,4,2026-05-07,186561.0,7.0,201,0.0,1
161,spotify:track:2n00rcPaXcWfFB9irOKOmh,Ronboogz,Anh Chỉ Muốn,MaiDao Music,76,184,99,186561,2026-05-07,False,23.0,Indie/Alternative,anh chỉ muốn - ronboogz,5,2026-05-14,161945.0,7.0,184,23.0,0
163,spotify:track:2o4dDfLK6NVI7TjBm5VoMv,"Lou Hoàng, Miu Lê",Yêu Một Người Có Lẽ,Onlyc Entertainment,33,189,216,191069,2026-04-09,False,26.0,Pop,"yêu một người có lẽ - lou hoàng, miu lê",1,2026-04-16,189105.0,7.0,189,26.0,0
153,spotify:track:2o4dDfLK6NVI7TjBm5VoMv,"Lou Hoàng, Miu Lê",Yêu Một Người Có Lẽ,Onlyc Entertainment,33,163,217,189105,2026-04-16,False,10.0,Pop,"yêu một người có lẽ - lou hoàng, miu lê",2,2026-04-23,211516.0,7.0,163,10.0,0
130,spotify:track:2o4dDfLK6NVI7TjBm5VoMv,"Lou Hoàng, Miu Lê",Yêu Một Người Có Lẽ,Onlyc Entertainment,33,153,218,211516,2026-04-23,False,23.0,Pop,"yêu một người có lẽ - lou hoàng, miu lê",3,2026-04-30,228314.0,7.0,153,23.0,0
112,spotify:track:2o4dDfLK6NVI7TjBm5VoMv,"Lou Hoàng, Miu Lê",Yêu Một Người Có Lẽ,Onlyc Entertainment,33,130,219,228314,2026-04-30,False,18.0,Pop,"yêu một người có lẽ - lou hoàng, miu lê",4,2026-05-07,225217.0,7.0,130,18.0,0
114,spotify:track:2o4dDfLK6NVI7TjBm5VoMv,"Lou Hoàng, Miu Lê",Yêu Một Người Có Lẽ,Onlyc Entertainment,33,112,220,225217,2026-05-07,False,-2.0,Pop,"yêu một người có lẽ - lou hoàng, miu lê",5,2026-05-14,281663.0,7.0,112,-2.0,0
68,spotify:track:2o4dDfLK6NVI7TjBm5VoMv,"Lou Hoàng, Miu Lê",Yêu Một Người Có Lẽ,Onlyc Entertainment,33,114,221,281663,2026-05-14,False,46.0,Pop,"yêu một người có lẽ - lou hoàng, miu lê",6,2026-05-21,456281.0,7.0,114,46.0,0
17,spotify:track:2o4dDfLK6NVI7TjBm5VoMv,"Lou Hoàng, Miu Lê",Yêu Một Người Có Lẽ,Onlyc Entertainment,17,68,222,456281,2026-05-21,False,51.0,Pop,"yêu một người có lẽ - lou hoàng, miu lê",7,2026-05-28,385285.0,7.0,68,51.0,0
32,spotify:track:2o4dDfLK6NVI7TjBm5VoMv,"Lou Hoàng, Miu Lê",Yêu Một Người Có Lẽ,Onlyc Entertainment,17,17,223,385285,2026-05-28,False,-15.0,Pop,"yêu một người có lẽ - lou hoàng, miu lê",8,2026-06-04,392155.0,7.0,17,-15.0,0
32,spotify:track:2o4dDfLK6NVI7TjBm5VoMv,"Lou Hoàng, Miu Lê",Yêu Một Người Có Lẽ,Onlyc Entertainment,17,32,224,392155,2026-06-04,False,0.0,Pop,"yêu một người có lẽ - lou hoàng, miu lê",9,2026-06-11,325169.0,7.0,32,0.0,0
85,spotify:track:2pBZoglJzsRk4UeVey8n0k,Việt Anh,Ngày Này Năm Ấy,338ENT,17,115,35,263189,2026-04-09,False,30.0,Ballad,ngày này năm ấy - việt anh,1,2026-04-16,256695.0,7.0,115,30.0,0
82,spotify:track:2pBZoglJzsRk4UeVey8n0k,Việt Anh,Ngày Này Năm Ấy,338ENT,17,85,36,256695,2026-04-16,False,3.0,Ballad,ngày này năm ấy - việt anh,2,2026-04-23,265235.0,7.0,85,3.0,0
83,spotify:track:2pBZoglJzsRk4UeVey8n0k,Việt Anh,Ngày Này Năm Ấy,338ENT,17,82,37,265235,2026-04-23,False,-1.0,Ballad,ngày này năm ấy - việt anh,3,2026-04-30,242390.0,7.0,82,-1.0,0
100,spotify:track:2pBZoglJzsRk4UeVey8n0k,Việt Anh,Ngày Này Năm Ấy,338ENT,17,83,38,242390,2026-04-30,False,-17.0,Ballad,ngày này năm ấy - việt anh,4,2026-05-07,226241.0,7.0,83,-17.0,0
113,spotify:track:2pBZoglJzsRk4UeVey8n0k,Việt Anh,Ngày Này Năm Ấy,338ENT,17,100,39,226241,2026-05-07,False,-13.0,Ballad,ngày này năm ấy - việt anh,5,2026-05-14,238599.0,7.0,100,-13.0,0
99,spotify:track:2pBZoglJzsRk4UeVey8n0k,Việt Anh,Ngày Này Năm Ấy,338ENT,17,113,40,238599,2026-05-14,False,14.0,Ballad,ngày này năm ấy - việt anh,6,2026-05-21,260264.0,7.0,113,14.0,0
82,spotify:track:2pBZoglJzsRk4UeVey8n0k,Việt Anh,Ngày Này Năm Ấy,338ENT,17,99,41,260264,2026-05-21,False,17.0,Ballad,ngày này năm ấy - việt anh,7,2026-05-28,245713.0,7.0,99,17.0,0
81,spotify:track:2pBZoglJzsRk4UeVey8n0k,Việt Anh,Ngày Này Năm Ấy,338ENT,17,82,42,245713,2026-05-28,False,1.0,Ballad,ngày này năm ấy - việt anh,8,2026-06-04,214947.0,7.0,82,1.0,0
119,spotify:track:2pBZoglJzsRk4UeVey8n0k,Việt Anh,Ngày Này Năm Ấy,338ENT,17,81,43,214947,2026-06-04,False,-38.0,Ballad,ngày này năm ấy - việt anh,9,2026-06-11,218729.0,7.0,81,-38.0,0
58,spotify:track:2pm7K14nHj2fLrpU8j9bit,PC,10 Ngàn Năm,12 trái lê,27,63,200,320524,2026-04-09,False,5.0,Rap/Hip-hop,10 ngàn năm - pc,1,2026-04-16,304897.0,7.0,63,5.0,0
61,spotify:track:2pm7K14nHj2fLrpU8j9bit,PC,10 Ngàn Năm,12 trái lê,27,58,201,304897,2026-04-16,False,-3.0,Rap/Hip-hop,10 ngàn năm - pc,2,2026-04-23,317540.0,7.0,58,-3.0,0
65,spotify:track:2pm7K14nHj2fLrpU8j9bit,PC,10 Ngàn Năm,12 trái lê,27,61,202,317540,2026-04-23,False,-4.0,Rap/Hip-hop,10 ngàn năm - pc,3,2026-04-30,332700.0,7.0,61,-4.0,0
55,spotify:track:2pm7K14nHj2fLrpU8j9bit,PC,10 Ngàn Năm,12 trái lê,27,65,203,332700,2026-04-30,False,10.0,Rap/Hip-hop,10 ngàn năm - pc,4,2026-05-07,299776.0,7.0,65,10.0,0
62,spotify:track:2pm7K14nHj2fLrpU8j9bit,PC,10 Ngàn Năm,12 trái lê,27,55,204,299776,2026-05-07,False,-7.0,Rap/Hip-hop,10 ngàn năm - pc,5,2026-05-14,295784.0,7.0,55,-7.0,0
63,spotify:track:2pm7K14nHj2fLrpU8j9bit,PC,10 Ngàn Năm,12 trái lê,27,62,205,295784,2026-05-14,False,-1.0,Rap/Hip-hop,10 ngàn năm - pc,6,2026-05-21,319193.0,7.0,62,-1.0,0
51,spotify:track:2pm7K14nHj2fLrpU8j9bit,PC,10 Ngàn Năm,12 trái lê,27,63,206,319193,2026-05-21,False,12.0,Rap/Hip-hop,10 ngàn năm - pc,7,2026-05-28,299911.0,7.0,63,12.0,0
55,spotify:track:2pm7K14nHj2fLrpU8j9bit,PC,10 Ngàn Năm,12 trái lê,27,51,207,299911,2026-05-28,False,-4.0,Rap/Hip-hop,10 ngàn năm - pc,8,2026-06-04,284781.0,7.0,51,-4.0,0
71,spotify:track:2pm7K14nHj2fLrpU8j9bit,PC,10 Ngàn Năm,12 trái lê,27,55,208,284781,2026-06-04,False,-16.0,Rap/Hip-hop,10 ngàn năm - pc,9,2026-06-11,264097.0,7.0,55,-16.0,0
170,spotify:track:2ppLwHSMgDGEQ5c8o6nAX2,Low G,Simp Gái 808,M Music Records,9,170,130,187335,2026-04-09,False,0.0,Rap/Hip-hop,simp gái 808 - low g,1,2026-04-16,181536.0,7.0,170,0.0,0
163,spotify:track:2ppLwHSMgDGEQ5c8o6nAX2,Low G,Simp Gái 808,M Music Records,9,170,131,181536,2026-04-16,False,7.0,Rap/Hip-hop,simp gái 808 - low g,2,2026-04-23,169330.0,7.0,170,7.0,0
187,spotify:track:2ppLwHSMgDGEQ5c8o6nAX2,Low G,Simp Gái 808,M Music Records,9,163,132,169330,2026-04-23,False,-24.0,Rap/Hip-hop,simp gái 808 - low g,3,2026-04-30,176202.0,7.0,163,-24.0,0
185,spotify:track:2ppLwHSMgDGEQ5c8o6nAX2,Low G,Simp Gái 808,M Music Records,9,187,133,176202,2026-04-30,False,2.0,Rap/Hip-hop,simp gái 808 - low g,4,2026-05-07,197898.0,7.0,187,2.0,0
141,spotify:track:2ppLwHSMgDGEQ5c8o6nAX2,Low G,Simp Gái 808,M Music Records,9,185,134,197898,2026-05-07,False,44.0,Rap/Hip-hop,simp gái 808 - low g,5,2026-05-14,186038.0,7.0,185,44.0,0
157,spotify:track:2ppLwHSMgDGEQ5c8o6nAX2,Low G,Simp Gái 808,M Music Records,9,141,135,186038,2026-05-14,False,-16.0,Rap/Hip-hop,simp gái 808 - low g,6,2026-05-21,193629.0,7.0,141,-16.0,0
143,spotify:track:2ppLwHSMgDGEQ5c8o6nAX2,Low G,Simp Gái 808,M Music Records,9,157,136,193629,2026-05-21,False,14.0,Rap/Hip-hop,simp gái 808 - low g,7,2026-05-28,181506.0,7.0,157,14.0,0
153,spotify:track:2ppLwHSMgDGEQ5c8o6nAX2,Low G,Simp Gái 808,M Music Records,9,143,137,181506,2026-05-28,False,-10.0,Rap/Hip-hop,simp gái 808 - low g,8,2026-06-04,200604.0,7.0,143,-10.0,0
132,spotify:track:2ppLwHSMgDGEQ5c8o6nAX2,Low G,Simp Gái 808,M Music Records,9,153,138,200604,2026-06-04,False,21.0,Rap/Hip-hop,simp gái 808 - low g,9,2026-06-11,205481.0,7.0,153,21.0,0
47,spotify:track:2rKkfc4VZ74FQDc1FF1Zo6,BTS,Body to Body,BIGHIT MUSIC,5,22,3,338843,2026-04-09,False,-25.0,Pop,body to body - bts,1,2026-04-16,273923.0,7.0,22,-25.0,0
73,spotify:track:2rKkfc4VZ74FQDc1FF1Zo6,BTS,Body to Body,BIGHIT MUSIC,5,47,4,273923,2026-04-16,False,-26.0,Pop,body to body - bts,2,2026-04-23,235218.0,7.0,47,-26.0,0
102,spotify:track:2rKkfc4VZ74FQDc1FF1Zo6,BTS,Body to Body,BIGHIT MUSIC,5,73,5,235218,2026-04-23,False,-29.0,Pop,body to body - bts,3,2026-04-30,227822.0,7.0,73,-29.0,0
113,spotify:track:2rKkfc4VZ74FQDc1FF1Zo6,BTS,Body to Body,BIGHIT MUSIC,5,102,6,227822,2026-04-30,False,-11.0,Pop,body to body - bts,4,2026-05-07,249733.0,7.0,102,-11.0,0
92,spotify:track:2rKkfc4VZ74FQDc1FF1Zo6,BTS,Body to Body,BIGHIT MUSIC,5,113,7,249733,2026-05-07,False,21.0,Pop,body to body - bts,5,2026-05-14,280926.0,7.0,113,21.0,0
69,spotify:track:2rKkfc4VZ74FQDc1FF1Zo6,BTS,Body to Body,BIGHIT MUSIC,5,92,8,280926,2026-05-14,False,23.0,Pop,body to body - bts,6,2026-05-21,256441.0,7.0,92,23.0,0
84,spotify:track:2rKkfc4VZ74FQDc1FF1Zo6,BTS,Body to Body,BIGHIT MUSIC,5,69,9,256441,2026-05-21,False,-15.0,Pop,body to body - bts,7,2026-05-28,241207.0,7.0,69,-15.0,0
88,spotify:track:2rKkfc4VZ74FQDc1FF1Zo6,BTS,Body to Body,BIGHIT MUSIC,5,84,10,241207,2026-05-28,False,-4.0,Pop,body to body - bts,8,2026-06-04,232812.0,7.0,84,-4.0,0
107,spotify:track:2rKkfc4VZ74FQDc1FF1Zo6,BTS,Body to Body,BIGHIT MUSIC,5,88,11,232812,2026-06-04,False,-19.0,Pop,body to body - bts,9,2026-06-11,204839.0,7.0,88,-19.0,0
144,spotify:track:2rjjvcCCHF1CdnwptaXyF8,"F47 Cover, meChill, Đặng Thanh Tuyền",50 Năm Về Sau,meChill,89,127,10,200768,2026-04-09,False,-17.0,Indie/Alternative,"50 năm về sau - f47 cover, mechill, đặng thanh tuyền",1,2026-04-16,178053.0,7.0,127,-17.0,0
170,spotify:track:2rjjvcCCHF1CdnwptaXyF8,"F47 Cover, meChill, Đặng Thanh Tuyền",50 Năm Về Sau,meChill,89,144,11,178053,2026-04-16,False,-26.0,Indie/Alternative,"50 năm về sau - f47 cover, mechill, đặng thanh tuyền",2,2026-04-23,162797.0,7.0,144,-26.0,0
67,spotify:track:2uZmeuNAxSm7XfVIwLkhCx,Ronboogz,nhắn nhủ,MaiDao Music,14,85,121,288664,2026-04-09,False,18.0,Indie/Alternative,nhắn nhủ - ronboogz,1,2026-04-16,257781.0,7.0,85,18.0,0
79,spotify:track:2uZmeuNAxSm7XfVIwLkhCx,Ronboogz,nhắn nhủ,MaiDao Music,14,67,122,257781,2026-04-16,False,-12.0,Indie/Alternative,nhắn nhủ - ronboogz,2,2026-04-23,277394.0,7.0,67,-12.0,0
79,spotify:track:2uZmeuNAxSm7XfVIwLkhCx,Ronboogz,nhắn nhủ,MaiDao Music,14,79,123,277394,2026-04-23,False,0.0,Indie/Alternative,nhắn nhủ - ronboogz,3,2026-04-30,283219.0,7.0,79,0.0,0
75,spotify:track:2uZmeuNAxSm7XfVIwLkhCx,Ronboogz,nhắn nhủ,MaiDao Music,14,79,124,283219,2026-04-30,False,4.0,Indie/Alternative,nhắn nhủ - ronboogz,4,2026-05-07,288798.0,7.0,79,4.0,0
69,spotify:track:2uZmeuNAxSm7XfVIwLkhCx,Ronboogz,nhắn nhủ,MaiDao Music,14,75,125,288798,2026-05-07,False,6.0,Indie/Alternative,nhắn nhủ - ronboogz,5,2026-05-14,259257.0,7.0,75,6.0,0
121,spotify:track:2uxjHthUJd2A8PmWaUGGsI,"Hoàng Dũng, Hoàng Rob",Chờ Anh Nhé,Lirico Entertainment,99,103,43,221408,2026-04-09,False,-18.0,Indie/Alternative,"chờ anh nhé - hoàng dũng, hoàng rob",1,2026-04-16,213119.0,7.0,103,-18.0,0
123,spotify:track:2uxjHthUJd2A8PmWaUGGsI,"Hoàng Dũng, Hoàng Rob",Chờ Anh Nhé,Lirico Entertainment,99,121,44,213119,2026-04-16,False,-2.0,Indie/Alternative,"chờ anh nhé - hoàng dũng, hoàng rob",2,2026-04-23,194409.0,7.0,121,-2.0,0
156,spotify:track:2uxjHthUJd2A8PmWaUGGsI,"Hoàng Dũng, Hoàng Rob",Chờ Anh Nhé,Lirico Entertainment,99,123,45,194409,2026-04-23,False,-33.0,Indie/Alternative,"chờ anh nhé - hoàng dũng, hoàng rob",3,2026-04-30,187215.0,7.0,123,-33.0,0
165,spotify:track:2uxjHthUJd2A8PmWaUGGsI,"Hoàng Dũng, Hoàng Rob",Chờ Anh Nhé,Lirico Entertainment,99,156,46,187215,2026-04-30,False,-9.0,Indie/Alternative,"chờ anh nhé - hoàng dũng, hoàng rob",4,2026-05-07,190755.0,7.0,156,-9.0,0
154,spotify:track:2uxjHthUJd2A8PmWaUGGsI,"Hoàng Dũng, Hoàng Rob",Chờ Anh Nhé,Lirico Entertainment,99,165,47,190755,2026-05-07,False,11.0,Indie/Alternative,"chờ anh nhé - hoàng dũng, hoàng rob",5,2026-05-14,185235.0,7.0,165,11.0,0
159,spotify:track:2uxjHthUJd2A8PmWaUGGsI,"Hoàng Dũng, Hoàng Rob",Chờ Anh Nhé,Lirico Entertainment,99,154,48,185235,2026-05-14,False,-5.0,Indie/Alternative,"chờ anh nhé - hoàng dũng, hoàng rob",6,2026-05-21,186825.0,7.0,154,-5.0,0
160,spotify:track:2uxjHthUJd2A8PmWaUGGsI,"Hoàng Dũng, Hoàng Rob",Chờ Anh Nhé,Lirico Entertainment,99,159,49,186825,2026-05-21,False,-1.0,Indie/Alternative,"chờ anh nhé - hoàng dũng, hoàng rob",7,2026-05-28,178474.0,7.0,159,-1.0,0
159,spotify:track:2uxjHthUJd2A8PmWaUGGsI,"Hoàng Dũng, Hoàng Rob",Chờ Anh Nhé,Lirico Entertainment,99,160,50,178474,2026-05-28,False,1.0,Indie/Alternative,"chờ anh nhé - hoàng dũng, hoàng rob",8,2026-06-04,167528.0,7.0,160,1.0,0
183,spotify:track:2uxjHthUJd2A8PmWaUGGsI,"Hoàng Dũng, Hoàng Rob",Chờ Anh Nhé,Lirico Entertainment,99,159,51,167528,2026-06-04,False,-24.0,Indie/Alternative,"chờ anh nhé - hoàng dũng, hoàng rob",9,2026-06-11,163072.0,7.0,159,-24.0,0
87,spotify:track:2vKNzC9T3kdU2JECcvob3V,CORTIS,YOUNGCREATORCREW,Republic Records – CORTIS,87,-1,1,255330,2026-05-07,True,,Pop,youngcreatorcrew - cortis,5,2026-05-14,303344.0,7.0,201,0.0,1
58,spotify:track:2vKNzC9T3kdU2JECcvob3V,CORTIS,YOUNGCREATORCREW,Republic Records – CORTIS,58,87,2,303344,2026-05-14,False,29.0,Pop,youngcreatorcrew - cortis,6,2026-05-21,235747.0,7.0,87,29.0,0
96,spotify:track:2vKNzC9T3kdU2JECcvob3V,CORTIS,YOUNGCREATORCREW,Republic Records – CORTIS,58,58,3,235747,2026-05-21,False,-38.0,Pop,youngcreatorcrew - cortis,7,2026-05-28,183438.0,7.0,58,-38.0,0
65,spotify:track:2w7jOvl0kpplNxisgfnCdT,"Đức Trường, BMZ",Nếu Biết Đó Là Lần Cuối,BMZ,47,94,31,299989,2026-04-09,False,29.0,Ballad,"nếu biết đó là lần cuối - đức trường, bmz",1,2026-04-16,280344.0,7.0,94,29.0,0
69,spotify:track:2w7jOvl0kpplNxisgfnCdT,"Đức Trường, BMZ",Nếu Biết Đó Là Lần Cuối,BMZ,47,65,32,280344,2026-04-16,False,-4.0,Ballad,"nếu biết đó là lần cuối - đức trường, bmz",2,2026-04-23,272472.0,7.0,65,-4.0,0
80,spotify:track:2w7jOvl0kpplNxisgfnCdT,"Đức Trường, BMZ",Nếu Biết Đó Là Lần Cuối,BMZ,47,69,33,272472,2026-04-23,False,-11.0,Ballad,"nếu biết đó là lần cuối - đức trường, bmz",3,2026-04-30,254571.0,7.0,69,-11.0,0
93,spotify:track:2w7jOvl0kpplNxisgfnCdT,"Đức Trường, BMZ",Nếu Biết Đó Là Lần Cuối,BMZ,47,80,34,254571,2026-04-30,False,-13.0,Ballad,"nếu biết đó là lần cuối - đức trường, bmz",4,2026-05-07,249874.0,7.0,80,-13.0,0
91,spotify:track:2w7jOvl0kpplNxisgfnCdT,"Đức Trường, BMZ",Nếu Biết Đó Là Lần Cuối,BMZ,47,93,35,249874,2026-05-07,False,2.0,Ballad,"nếu biết đó là lần cuối - đức trường, bmz",5,2026-05-14,246294.0,7.0,93,2.0,0
92,spotify:track:2w7jOvl0kpplNxisgfnCdT,"Đức Trường, BMZ",Nếu Biết Đó Là Lần Cuối,BMZ,47,91,36,246294,2026-05-14,False,-1.0,Ballad,"nếu biết đó là lần cuối - đức trường, bmz",6,2026-05-21,241796.0,7.0,91,-1.0,0
90,spotify:track:2w7jOvl0kpplNxisgfnCdT,"Đức Trường, BMZ",Nếu Biết Đó Là Lần Cuối,BMZ,47,92,37,241796,2026-05-21,False,2.0,Ballad,"nếu biết đó là lần cuối - đức trường, bmz",7,2026-05-28,228070.0,7.0,92,2.0,0
104,spotify:track:2w7jOvl0kpplNxisgfnCdT,"Đức Trường, BMZ",Nếu Biết Đó Là Lần Cuối,BMZ,47,90,38,228070,2026-05-28,False,-14.0,Ballad,"nếu biết đó là lần cuối - đức trường, bmz",8,2026-06-04,233298.0,7.0,90,-14.0,0
105,spotify:track:2w7jOvl0kpplNxisgfnCdT,"Đức Trường, BMZ",Nếu Biết Đó Là Lần Cuối,BMZ,47,104,39,233298,2026-06-04,False,-1.0,Ballad,"nếu biết đó là lần cuối - đức trường, bmz",9,2026-06-11,218873.0,7.0,104,-1.0,0
20,spotify:track:2wZAvkgiOE5tyrnqhB69KA,Sơn Tùng M-TP,Âm Thầm Bên Em,Umusic Vietnam Co. Ltd. Distributed Labels,9,20,285,512938,2026-04-09,False,0.0,Ballad,âm thầm bên em - sơn tùng m-tp,1,2026-04-16,489137.0,7.0,20,0.0,0
21,spotify:track:2wZAvkgiOE5tyrnqhB69KA,Sơn Tùng M-TP,Âm Thầm Bên Em,Umusic Vietnam Co. Ltd. Distributed Labels,9,20,286,489137,2026-04-16,False,-1.0,Ballad,âm thầm bên em - sơn tùng m-tp,2,2026-04-23,476862.0,7.0,20,-1.0,0
21,spotify:track:2wZAvkgiOE5tyrnqhB69KA,Sơn Tùng M-TP,Âm Thầm Bên Em,Umusic Vietnam Co. Ltd. Distributed Labels,9,21,287,476862,2026-04-23,False,0.0,Ballad,âm thầm bên em - sơn tùng m-tp,3,2026-04-30,466727.0,7.0,21,0.0,0
24,spotify:track:2wZAvkgiOE5tyrnqhB69KA,Sơn Tùng M-TP,Âm Thầm Bên Em,Umusic Vietnam Co. Ltd. Distributed Labels,9,21,288,466727,2026-04-30,False,-3.0,Ballad,âm thầm bên em - sơn tùng m-tp,4,2026-05-07,453630.0,7.0,21,-3.0,0
20,spotify:track:2wZAvkgiOE5tyrnqhB69KA,Sơn Tùng M-TP,Âm Thầm Bên Em,Umusic Vietnam Co. Ltd. Distributed Labels,9,24,289,453630,2026-05-07,False,4.0,Ballad,âm thầm bên em - sơn tùng m-tp,5,2026-05-14,459886.0,7.0,24,4.0,0
18,spotify:track:2wZAvkgiOE5tyrnqhB69KA,Sơn Tùng M-TP,Âm Thầm Bên Em,Umusic Vietnam Co. Ltd. Distributed Labels,9,20,290,459886,2026-05-14,False,2.0,Ballad,âm thầm bên em - sơn tùng m-tp,6,2026-05-21,514374.0,7.0,20,2.0,0
14,spotify:track:2wZAvkgiOE5tyrnqhB69KA,Sơn Tùng M-TP,Âm Thầm Bên Em,Umusic Vietnam Co. Ltd. Distributed Labels,9,18,291,514374,2026-05-21,False,4.0,Ballad,âm thầm bên em - sơn tùng m-tp,7,2026-05-28,489824.0,7.0,18,4.0,0
15,spotify:track:2wZAvkgiOE5tyrnqhB69KA,Sơn Tùng M-TP,Âm Thầm Bên Em,Umusic Vietnam Co. Ltd. Distributed Labels,9,14,292,489824,2026-05-28,False,-1.0,Ballad,âm thầm bên em - sơn tùng m-tp,8,2026-06-04,561270.0,7.0,14,-1.0,0
14,spotify:track:2wZAvkgiOE5tyrnqhB69KA,Sơn Tùng M-TP,Âm Thầm Bên Em,Umusic Vietnam Co. Ltd. Distributed Labels,9,15,293,561270,2026-06-04,False,1.0,Ballad,âm thầm bên em - sơn tùng m-tp,9,2026-06-11,531099.0,7.0,15,1.0,0
75,spotify:track:317Lh6QCAz9JpWbV3oxrCf,"Phùng Khánh Linh, Thành Luke",EM ĐAU,BLACK SWAN LABEL LLC.,62,62,13,277499,2026-04-09,False,-13.0,Ballad,"em đau - phùng khánh linh, thành luke",1,2026-04-16,247136.0,7.0,62,-13.0,0
91,spotify:track:317Lh6QCAz9JpWbV3oxrCf,"Phùng Khánh Linh, Thành Luke",EM ĐAU,BLACK SWAN LABEL LLC.,62,75,14,247136,2026-04-16,False,-16.0,Ballad,"em đau - phùng khánh linh, thành luke",2,2026-04-23,225832.0,7.0,75,-16.0,0
114,spotify:track:317Lh6QCAz9JpWbV3oxrCf,"Phùng Khánh Linh, Thành Luke",EM ĐAU,BLACK SWAN LABEL LLC.,62,91,15,225832,2026-04-23,False,-23.0,Ballad,"em đau - phùng khánh linh, thành luke",3,2026-04-30,217445.0,7.0,91,-23.0,0
122,spotify:track:317Lh6QCAz9JpWbV3oxrCf,"Phùng Khánh Linh, Thành Luke",EM ĐAU,BLACK SWAN LABEL LLC.,62,114,16,217445,2026-04-30,False,-8.0,Ballad,"em đau - phùng khánh linh, thành luke",4,2026-05-07,198477.0,7.0,114,-8.0,0
140,spotify:track:317Lh6QCAz9JpWbV3oxrCf,"Phùng Khánh Linh, Thành Luke",EM ĐAU,BLACK SWAN LABEL LLC.,62,122,17,198477,2026-05-07,False,-18.0,Ballad,"em đau - phùng khánh linh, thành luke",5,2026-05-14,211075.0,7.0,122,-18.0,0
126,spotify:track:317Lh6QCAz9JpWbV3oxrCf,"Phùng Khánh Linh, Thành Luke",EM ĐAU,BLACK SWAN LABEL LLC.,62,140,18,211075,2026-05-14,False,14.0,Ballad,"em đau - phùng khánh linh, thành luke",6,2026-05-21,217277.0,7.0,140,14.0,0
117,spotify:track:317Lh6QCAz9JpWbV3oxrCf,"Phùng Khánh Linh, Thành Luke",EM ĐAU,BLACK SWAN LABEL LLC.,62,126,19,217277,2026-05-21,False,9.0,Ballad,"em đau - phùng khánh linh, thành luke",7,2026-05-28,217858.0,7.0,126,9.0,0
112,spotify:track:317Lh6QCAz9JpWbV3oxrCf,"Phùng Khánh Linh, Thành Luke",EM ĐAU,BLACK SWAN LABEL LLC.,62,117,20,217858,2026-05-28,False,5.0,Ballad,"em đau - phùng khánh linh, thành luke",8,2026-06-04,204255.0,7.0,117,5.0,0
129,spotify:track:317Lh6QCAz9JpWbV3oxrCf,"Phùng Khánh Linh, Thành Luke",EM ĐAU,BLACK SWAN LABEL LLC.,62,112,21,204255,2026-06-04,False,-17.0,Ballad,"em đau - phùng khánh linh, thành luke",9,2026-06-11,197175.0,7.0,112,-17.0,0
95,spotify:track:31VNCmwspR7nVJ6kruUuJt,Sơn Tùng M-TP,Đừng Làm Trái Tim Anh Đau,Umusic Vietnam Co. Ltd. Distributed Labels,1,113,96,245845,2026-04-09,False,18.0,Pop,đừng làm trái tim anh đau - sơn tùng m-tp,1,2026-04-16,236030.0,7.0,113,18.0,0
100,spotify:track:31VNCmwspR7nVJ6kruUuJt,Sơn Tùng M-TP,Đừng Làm Trái Tim Anh Đau,Umusic Vietnam Co. Ltd. Distributed Labels,1,95,97,236030,2026-04-16,False,-5.0,Pop,đừng làm trái tim anh đau - sơn tùng m-tp,2,2026-04-23,236928.0,7.0,95,-5.0,0
99,spotify:track:31VNCmwspR7nVJ6kruUuJt,Sơn Tùng M-TP,Đừng Làm Trái Tim Anh Đau,Umusic Vietnam Co. Ltd. Distributed Labels,1,100,98,236928,2026-04-23,False,1.0,Pop,đừng làm trái tim anh đau - sơn tùng m-tp,3,2026-04-30,255999.0,7.0,100,1.0,0
92,spotify:track:31VNCmwspR7nVJ6kruUuJt,Sơn Tùng M-TP,Đừng Làm Trái Tim Anh Đau,Umusic Vietnam Co. Ltd. Distributed Labels,1,99,99,255999,2026-04-30,False,7.0,Pop,đừng làm trái tim anh đau - sơn tùng m-tp,4,2026-05-07,257173.0,7.0,99,7.0,0
86,spotify:track:31VNCmwspR7nVJ6kruUuJt,Sơn Tùng M-TP,Đừng Làm Trái Tim Anh Đau,Umusic Vietnam Co. Ltd. Distributed Labels,1,92,100,257173,2026-05-07,False,6.0,Pop,đừng làm trái tim anh đau - sơn tùng m-tp,5,2026-05-14,268199.0,7.0,92,6.0,0
77,spotify:track:31VNCmwspR7nVJ6kruUuJt,Sơn Tùng M-TP,Đừng Làm Trái Tim Anh Đau,Umusic Vietnam Co. Ltd. Distributed Labels,1,86,101,268199,2026-05-14,False,9.0,Pop,đừng làm trái tim anh đau - sơn tùng m-tp,6,2026-05-21,294377.0,7.0,86,9.0,0
60,spotify:track:31VNCmwspR7nVJ6kruUuJt,Sơn Tùng M-TP,Đừng Làm Trái Tim Anh Đau,Umusic Vietnam Co. Ltd. Distributed Labels,1,77,102,294377,2026-05-21,False,17.0,Pop,đừng làm trái tim anh đau - sơn tùng m-tp,7,2026-05-28,302830.0,7.0,77,17.0,0
54,spotify:track:31VNCmwspR7nVJ6kruUuJt,Sơn Tùng M-TP,Đừng Làm Trái Tim Anh Đau,Umusic Vietnam Co. Ltd. Distributed Labels,1,60,103,302830,2026-05-28,False,6.0,Pop,đừng làm trái tim anh đau - sơn tùng m-tp,8,2026-06-04,411111.0,7.0,60,6.0,0
27,spotify:track:31VNCmwspR7nVJ6kruUuJt,Sơn Tùng M-TP,Đừng Làm Trái Tim Anh Đau,Umusic Vietnam Co. Ltd. Distributed Labels,1,54,104,411111,2026-06-04,False,27.0,Pop,đừng làm trái tim anh đau - sơn tùng m-tp,9,2026-06-11,427580.0,7.0,54,27.0,0
140,spotify:track:33S16Xa5cZmLPhn6eZI4Nm,"52Hz, RIO, WEAN",ĐỢI (feat. WEAN) - SPECIAL VERSION,DAO Entertainment,58,166,89,203329,2026-04-09,False,26.0,R&B/Soul,"đợi (feat. wean) - special version - 52hz, rio, wean",1,2026-04-16,178775.0,7.0,166,26.0,0
169,spotify:track:33S16Xa5cZmLPhn6eZI4Nm,"52Hz, RIO, WEAN",ĐỢI (feat. WEAN) - SPECIAL VERSION,DAO Entertainment,58,140,90,178775,2026-04-16,False,-29.0,R&B/Soul,"đợi (feat. wean) - special version - 52hz, rio, wean",2,2026-04-23,177722.0,7.0,140,-29.0,0
175,spotify:track:33S16Xa5cZmLPhn6eZI4Nm,"52Hz, RIO, WEAN",ĐỢI (feat. WEAN) - SPECIAL VERSION,DAO Entertainment,58,169,91,177722,2026-04-23,False,-6.0,R&B/Soul,"đợi (feat. wean) - special version - 52hz, rio, wean",3,2026-04-30,182141.0,7.0,169,-6.0,0
178,spotify:track:33S16Xa5cZmLPhn6eZI4Nm,"52Hz, RIO, WEAN",ĐỢI (feat. WEAN) - SPECIAL VERSION,DAO Entertainment,58,175,92,182141,2026-04-30,False,-3.0,R&B/Soul,"đợi (feat. wean) - special version - 52hz, rio, wean",4,2026-05-07,175449.0,7.0,175,-3.0,0
174,spotify:track:33S16Xa5cZmLPhn6eZI4Nm,"52Hz, RIO, WEAN",ĐỢI (feat. WEAN) - SPECIAL VERSION,DAO Entertainment,58,178,93,175449,2026-05-07,False,4.0,R&B/Soul,"đợi (feat. wean) - special version - 52hz, rio, wean",5,2026-05-14,188465.0,7.0,178,4.0,0
81,spotify:track:36fgG6NiEuQXznNgf5y2Ck,"T.R.I, Dangrangto, DONAL",một bài hát không vui mấy - Extended Version,Umusic Vietnam Co. Ltd. Distributed Labels,26,77,66,269277,2026-04-09,False,-4.0,Ballad,"một bài hát không vui mấy - extended version - t.r.i, dangrangto, donal",1,2026-04-16,246043.0,7.0,77,-4.0,0
95,spotify:track:36fgG6NiEuQXznNgf5y2Ck,"T.R.I, Dangrangto, DONAL",một bài hát không vui mấy - Extended Version,Umusic Vietnam Co. Ltd. Distributed Labels,26,81,67,246043,2026-04-16,False,-14.0,Ballad,"một bài hát không vui mấy - extended version - t.r.i, dangrangto, donal",2,2026-04-23,255533.0,7.0,81,-14.0,0
90,spotify:track:36fgG6NiEuQXznNgf5y2Ck,"T.R.I, Dangrangto, DONAL",một bài hát không vui mấy - Extended Version,Umusic Vietnam Co. Ltd. Distributed Labels,26,95,68,255533,2026-04-23,False,5.0,Ballad,"một bài hát không vui mấy - extended version - t.r.i, dangrangto, donal",3,2026-04-30,278584.0,7.0,95,5.0,0
78,spotify:track:36fgG6NiEuQXznNgf5y2Ck,"T.R.I, Dangrangto, DONAL",một bài hát không vui mấy - Extended Version,Umusic Vietnam Co. Ltd. Distributed Labels,26,90,69,278584,2026-04-30,False,12.0,Ballad,"một bài hát không vui mấy - extended version - t.r.i, dangrangto, donal",4,2026-05-07,283954.0,7.0,90,12.0,0
75,spotify:track:36fgG6NiEuQXznNgf5y2Ck,"T.R.I, Dangrangto, DONAL",một bài hát không vui mấy - Extended Version,Umusic Vietnam Co. Ltd. Distributed Labels,26,78,70,283954,2026-05-07,False,3.0,Ballad,"một bài hát không vui mấy - extended version - t.r.i, dangrangto, donal",5,2026-05-14,264617.0,7.0,78,3.0,0
79,spotify:track:36fgG6NiEuQXznNgf5y2Ck,"T.R.I, Dangrangto, DONAL",một bài hát không vui mấy - Extended Version,Umusic Vietnam Co. Ltd. Distributed Labels,26,75,71,264617,2026-05-14,False,-4.0,Ballad,"một bài hát không vui mấy - extended version - t.r.i, dangrangto, donal",6,2026-05-21,274417.0,7.0,75,-4.0,0
71,spotify:track:36fgG6NiEuQXznNgf5y2Ck,"T.R.I, Dangrangto, DONAL",một bài hát không vui mấy - Extended Version,Umusic Vietnam Co. Ltd. Distributed Labels,26,79,72,274417,2026-05-21,False,8.0,Ballad,"một bài hát không vui mấy - extended version - t.r.i, dangrangto, donal",7,2026-05-28,233354.0,7.0,79,8.0,0
101,spotify:track:36fgG6NiEuQXznNgf5y2Ck,"T.R.I, Dangrangto, DONAL",một bài hát không vui mấy - Extended Version,Umusic Vietnam Co. Ltd. Distributed Labels,26,71,73,233354,2026-05-28,False,-30.0,Ballad,"một bài hát không vui mấy - extended version - t.r.i, dangrangto, donal",8,2026-06-04,234910.0,7.0,71,-30.0,0
103,spotify:track:36fgG6NiEuQXznNgf5y2Ck,"T.R.I, Dangrangto, DONAL",một bài hát không vui mấy - Extended Version,Umusic Vietnam Co. Ltd. Distributed Labels,26,101,74,234910,2026-06-04,False,-2.0,Ballad,"một bài hát không vui mấy - extended version - t.r.i, dangrangto, donal",9,2026-06-11,275221.0,7.0,101,-2.0,0
68,spotify:track:39KWnPNEvbXt423CzjvBfA,SOOBIN,Anh Đã Quen Với Cô Đơn,WM Vietnam,40,60,73,288352,2026-04-09,False,-8.0,Ballad,anh đã quen với cô đơn - soobin,1,2026-04-16,295891.0,7.0,60,-8.0,0
65,spotify:track:39KWnPNEvbXt423CzjvBfA,SOOBIN,Anh Đã Quen Với Cô Đơn,WM Vietnam,40,68,74,295891,2026-04-16,False,3.0,Ballad,anh đã quen với cô đơn - soobin,2,2026-04-23,287785.0,7.0,68,3.0,0
74,spotify:track:39KWnPNEvbXt423CzjvBfA,SOOBIN,Anh Đã Quen Với Cô Đơn,WM Vietnam,40,65,75,287785,2026-04-23,False,-9.0,Ballad,anh đã quen với cô đơn - soobin,3,2026-04-30,278505.0,7.0,65,-9.0,0
79,spotify:track:39KWnPNEvbXt423CzjvBfA,SOOBIN,Anh Đã Quen Với Cô Đơn,WM Vietnam,40,74,76,278505,2026-04-30,False,-5.0,Ballad,anh đã quen với cô đơn - soobin,4,2026-05-07,290698.0,7.0,74,-5.0,0
67,spotify:track:39KWnPNEvbXt423CzjvBfA,SOOBIN,Anh Đã Quen Với Cô Đơn,WM Vietnam,40,79,77,290698,2026-05-07,False,12.0,Ballad,anh đã quen với cô đơn - soobin,5,2026-05-14,280341.0,7.0,79,12.0,0
70,spotify:track:39KWnPNEvbXt423CzjvBfA,SOOBIN,Anh Đã Quen Với Cô Đơn,WM Vietnam,40,67,78,280341,2026-05-14,False,-3.0,Ballad,anh đã quen với cô đơn - soobin,6,2026-05-21,297800.0,7.0,67,-3.0,0
58,spotify:track:39KWnPNEvbXt423CzjvBfA,SOOBIN,Anh Đã Quen Với Cô Đơn,WM Vietnam,40,70,79,297800,2026-05-21,False,12.0,Ballad,anh đã quen với cô đơn - soobin,7,2026-05-28,271139.0,7.0,70,12.0,0
69,spotify:track:39KWnPNEvbXt423CzjvBfA,SOOBIN,Anh Đã Quen Với Cô Đơn,WM Vietnam,40,58,80,271139,2026-05-28,False,-11.0,Ballad,anh đã quen với cô đơn - soobin,8,2026-06-04,302331.0,7.0,58,-11.0,0
61,spotify:track:39KWnPNEvbXt423CzjvBfA,SOOBIN,Anh Đã Quen Với Cô Đơn,WM Vietnam,40,69,81,302331,2026-06-04,False,8.0,Ballad,anh đã quen với cô đơn - soobin,9,2026-06-11,284414.0,7.0,69,8.0,0
82,spotify:track:3A9A7mfVDVm3rrS9SMGhg5,Kha,Hư không,MaiDao Music,22,74,117,269232,2026-04-09,False,-8.0,Ballad,hư không - kha,1,2026-04-16,283775.0,7.0,74,-8.0,0
68,spotify:track:3A9A7mfVDVm3rrS9SMGhg5,Kha,Hư không,MaiDao Music,22,82,118,283775,2026-04-16,False,14.0,Ballad,hư không - kha,2,2026-04-23,256852.0,7.0,82,14.0,0
87,spotify:track:3A9A7mfVDVm3rrS9SMGhg5,Kha,Hư không,MaiDao Music,22,68,119,256852,2026-04-23,False,-19.0,Ballad,hư không - kha,3,2026-04-30,282588.0,7.0,68,-19.0,0
76,spotify:track:3A9A7mfVDVm3rrS9SMGhg5,Kha,Hư không,MaiDao Music,22,87,120,282588,2026-04-30,False,11.0,Ballad,hư không - kha,4,2026-05-07,258336.0,7.0,87,11.0,0
123,spotify:track:3COYA2vgfcUhDyRlVpZy5p,"tlinh, Low G",PHÓNG ZÌN ZÌN,M Music Records,4,123,81,221097,2026-04-09,False,0.0,Rap/Hip-hop,"phóng zìn zìn - tlinh, low g",1,2026-04-16,213463.0,7.0,123,0.0,0
121,spotify:track:3COYA2vgfcUhDyRlVpZy5p,"tlinh, Low G",PHÓNG ZÌN ZÌN,M Music Records,4,123,82,213463,2026-04-16,False,2.0,Rap/Hip-hop,"phóng zìn zìn - tlinh, low g",2,2026-04-23,198852.0,7.0,123,2.0,0
148,spotify:track:3COYA2vgfcUhDyRlVpZy5p,"tlinh, Low G",PHÓNG ZÌN ZÌN,M Music Records,4,121,83,198852,2026-04-23,False,-27.0,Rap/Hip-hop,"phóng zìn zìn - tlinh, low g",3,2026-04-30,191096.0,7.0,121,-27.0,0
157,spotify:track:3COYA2vgfcUhDyRlVpZy5p,"tlinh, Low G",PHÓNG ZÌN ZÌN,M Music Records,4,148,84,191096,2026-04-30,False,-9.0,Rap/Hip-hop,"phóng zìn zìn - tlinh, low g",4,2026-05-07,206688.0,7.0,148,-9.0,0
129,spotify:track:3COYA2vgfcUhDyRlVpZy5p,"tlinh, Low G",PHÓNG ZÌN ZÌN,M Music Records,4,157,85,206688,2026-05-07,False,28.0,Rap/Hip-hop,"phóng zìn zìn - tlinh, low g",5,2026-05-14,205025.0,7.0,157,28.0,0
132,spotify:track:3COYA2vgfcUhDyRlVpZy5p,"tlinh, Low G",PHÓNG ZÌN ZÌN,M Music Records,4,129,86,205025,2026-05-14,False,-3.0,Rap/Hip-hop,"phóng zìn zìn - tlinh, low g",6,2026-05-21,192228.0,7.0,129,-3.0,0
146,spotify:track:3COYA2vgfcUhDyRlVpZy5p,"tlinh, Low G",PHÓNG ZÌN ZÌN,M Music Records,4,132,87,192228,2026-05-21,False,-14.0,Rap/Hip-hop,"phóng zìn zìn - tlinh, low g",7,2026-05-28,178208.0,7.0,132,-14.0,0
161,spotify:track:3COYA2vgfcUhDyRlVpZy5p,"tlinh, Low G",PHÓNG ZÌN ZÌN,M Music Records,4,146,88,178208,2026-05-28,False,-15.0,Rap/Hip-hop,"phóng zìn zìn - tlinh, low g",8,2026-06-04,169033.0,7.0,146,-15.0,0
180,spotify:track:3COYA2vgfcUhDyRlVpZy5p,"tlinh, Low G",PHÓNG ZÌN ZÌN,M Music Records,4,161,89,169033,2026-06-04,False,-19.0,Rap/Hip-hop,"phóng zìn zìn - tlinh, low g",9,2026-06-11,173972.0,7.0,161,-19.0,0
73,spotify:track:3CmacJj7VC4W6daC8BWd0h,Dương Domic,Mất Kết Nối,DAO Entertainment,2,41,72,283681,2026-04-09,False,-32.0,R&B/Soul,mất kết nối - dương domic,1,2026-04-16,256720.0,7.0,41,-32.0,0
81,spotify:track:3CmacJj7VC4W6daC8BWd0h,Dương Domic,Mất Kết Nối,DAO Entertainment,2,73,73,256720,2026-04-16,False,-8.0,R&B/Soul,mất kết nối - dương domic,2,2026-04-23,281554.0,7.0,73,-8.0,0
76,spotify:track:3CmacJj7VC4W6daC8BWd0h,Dương Domic,Mất Kết Nối,DAO Entertainment,2,81,74,281554,2026-04-23,False,5.0,R&B/Soul,mất kết nối - dương domic,3,2026-04-30,261773.0,7.0,81,5.0,0
85,spotify:track:3CmacJj7VC4W6daC8BWd0h,Dương Domic,Mất Kết Nối,DAO Entertainment,2,76,75,261773,2026-04-30,False,-9.0,R&B/Soul,mất kết nối - dương domic,4,2026-05-07,245030.0,7.0,76,-9.0,0
96,spotify:track:3CmacJj7VC4W6daC8BWd0h,Dương Domic,Mất Kết Nối,DAO Entertainment,2,85,76,245030,2026-05-07,False,-11.0,R&B/Soul,mất kết nối - dương domic,5,2026-05-14,230898.0,7.0,85,-11.0,0
30,spotify:track:3DLtPObflLQBodZN8qGODT,"JustaTee, BigDaddy",2AM,WM Vietnam,18,30,206,446122,2026-04-09,False,0.0,R&B/Soul,"2am - justatee, bigdaddy",1,2026-04-16,402556.0,7.0,30,0.0,0
29,spotify:track:3DLtPObflLQBodZN8qGODT,"JustaTee, BigDaddy",2AM,WM Vietnam,18,30,207,402556,2026-04-16,False,1.0,R&B/Soul,"2am - justatee, bigdaddy",2,2026-04-23,465225.0,7.0,30,1.0,0
22,spotify:track:3DLtPObflLQBodZN8qGODT,"JustaTee, BigDaddy",2AM,WM Vietnam,18,29,208,465225,2026-04-23,False,7.0,R&B/Soul,"2am - justatee, bigdaddy",3,2026-04-30,407414.0,7.0,29,7.0,0
33,spotify:track:3DLtPObflLQBodZN8qGODT,"JustaTee, BigDaddy",2AM,WM Vietnam,18,22,209,407414,2026-04-30,False,-11.0,R&B/Soul,"2am - justatee, bigdaddy",4,2026-05-07,380693.0,7.0,22,-11.0,0
34,spotify:track:3DLtPObflLQBodZN8qGODT,"JustaTee, BigDaddy",2AM,WM Vietnam,18,33,210,380693,2026-05-07,False,-1.0,R&B/Soul,"2am - justatee, bigdaddy",5,2026-05-14,345859.0,7.0,33,-1.0,0
43,spotify:track:3DLtPObflLQBodZN8qGODT,"JustaTee, BigDaddy",2AM,WM Vietnam,18,34,211,345859,2026-05-14,False,-9.0,R&B/Soul,"2am - justatee, bigdaddy",6,2026-05-21,409735.0,7.0,34,-9.0,0
27,spotify:track:3DLtPObflLQBodZN8qGODT,"JustaTee, BigDaddy",2AM,WM Vietnam,18,43,212,409735,2026-05-21,False,16.0,R&B/Soul,"2am - justatee, bigdaddy",7,2026-05-28,383521.0,7.0,43,16.0,0
33,spotify:track:3DLtPObflLQBodZN8qGODT,"JustaTee, BigDaddy",2AM,WM Vietnam,18,27,213,383521,2026-05-28,False,-6.0,R&B/Soul,"2am - justatee, bigdaddy",8,2026-06-04,398415.0,7.0,27,-6.0,0
30,spotify:track:3DLtPObflLQBodZN8qGODT,"JustaTee, BigDaddy",2AM,WM Vietnam,18,33,214,398415,2026-06-04,False,3.0,R&B/Soul,"2am - justatee, bigdaddy",9,2026-06-11,366399.0,7.0,33,3.0,0
55,spotify:track:3ET3xHCLMGd57u06A9RjJ0,Ronboogz,Nói Dối,MaiDao Music,3,49,127,322278,2026-04-09,False,-6.0,Indie/Alternative,nói dối - ronboogz,1,2026-04-16,298518.0,7.0,49,-6.0,0
64,spotify:track:3ET3xHCLMGd57u06A9RjJ0,Ronboogz,Nói Dối,MaiDao Music,3,55,128,298518,2026-04-16,False,-9.0,Indie/Alternative,nói dối - ronboogz,2,2026-04-23,326033.0,7.0,55,-9.0,0
59,spotify:track:3ET3xHCLMGd57u06A9RjJ0,Ronboogz,Nói Dối,MaiDao Music,3,64,129,326033,2026-04-23,False,5.0,Indie/Alternative,nói dối - ronboogz,3,2026-04-30,313041.0,7.0,64,5.0,0
62,spotify:track:3ET3xHCLMGd57u06A9RjJ0,Ronboogz,Nói Dối,MaiDao Music,3,59,130,313041,2026-04-30,False,-3.0,Indie/Alternative,nói dối - ronboogz,4,2026-05-07,311912.0,7.0,59,-3.0,0
56,spotify:track:3ET3xHCLMGd57u06A9RjJ0,Ronboogz,Nói Dối,MaiDao Music,3,62,131,311912,2026-05-07,False,6.0,Indie/Alternative,nói dối - ronboogz,5,2026-05-14,288716.0,7.0,62,6.0,0
131,spotify:track:3H6nzsPNMttEvUl3ai3xN8,Chillies,Vùng Ký Ức,WM Vietnam,1,131,123,213674,2026-04-09,False,0.0,Indie/Alternative,vùng ký ức - chillies,1,2026-04-16,193511.0,7.0,131,0.0,0
148,spotify:track:3H6nzsPNMttEvUl3ai3xN8,Chillies,Vùng Ký Ức,WM Vietnam,1,131,124,193511,2026-04-16,False,-17.0,Indie/Alternative,vùng ký ức - chillies,2,2026-04-23,186209.0,7.0,131,-17.0,0
168,spotify:track:3H6nzsPNMttEvUl3ai3xN8,Chillies,Vùng Ký Ức,WM Vietnam,1,148,125,186209,2026-04-23,False,-20.0,Indie/Alternative,vùng ký ức - chillies,3,2026-04-30,178345.0,7.0,148,-20.0,0
183,spotify:track:3H6nzsPNMttEvUl3ai3xN8,Chillies,Vùng Ký Ức,WM Vietnam,1,168,126,178345,2026-04-30,False,-15.0,Indie/Alternative,vùng ký ức - chillies,4,2026-05-07,167840.0,7.0,168,-15.0,0
187,spotify:track:3H6nzsPNMttEvUl3ai3xN8,Chillies,Vùng Ký Ức,WM Vietnam,1,183,127,167840,2026-05-07,False,-4.0,Indie/Alternative,vùng ký ức - chillies,5,2026-05-14,161253.0,7.0,183,-4.0,0
190,spotify:track:3H6nzsPNMttEvUl3ai3xN8,Chillies,Vùng Ký Ức,WM Vietnam,1,187,128,161253,2026-05-14,False,-3.0,Indie/Alternative,vùng ký ức - chillies,6,2026-05-21,174125.0,7.0,187,-3.0,0
175,spotify:track:3H6nzsPNMttEvUl3ai3xN8,Chillies,Vùng Ký Ức,WM Vietnam,1,190,129,174125,2026-05-21,False,15.0,Indie/Alternative,vùng ký ức - chillies,7,2026-05-28,181394.0,7.0,190,15.0,0
154,spotify:track:3H6nzsPNMttEvUl3ai3xN8,Chillies,Vùng Ký Ức,WM Vietnam,1,175,130,181394,2026-05-28,False,21.0,Indie/Alternative,vùng ký ức - chillies,8,2026-06-04,170984.0,7.0,175,21.0,0
176,spotify:track:3H6nzsPNMttEvUl3ai3xN8,Chillies,Vùng Ký Ức,WM Vietnam,1,154,131,170984,2026-06-04,False,-22.0,Indie/Alternative,vùng ký ức - chillies,9,2026-06-11,180673.0,7.0,154,-22.0,0
79,spotify:track:3HNcWoUo4jot56Kw1Kc6vN,GREY D,mộng tình,Umusic Vietnam Co. Ltd. Distributed Labels,79,118,2,270701,2026-04-09,False,39.0,R&B/Soul,mộng tình - grey d,1,2026-04-16,191409.0,7.0,118,39.0,0
48,spotify:track:3Ids3RXurYBgySph53qWnB,buitruonglinh,Từng Ngày Yêu Em,LOOPS Music,9,46,66,335199,2026-04-09,False,-2.0,Indie/Alternative,từng ngày yêu em - buitruonglinh,1,2026-04-16,379960.0,7.0,46,-2.0,0
33,spotify:track:3Ids3RXurYBgySph53qWnB,buitruonglinh,Từng Ngày Yêu Em,LOOPS Music,9,48,67,379960,2026-04-16,False,15.0,Indie/Alternative,từng ngày yêu em - buitruonglinh,2,2026-04-23,396929.0,7.0,48,15.0,0
37,spotify:track:3Ids3RXurYBgySph53qWnB,buitruonglinh,Từng Ngày Yêu Em,LOOPS Music,9,33,68,396929,2026-04-23,False,-4.0,Indie/Alternative,từng ngày yêu em - buitruonglinh,3,2026-04-30,404492.0,7.0,33,-4.0,0
35,spotify:track:3Ids3RXurYBgySph53qWnB,buitruonglinh,Từng Ngày Yêu Em,LOOPS Music,9,37,69,404492,2026-04-30,False,2.0,Indie/Alternative,từng ngày yêu em - buitruonglinh,4,2026-05-07,375008.0,7.0,37,2.0,0
36,spotify:track:3Ids3RXurYBgySph53qWnB,buitruonglinh,Từng Ngày Yêu Em,LOOPS Music,9,35,70,375008,2026-05-07,False,-1.0,Indie/Alternative,từng ngày yêu em - buitruonglinh,5,2026-05-14,364659.0,7.0,35,-1.0,0
32,spotify:track:3Ids3RXurYBgySph53qWnB,buitruonglinh,Từng Ngày Yêu Em,LOOPS Music,9,36,71,364659,2026-05-14,False,4.0,Indie/Alternative,từng ngày yêu em - buitruonglinh,6,2026-05-21,372875.0,7.0,36,4.0,0
35,spotify:track:3Ids3RXurYBgySph53qWnB,buitruonglinh,Từng Ngày Yêu Em,LOOPS Music,9,32,72,372875,2026-05-21,False,-3.0,Indie/Alternative,từng ngày yêu em - buitruonglinh,7,2026-05-28,372783.0,7.0,32,-3.0,0
36,spotify:track:3Ids3RXurYBgySph53qWnB,buitruonglinh,Từng Ngày Yêu Em,LOOPS Music,9,35,73,372783,2026-05-28,False,-1.0,Indie/Alternative,từng ngày yêu em - buitruonglinh,8,2026-06-04,362510.0,7.0,35,-1.0,0
45,spotify:track:3Ids3RXurYBgySph53qWnB,buitruonglinh,Từng Ngày Yêu Em,LOOPS Music,9,36,74,362510,2026-06-04,False,-9.0,Indie/Alternative,từng ngày yêu em - buitruonglinh,9,2026-06-11,321173.0,7.0,36,-9.0,0
180,spotify:track:3J06iY9IRWKr1H0zIxrUby,"Orange, Hoàng Dũng",Khi Em Lớn,Universal Music Indochina,4,-1,224,170450,2026-05-21,True,,R&B/Soul,"khi em lớn - orange, hoàng dũng",7,2026-05-28,159294.0,7.0,201,0.0,1
191,spotify:track:3J06iY9IRWKr1H0zIxrUby,"Orange, Hoàng Dũng",Khi Em Lớn,Universal Music Indochina,4,180,225,159294,2026-05-28,False,-11.0,R&B/Soul,"khi em lớn - orange, hoàng dũng",8,2026-06-04,181138.0,7.0,180,-11.0,0
156,spotify:track:3J06iY9IRWKr1H0zIxrUby,"Orange, Hoàng Dũng",Khi Em Lớn,Universal Music Indochina,4,191,226,181138,2026-06-04,False,35.0,R&B/Soul,"khi em lớn - orange, hoàng dũng",9,2026-06-11,193338.0,7.0,191,35.0,0
62,spotify:track:3J3nv18iIrOhca1ZWNeuyW,JustaTee,Đã Lỡ Yêu Em Nhiều,NGUYEN THANH TUAN,36,67,166,309837,2026-04-09,False,5.0,Ballad,đã lỡ yêu em nhiều - justatee,1,2026-04-16,330909.0,7.0,67,5.0,0
51,spotify:track:3J3nv18iIrOhca1ZWNeuyW,JustaTee,Đã Lỡ Yêu Em Nhiều,NGUYEN THANH TUAN,36,62,167,330909,2026-04-16,False,11.0,Ballad,đã lỡ yêu em nhiều - justatee,2,2026-04-23,378014.0,7.0,62,11.0,0
42,spotify:track:3J3nv18iIrOhca1ZWNeuyW,JustaTee,Đã Lỡ Yêu Em Nhiều,NGUYEN THANH TUAN,36,51,168,378014,2026-04-23,False,9.0,Ballad,đã lỡ yêu em nhiều - justatee,3,2026-04-30,350738.0,7.0,51,9.0,0
48,spotify:track:3J3nv18iIrOhca1ZWNeuyW,JustaTee,Đã Lỡ Yêu Em Nhiều,NGUYEN THANH TUAN,36,42,169,350738,2026-04-30,False,-6.0,Ballad,đã lỡ yêu em nhiều - justatee,4,2026-05-07,334401.0,7.0,42,-6.0,0
45,spotify:track:3J3nv18iIrOhca1ZWNeuyW,JustaTee,Đã Lỡ Yêu Em Nhiều,NGUYEN THANH TUAN,36,48,170,334401,2026-05-07,False,3.0,Ballad,đã lỡ yêu em nhiều - justatee,5,2026-05-14,350574.0,7.0,48,3.0,0
41,spotify:track:3J3nv18iIrOhca1ZWNeuyW,JustaTee,Đã Lỡ Yêu Em Nhiều,NGUYEN THANH TUAN,36,45,171,350574,2026-05-14,False,4.0,Ballad,đã lỡ yêu em nhiều - justatee,6,2026-05-21,364517.0,7.0,45,4.0,0
37,spotify:track:3J3nv18iIrOhca1ZWNeuyW,JustaTee,Đã Lỡ Yêu Em Nhiều,NGUYEN THANH TUAN,36,41,172,364517,2026-05-21,False,4.0,Ballad,đã lỡ yêu em nhiều - justatee,7,2026-05-28,410070.0,7.0,41,4.0,0
24,spotify:track:3J3nv18iIrOhca1ZWNeuyW,JustaTee,Đã Lỡ Yêu Em Nhiều,NGUYEN THANH TUAN,24,37,173,410070,2026-05-28,False,13.0,Ballad,đã lỡ yêu em nhiều - justatee,8,2026-06-04,416088.0,7.0,37,13.0,0
25,spotify:track:3J3nv18iIrOhca1ZWNeuyW,JustaTee,Đã Lỡ Yêu Em Nhiều,NGUYEN THANH TUAN,24,24,174,416088,2026-06-04,False,-1.0,Ballad,đã lỡ yêu em nhiều - justatee,9,2026-06-11,333456.0,7.0,24,-1.0,0
146,spotify:track:3JKn7BN79L1WOPMYUCZg1m,"RPT MCK, marzuz",NGONGIODEMQUATRANGSANGDEMNAY,abandonh3ll records,146,-1,1,199824,2026-04-09,True,,Rap/Hip-hop,"ngongiodemquatrangsangdemnay - rpt mck, marzuz",1,2026-04-16,307787.0,7.0,201,0.0,1
60,spotify:track:3JKn7BN79L1WOPMYUCZg1m,"RPT MCK, marzuz",NGONGIODEMQUATRANGSANGDEMNAY,abandonh3ll records,60,146,2,307787,2026-04-16,False,86.0,Rap/Hip-hop,"ngongiodemquatrangsangdemnay - rpt mck, marzuz",2,2026-04-23,226417.0,7.0,146,86.0,0
178,spotify:track:3OVMe3H6iAxbLF8iD2UYrw,Sơn Tùng M-TP,Chúng Ta Của Tương Lai,Umusic Vietnam Co. Ltd. Distributed Labels,1,-1,82,170025,2026-06-04,True,,Pop,chúng ta của tương lai - sơn tùng m-tp,9,2026-06-11,181483.0,7.0,201,0.0,1
66,spotify:track:3P3rcI48wwVEgxF5vPM6pG,Sơn Tùng M-TP,Buông Đôi Tay Nhau Ra,Umusic Vietnam Co. Ltd. Distributed Labels,7,90,143,298464,2026-04-09,False,24.0,Ballad,buông đôi tay nhau ra - sơn tùng m-tp,1,2026-04-16,248660.0,7.0,90,24.0,0
90,spotify:track:3P3rcI48wwVEgxF5vPM6pG,Sơn Tùng M-TP,Buông Đôi Tay Nhau Ra,Umusic Vietnam Co. Ltd. Distributed Labels,7,66,144,248660,2026-04-16,False,-24.0,Ballad,buông đôi tay nhau ra - sơn tùng m-tp,2,2026-04-23,256314.0,7.0,66,-24.0,0
88,spotify:track:3P3rcI48wwVEgxF5vPM6pG,Sơn Tùng M-TP,Buông Đôi Tay Nhau Ra,Umusic Vietnam Co. Ltd. Distributed Labels,7,90,145,256314,2026-04-23,False,2.0,Ballad,buông đôi tay nhau ra - sơn tùng m-tp,3,2026-04-30,245681.0,7.0,90,2.0,0
97,spotify:track:3P3rcI48wwVEgxF5vPM6pG,Sơn Tùng M-TP,Buông Đôi Tay Nhau Ra,Umusic Vietnam Co. Ltd. Distributed Labels,7,88,146,245681,2026-04-30,False,-9.0,Ballad,buông đôi tay nhau ra - sơn tùng m-tp,4,2026-05-07,259415.0,7.0,88,-9.0,0
84,spotify:track:3P3rcI48wwVEgxF5vPM6pG,Sơn Tùng M-TP,Buông Đôi Tay Nhau Ra,Umusic Vietnam Co. Ltd. Distributed Labels,7,97,147,259415,2026-05-07,False,13.0,Ballad,buông đôi tay nhau ra - sơn tùng m-tp,5,2026-05-14,266935.0,7.0,97,13.0,0
78,spotify:track:3P3rcI48wwVEgxF5vPM6pG,Sơn Tùng M-TP,Buông Đôi Tay Nhau Ra,Umusic Vietnam Co. Ltd. Distributed Labels,7,84,148,266935,2026-05-14,False,6.0,Ballad,buông đôi tay nhau ra - sơn tùng m-tp,6,2026-05-21,260497.0,7.0,84,6.0,0
81,spotify:track:3P3rcI48wwVEgxF5vPM6pG,Sơn Tùng M-TP,Buông Đôi Tay Nhau Ra,Umusic Vietnam Co. Ltd. Distributed Labels,7,78,149,260497,2026-05-21,False,-3.0,Ballad,buông đôi tay nhau ra - sơn tùng m-tp,7,2026-05-28,267804.0,7.0,78,-3.0,0
72,spotify:track:3P3rcI48wwVEgxF5vPM6pG,Sơn Tùng M-TP,Buông Đôi Tay Nhau Ra,Umusic Vietnam Co. Ltd. Distributed Labels,7,81,150,267804,2026-05-28,False,9.0,Ballad,buông đôi tay nhau ra - sơn tùng m-tp,8,2026-06-04,338760.0,7.0,81,9.0,0
47,spotify:track:3P3rcI48wwVEgxF5vPM6pG,Sơn Tùng M-TP,Buông Đôi Tay Nhau Ra,Umusic Vietnam Co. Ltd. Distributed Labels,7,72,151,338760,2026-06-04,False,25.0,Ballad,buông đôi tay nhau ra - sơn tùng m-tp,9,2026-06-11,373306.0,7.0,72,25.0,0
24,spotify:track:3T7XHOdRcyhKU3QCB6kZG3,"MIN, Dangrangto, antransax",chẳng phải tình đầu sao đau đến thế,WM Vietnam,2,16,24,499905,2026-04-09,False,-8.0,Indie/Alternative,"chẳng phải tình đầu sao đau đến thế - min, dangrangto, antransax",1,2026-04-16,484990.0,7.0,16,-8.0,0
22,spotify:track:3T7XHOdRcyhKU3QCB6kZG3,"MIN, Dangrangto, antransax",chẳng phải tình đầu sao đau đến thế,WM Vietnam,2,24,25,484990,2026-04-16,False,2.0,Indie/Alternative,"chẳng phải tình đầu sao đau đến thế - min, dangrangto, antransax",2,2026-04-23,498056.0,7.0,24,2.0,0
20,spotify:track:3T7XHOdRcyhKU3QCB6kZG3,"MIN, Dangrangto, antransax",chẳng phải tình đầu sao đau đến thế,WM Vietnam,2,22,26,498056,2026-04-23,False,2.0,Indie/Alternative,"chẳng phải tình đầu sao đau đến thế - min, dangrangto, antransax",3,2026-04-30,490485.0,7.0,22,2.0,0
21,spotify:track:3T7XHOdRcyhKU3QCB6kZG3,"MIN, Dangrangto, antransax",chẳng phải tình đầu sao đau đến thế,WM Vietnam,2,20,27,490485,2026-04-30,False,-1.0,Indie/Alternative,"chẳng phải tình đầu sao đau đến thế - min, dangrangto, antransax",4,2026-05-07,392715.0,7.0,20,-1.0,0
28,spotify:track:3T7XHOdRcyhKU3QCB6kZG3,"MIN, Dangrangto, antransax",chẳng phải tình đầu sao đau đến thế,WM Vietnam,2,21,28,392715,2026-05-07,False,-7.0,Indie/Alternative,"chẳng phải tình đầu sao đau đến thế - min, dangrangto, antransax",5,2026-05-14,381271.0,7.0,21,-7.0,0
28,spotify:track:3T7XHOdRcyhKU3QCB6kZG3,"MIN, Dangrangto, antransax",chẳng phải tình đầu sao đau đến thế,WM Vietnam,2,28,29,381271,2026-05-14,False,0.0,Indie/Alternative,"chẳng phải tình đầu sao đau đến thế - min, dangrangto, antransax",6,2026-05-21,375519.0,7.0,28,0.0,0
33,spotify:track:3T7XHOdRcyhKU3QCB6kZG3,"MIN, Dangrangto, antransax",chẳng phải tình đầu sao đau đến thế,WM Vietnam,2,28,30,375519,2026-05-21,False,-5.0,Indie/Alternative,"chẳng phải tình đầu sao đau đến thế - min, dangrangto, antransax",7,2026-05-28,403213.0,7.0,28,-5.0,0
27,spotify:track:3T7XHOdRcyhKU3QCB6kZG3,"MIN, Dangrangto, antransax",chẳng phải tình đầu sao đau đến thế,WM Vietnam,2,33,31,403213,2026-05-28,False,6.0,Indie/Alternative,"chẳng phải tình đầu sao đau đến thế - min, dangrangto, antransax",8,2026-06-04,419586.0,7.0,33,6.0,0
24,spotify:track:3T7XHOdRcyhKU3QCB6kZG3,"MIN, Dangrangto, antransax",chẳng phải tình đầu sao đau đến thế,WM Vietnam,2,27,32,419586,2026-06-04,False,3.0,Indie/Alternative,"chẳng phải tình đầu sao đau đến thế - min, dangrangto, antransax",9,2026-06-11,448518.0,7.0,27,3.0,0
170,spotify:track:3UJ2gSPFPSkPKZghRI8y1e,Dangrangto,Love is,MaiDao Music,10,97,82,177478,2026-05-21,False,-73.0,Indie/Alternative,love is - dangrangto,7,2026-05-28,171929.0,7.0,97,-73.0,0
169,spotify:track:3UJ2gSPFPSkPKZghRI8y1e,Dangrangto,Love is,MaiDao Music,10,170,83,171929,2026-05-28,False,1.0,Indie/Alternative,love is - dangrangto,8,2026-06-04,179021.0,7.0,170,1.0,0
160,spotify:track:3UJ2gSPFPSkPKZghRI8y1e,Dangrangto,Love is,MaiDao Music,10,169,84,179021,2026-06-04,False,9.0,Indie/Alternative,love is - dangrangto,9,2026-06-11,179341.0,7.0,169,9.0,0
57,spotify:track:3VkV6L37ub0rtuYQoawAqz,Lil Zpoet,Tình Mình Lạ Kì,LiL Z Poet,45,51,10,320629,2026-04-09,False,-6.0,Ballad,tình mình lạ kì - lil zpoet,1,2026-04-16,332340.0,7.0,51,-6.0,0
50,spotify:track:3VkV6L37ub0rtuYQoawAqz,Lil Zpoet,Tình Mình Lạ Kì,LiL Z Poet,45,57,11,332340,2026-04-16,False,7.0,Ballad,tình mình lạ kì - lil zpoet,2,2026-04-23,327129.0,7.0,57,7.0,0
58,spotify:track:3VkV6L37ub0rtuYQoawAqz,Lil Zpoet,Tình Mình Lạ Kì,LiL Z Poet,45,50,12,327129,2026-04-23,False,-8.0,Ballad,tình mình lạ kì - lil zpoet,3,2026-04-30,324671.0,7.0,50,-8.0,0
57,spotify:track:3VkV6L37ub0rtuYQoawAqz,Lil Zpoet,Tình Mình Lạ Kì,LiL Z Poet,45,58,13,324671,2026-04-30,False,1.0,Ballad,tình mình lạ kì - lil zpoet,4,2026-05-07,334347.0,7.0,58,1.0,0
46,spotify:track:3VkV6L37ub0rtuYQoawAqz,Lil Zpoet,Tình Mình Lạ Kì,LiL Z Poet,45,57,14,334347,2026-05-07,False,11.0,Ballad,tình mình lạ kì - lil zpoet,5,2026-05-14,316649.0,7.0,57,11.0,0
53,spotify:track:3VkV6L37ub0rtuYQoawAqz,Lil Zpoet,Tình Mình Lạ Kì,LiL Z Poet,45,46,15,316649,2026-05-14,False,-7.0,Ballad,tình mình lạ kì - lil zpoet,6,2026-05-21,276329.0,7.0,46,-7.0,0
67,spotify:track:3VkV6L37ub0rtuYQoawAqz,Lil Zpoet,Tình Mình Lạ Kì,LiL Z Poet,45,53,16,276329,2026-05-21,False,-14.0,Ballad,tình mình lạ kì - lil zpoet,7,2026-05-28,268105.0,7.0,53,-14.0,0
71,spotify:track:3VkV6L37ub0rtuYQoawAqz,Lil Zpoet,Tình Mình Lạ Kì,LiL Z Poet,45,67,17,268105,2026-05-28,False,-4.0,Ballad,tình mình lạ kì - lil zpoet,8,2026-06-04,255290.0,7.0,67,-4.0,0
85,spotify:track:3VkV6L37ub0rtuYQoawAqz,Lil Zpoet,Tình Mình Lạ Kì,LiL Z Poet,45,71,18,255290,2026-06-04,False,-14.0,Ballad,tình mình lạ kì - lil zpoet,9,2026-06-11,263840.0,7.0,71,-14.0,0
194,spotify:track:3ZbZtdEw9U0uZW4tZItIwq,"RHYDER, CoolKid, BAN",Chịu Cách Mình Nói Thua,RHYDER,6,-1,121,161040,2026-05-21,True,,Rap/Hip-hop,"chịu cách mình nói thua - rhyder, coolkid, ban",7,2026-05-28,175123.0,7.0,201,0.0,1
165,spotify:track:3ZbZtdEw9U0uZW4tZItIwq,"RHYDER, CoolKid, BAN",Chịu Cách Mình Nói Thua,RHYDER,6,194,122,175123,2026-05-28,False,29.0,Rap/Hip-hop,"chịu cách mình nói thua - rhyder, coolkid, ban",8,2026-06-04,201396.0,7.0,194,29.0,0
131,spotify:track:3ZbZtdEw9U0uZW4tZItIwq,"RHYDER, CoolKid, BAN",Chịu Cách Mình Nói Thua,RHYDER,6,165,123,201396,2026-06-04,False,34.0,Rap/Hip-hop,"chịu cách mình nói thua - rhyder, coolkid, ban",9,2026-06-11,182315.0,7.0,165,34.0,0
137,spotify:track:3b34161QoxLwsqhWSPy9i5,Da LAB,Thanh Xuân,Sony Music Entertainment,1,154,395,204135,2026-04-09,False,17.0,Indie/Alternative,thanh xuân - da lab,1,2026-04-16,186617.0,7.0,154,17.0,0
158,spotify:track:3b34161QoxLwsqhWSPy9i5,Da LAB,Thanh Xuân,Sony Music Entertainment,1,137,396,186617,2026-04-16,False,-21.0,Indie/Alternative,thanh xuân - da lab,2,2026-04-23,223821.0,7.0,137,-21.0,0
116,spotify:track:3b34161QoxLwsqhWSPy9i5,Da LAB,Thanh Xuân,Sony Music Entertainment,1,158,397,223821,2026-04-23,False,42.0,Indie/Alternative,thanh xuân - da lab,3,2026-04-30,212504.0,7.0,158,42.0,0
131,spotify:track:3b34161QoxLwsqhWSPy9i5,Da LAB,Thanh Xuân,Sony Music Entertainment,1,116,398,212504,2026-04-30,False,-15.0,Indie/Alternative,thanh xuân - da lab,4,2026-05-07,200673.0,7.0,116,-15.0,0
135,spotify:track:3b34161QoxLwsqhWSPy9i5,Da LAB,Thanh Xuân,Sony Music Entertainment,1,131,399,200673,2026-05-07,False,-4.0,Indie/Alternative,thanh xuân - da lab,5,2026-05-14,201061.0,7.0,131,-4.0,0
137,spotify:track:3b34161QoxLwsqhWSPy9i5,Da LAB,Thanh Xuân,Sony Music Entertainment,1,135,400,201061,2026-05-14,False,-2.0,Indie/Alternative,thanh xuân - da lab,6,2026-05-21,212348.0,7.0,135,-2.0,0
122,spotify:track:3b34161QoxLwsqhWSPy9i5,Da LAB,Thanh Xuân,Sony Music Entertainment,1,137,401,212348,2026-05-21,False,15.0,Indie/Alternative,thanh xuân - da lab,7,2026-05-28,222944.0,7.0,137,15.0,0
108,spotify:track:3b34161QoxLwsqhWSPy9i5,Da LAB,Thanh Xuân,Sony Music Entertainment,1,122,402,222944,2026-05-28,False,14.0,Indie/Alternative,thanh xuân - da lab,8,2026-06-04,219205.0,7.0,122,14.0,0
115,spotify:track:3b34161QoxLwsqhWSPy9i5,Da LAB,Thanh Xuân,Sony Music Entertainment,1,108,403,219205,2026-06-04,False,-7.0,Indie/Alternative,thanh xuân - da lab,9,2026-06-11,180801.0,7.0,108,-7.0,0
88,spotify:track:3bmpXHVie1GTy37OkXJ7Vc,BTS,2.0,BIGHIT MUSIC,11,71,3,255212,2026-04-09,False,-17.0,Rap/Hip-hop,2.0 - bts,1,2026-04-16,215285.0,7.0,71,-17.0,0
116,spotify:track:3bmpXHVie1GTy37OkXJ7Vc,BTS,2.0,BIGHIT MUSIC,11,88,4,215285,2026-04-16,False,-28.0,Rap/Hip-hop,2.0 - bts,2,2026-04-23,190311.0,7.0,88,-28.0,0
162,spotify:track:3bmpXHVie1GTy37OkXJ7Vc,BTS,2.0,BIGHIT MUSIC,11,116,5,190311,2026-04-23,False,-46.0,Rap/Hip-hop,2.0 - bts,3,2026-04-30,191748.0,7.0,116,-46.0,0
156,spotify:track:3bmpXHVie1GTy37OkXJ7Vc,BTS,2.0,BIGHIT MUSIC,11,162,6,191748,2026-04-30,False,6.0,Rap/Hip-hop,2.0 - bts,4,2026-05-07,213205.0,7.0,162,6.0,0
124,spotify:track:3bmpXHVie1GTy37OkXJ7Vc,BTS,2.0,BIGHIT MUSIC,11,156,7,213205,2026-05-07,False,32.0,Rap/Hip-hop,2.0 - bts,5,2026-05-14,244389.0,7.0,156,32.0,0
93,spotify:track:3bmpXHVie1GTy37OkXJ7Vc,BTS,2.0,BIGHIT MUSIC,11,124,8,244389,2026-05-14,False,31.0,Rap/Hip-hop,2.0 - bts,6,2026-05-21,223039.0,7.0,124,31.0,0
106,spotify:track:3bmpXHVie1GTy37OkXJ7Vc,BTS,2.0,BIGHIT MUSIC,11,93,9,223039,2026-05-21,False,-13.0,Rap/Hip-hop,2.0 - bts,7,2026-05-28,210541.0,7.0,93,-13.0,0
118,spotify:track:3bmpXHVie1GTy37OkXJ7Vc,BTS,2.0,BIGHIT MUSIC,11,106,10,210541,2026-05-28,False,-12.0,Rap/Hip-hop,2.0 - bts,8,2026-06-04,205803.0,7.0,106,-12.0,0
126,spotify:track:3bmpXHVie1GTy37OkXJ7Vc,BTS,2.0,BIGHIT MUSIC,11,118,11,205803,2026-06-04,False,-8.0,Rap/Hip-hop,2.0 - bts,9,2026-06-11,182034.0,7.0,118,-8.0,0
79,spotify:track:3dCdcURa0Kk5UWXRY00HQy,CORTIS,Wassup,Republic Records – CORTIS,79,-1,1,273203,2026-05-07,True,,Pop,wassup - cortis,5,2026-05-14,286751.0,7.0,201,0.0,1
66,spotify:track:3dCdcURa0Kk5UWXRY00HQy,CORTIS,Wassup,Republic Records – CORTIS,66,79,2,286751,2026-05-14,False,13.0,Pop,wassup - cortis,6,2026-05-21,212629.0,7.0,79,13.0,0
121,spotify:track:3dCdcURa0Kk5UWXRY00HQy,CORTIS,Wassup,Republic Records – CORTIS,66,66,3,212629,2026-05-21,False,-55.0,Pop,wassup - cortis,7,2026-05-28,161657.0,7.0,66,-55.0,0
33,spotify:track:3dbfL7nHOZlM4adzLHNnB3,"Juky San, buitruonglinh",Người Đầu Tiên,DAO Entertainment,2,11,23,391013,2026-04-09,False,-22.0,Ballad,"người đầu tiên - juky san, buitruonglinh",1,2026-04-16,368780.0,7.0,11,-22.0,0
38,spotify:track:3dbfL7nHOZlM4adzLHNnB3,"Juky San, buitruonglinh",Người Đầu Tiên,DAO Entertainment,2,33,24,368780,2026-04-16,False,-5.0,Ballad,"người đầu tiên - juky san, buitruonglinh",2,2026-04-23,420076.0,7.0,33,-5.0,0
42,spotify:track:3dbfL7nHOZlM4adzLHNnB3,"Juky San, buitruonglinh",Người Đầu Tiên,DAO Entertainment,2,34,27,342745,2026-05-07,False,-8.0,Ballad,"người đầu tiên - juky san, buitruonglinh",5,2026-05-14,364113.0,7.0,34,-8.0,0
33,spotify:track:3dbfL7nHOZlM4adzLHNnB3,"Juky San, buitruonglinh",Người Đầu Tiên,DAO Entertainment,2,42,28,364113,2026-05-14,False,9.0,Ballad,"người đầu tiên - juky san, buitruonglinh",6,2026-05-21,373614.0,7.0,42,9.0,0
34,spotify:track:3dbfL7nHOZlM4adzLHNnB3,"Juky San, buitruonglinh",Người Đầu Tiên,DAO Entertainment,2,33,29,373614,2026-05-21,False,-1.0,Ballad,"người đầu tiên - juky san, buitruonglinh",7,2026-05-28,337311.0,7.0,33,-1.0,0
45,spotify:track:3dbfL7nHOZlM4adzLHNnB3,"Juky San, buitruonglinh",Người Đầu Tiên,DAO Entertainment,2,34,30,337311,2026-05-28,False,-11.0,Ballad,"người đầu tiên - juky san, buitruonglinh",8,2026-06-04,302636.0,7.0,34,-11.0,0
60,spotify:track:3dbfL7nHOZlM4adzLHNnB3,"Juky San, buitruonglinh",Người Đầu Tiên,DAO Entertainment,2,45,31,302636,2026-06-04,False,-15.0,Ballad,"người đầu tiên - juky san, buitruonglinh",9,2026-06-11,286048.0,7.0,45,-15.0,0
167,spotify:track:3f0OEJd7mlPNhmH3fUOrqy,CORTIS,"Mention Me - From The Movie ""GOAT""",Mercury Records,63,-1,3,186019,2026-04-30,True,,Khác,"mention me - from the movie ""goat"" - cortis",4,2026-05-07,165814.0,7.0,201,0.0,1
152,spotify:track:3gLRyMbg5nWLcuKD46Uz72,Phương Ly,Anh Là Ai,PHUONG LY,109,158,28,196268,2026-04-09,False,6.0,Pop,anh là ai - phương ly,1,2026-04-16,188913.0,7.0,158,6.0,0
154,spotify:track:3gLRyMbg5nWLcuKD46Uz72,Phương Ly,Anh Là Ai,PHUONG LY,109,152,29,188913,2026-04-16,False,-2.0,Pop,anh là ai - phương ly,2,2026-04-23,209605.0,7.0,152,-2.0,0
132,spotify:track:3gLRyMbg5nWLcuKD46Uz72,Phương Ly,Anh Là Ai,PHUONG LY,109,154,30,209605,2026-04-23,False,22.0,Pop,anh là ai - phương ly,3,2026-04-30,197276.0,7.0,154,22.0,0
147,spotify:track:3gLRyMbg5nWLcuKD46Uz72,Phương Ly,Anh Là Ai,PHUONG LY,109,132,31,197276,2026-04-30,False,-15.0,Pop,anh là ai - phương ly,4,2026-05-07,203021.0,7.0,132,-15.0,0
130,spotify:track:3gLRyMbg5nWLcuKD46Uz72,Phương Ly,Anh Là Ai,PHUONG LY,109,147,32,203021,2026-05-07,False,17.0,Pop,anh là ai - phương ly,5,2026-05-14,192432.0,7.0,147,17.0,0
149,spotify:track:3gLRyMbg5nWLcuKD46Uz72,Phương Ly,Anh Là Ai,PHUONG LY,109,130,33,192432,2026-05-14,False,-19.0,Pop,anh là ai - phương ly,6,2026-05-21,191318.0,7.0,130,-19.0,0
148,spotify:track:3gLRyMbg5nWLcuKD46Uz72,Phương Ly,Anh Là Ai,PHUONG LY,109,149,34,191318,2026-05-21,False,1.0,Pop,anh là ai - phương ly,7,2026-05-28,197238.0,7.0,149,1.0,0
130,spotify:track:3gLRyMbg5nWLcuKD46Uz72,Phương Ly,Anh Là Ai,PHUONG LY,109,148,35,197238,2026-05-28,False,18.0,Pop,anh là ai - phương ly,8,2026-06-04,187734.0,7.0,148,18.0,0
148,spotify:track:3gLRyMbg5nWLcuKD46Uz72,Phương Ly,Anh Là Ai,PHUONG LY,109,130,36,187734,2026-06-04,False,-18.0,Pop,anh là ai - phương ly,9,2026-06-11,175709.0,7.0,130,-18.0,0
114,spotify:track:3rAcN3CLeSrkhIZN8PHbwb,CORTIS,What You Want,Republic Records – CORTIS,114,-1,1,224976,2026-04-30,True,,Pop,what you want - cortis,4,2026-05-07,199868.0,7.0,201,0.0,1
26,spotify:track:3uT8QfoX0BE8ZJa4h98LDW,"Puppy, Dangrangto",Wrong Times,MaiDao Music,3,25,127,486187,2026-04-09,False,-1.0,Indie/Alternative,"wrong times - puppy, dangrangto",1,2026-04-16,435375.0,7.0,25,-1.0,0
26,spotify:track:3uT8QfoX0BE8ZJa4h98LDW,"Puppy, Dangrangto",Wrong Times,MaiDao Music,3,26,128,435375,2026-04-16,False,0.0,Indie/Alternative,"wrong times - puppy, dangrangto",2,2026-04-23,449396.0,7.0,26,0.0,0
28,spotify:track:3uT8QfoX0BE8ZJa4h98LDW,"Puppy, Dangrangto",Wrong Times,MaiDao Music,3,26,129,449396,2026-04-23,False,-2.0,Indie/Alternative,"wrong times - puppy, dangrangto",3,2026-04-30,463050.0,7.0,26,-2.0,0
25,spotify:track:3uT8QfoX0BE8ZJa4h98LDW,"Puppy, Dangrangto",Wrong Times,MaiDao Music,3,28,130,463050,2026-04-30,False,3.0,Indie/Alternative,"wrong times - puppy, dangrangto",4,2026-05-07,391291.0,7.0,28,3.0,0
12,spotify:track:3vSmjbKFByNM6l31NmFlmB,"GREY D, MIN",đôi mắt kẻ tình si,Umusic Vietnam Co. Ltd. Distributed Labels,12,50,2,603600,2026-04-09,False,38.0,R&B/Soul,"đôi mắt kẻ tình si - grey d, min",1,2026-04-16,505196.0,7.0,50,38.0,0
16,spotify:track:3vSmjbKFByNM6l31NmFlmB,"GREY D, MIN",đôi mắt kẻ tình si,Umusic Vietnam Co. Ltd. Distributed Labels,12,12,3,505196,2026-04-16,False,-4.0,R&B/Soul,"đôi mắt kẻ tình si - grey d, min",2,2026-04-23,416412.0,7.0,12,-4.0,0
33,spotify:track:3vSmjbKFByNM6l31NmFlmB,"GREY D, MIN",đôi mắt kẻ tình si,Umusic Vietnam Co. Ltd. Distributed Labels,12,16,4,416412,2026-04-23,False,-17.0,R&B/Soul,"đôi mắt kẻ tình si - grey d, min",3,2026-04-30,307802.0,7.0,16,-17.0,0
65,spotify:track:3vSmjbKFByNM6l31NmFlmB,"GREY D, MIN",đôi mắt kẻ tình si,Umusic Vietnam Co. Ltd. Distributed Labels,12,33,5,307802,2026-04-30,False,-32.0,R&B/Soul,"đôi mắt kẻ tình si - grey d, min",4,2026-05-07,307402.0,7.0,33,-32.0,0
57,spotify:track:3vSmjbKFByNM6l31NmFlmB,"GREY D, MIN",đôi mắt kẻ tình si,Umusic Vietnam Co. Ltd. Distributed Labels,12,65,6,307402,2026-05-07,False,8.0,R&B/Soul,"đôi mắt kẻ tình si - grey d, min",5,2026-05-14,307308.0,7.0,65,8.0,0
55,spotify:track:3vSmjbKFByNM6l31NmFlmB,"GREY D, MIN",đôi mắt kẻ tình si,Umusic Vietnam Co. Ltd. Distributed Labels,12,57,7,307308,2026-05-14,False,2.0,R&B/Soul,"đôi mắt kẻ tình si - grey d, min",6,2026-05-21,312949.0,7.0,57,2.0,0
53,spotify:track:3vSmjbKFByNM6l31NmFlmB,"GREY D, MIN",đôi mắt kẻ tình si,Umusic Vietnam Co. Ltd. Distributed Labels,12,55,8,312949,2026-05-21,False,2.0,R&B/Soul,"đôi mắt kẻ tình si - grey d, min",7,2026-05-28,292096.0,7.0,55,2.0,0
59,spotify:track:3vSmjbKFByNM6l31NmFlmB,"GREY D, MIN",đôi mắt kẻ tình si,Umusic Vietnam Co. Ltd. Distributed Labels,12,53,9,292096,2026-05-28,False,-6.0,R&B/Soul,"đôi mắt kẻ tình si - grey d, min",8,2026-06-04,266986.0,7.0,53,-6.0,0
79,spotify:track:3vSmjbKFByNM6l31NmFlmB,"GREY D, MIN",đôi mắt kẻ tình si,Umusic Vietnam Co. Ltd. Distributed Labels,12,59,10,266986,2026-06-04,False,-20.0,R&B/Soul,"đôi mắt kẻ tình si - grey d, min",9,2026-06-11,312689.0,7.0,59,-20.0,0
36,spotify:track:3x7Hh3zsE1wcXCU2G8l5tP,SOOBIN,DANCING IN THE DARK,SS LABEL,3,32,56,381164,2026-04-09,False,-4.0,EDM/Dance,dancing in the dark - soobin,1,2026-04-16,375361.0,7.0,32,-4.0,0
35,spotify:track:3x7Hh3zsE1wcXCU2G8l5tP,SOOBIN,DANCING IN THE DARK,SS LABEL,3,36,57,375361,2026-04-16,False,1.0,EDM/Dance,dancing in the dark - soobin,2,2026-04-23,375210.0,7.0,36,1.0,0
43,spotify:track:3x7Hh3zsE1wcXCU2G8l5tP,SOOBIN,DANCING IN THE DARK,SS LABEL,3,35,58,375210,2026-04-23,False,-8.0,EDM/Dance,dancing in the dark - soobin,3,2026-04-30,341439.0,7.0,35,-8.0,0
51,spotify:track:3x7Hh3zsE1wcXCU2G8l5tP,SOOBIN,DANCING IN THE DARK,SS LABEL,3,43,59,341439,2026-04-30,False,-8.0,EDM/Dance,dancing in the dark - soobin,4,2026-05-07,337040.0,7.0,43,-8.0,0
43,spotify:track:3x7Hh3zsE1wcXCU2G8l5tP,SOOBIN,DANCING IN THE DARK,SS LABEL,3,51,60,337040,2026-05-07,False,8.0,EDM/Dance,dancing in the dark - soobin,5,2026-05-14,352906.0,7.0,51,8.0,0
40,spotify:track:3x7Hh3zsE1wcXCU2G8l5tP,SOOBIN,DANCING IN THE DARK,SS LABEL,3,43,61,352906,2026-05-14,False,3.0,EDM/Dance,dancing in the dark - soobin,6,2026-05-21,370475.0,7.0,43,3.0,0
36,spotify:track:3x7Hh3zsE1wcXCU2G8l5tP,SOOBIN,DANCING IN THE DARK,SS LABEL,3,40,62,370475,2026-05-21,False,4.0,EDM/Dance,dancing in the dark - soobin,7,2026-05-28,374554.0,7.0,40,4.0,0
35,spotify:track:3x7Hh3zsE1wcXCU2G8l5tP,SOOBIN,DANCING IN THE DARK,SS LABEL,3,36,63,374554,2026-05-28,False,1.0,EDM/Dance,dancing in the dark - soobin,8,2026-06-04,378745.0,7.0,36,1.0,0
36,spotify:track:3x7Hh3zsE1wcXCU2G8l5tP,SOOBIN,DANCING IN THE DARK,SS LABEL,3,35,64,378745,2026-06-04,False,-1.0,EDM/Dance,dancing in the dark - soobin,9,2026-06-11,377159.0,7.0,35,-1.0,0
148,spotify:track:3y66li7DIrH7HLKIZzxR5H,Kai Đinh,Lễ Đường,Yin Yang Media,3,146,56,199226,2026-04-09,False,-2.0,Ballad,lễ đường - kai đinh,1,2026-04-16,194590.0,7.0,146,-2.0,0
147,spotify:track:3y66li7DIrH7HLKIZzxR5H,Kai Đinh,Lễ Đường,Yin Yang Media,3,148,57,194590,2026-04-16,False,1.0,Ballad,lễ đường - kai đinh,2,2026-04-23,193276.0,7.0,148,1.0,0
157,spotify:track:3y66li7DIrH7HLKIZzxR5H,Kai Đinh,Lễ Đường,Yin Yang Media,3,147,58,193276,2026-04-23,False,-10.0,Ballad,lễ đường - kai đinh,3,2026-04-30,185238.0,7.0,147,-10.0,0
169,spotify:track:3y66li7DIrH7HLKIZzxR5H,Kai Đinh,Lễ Đường,Yin Yang Media,3,157,59,185238,2026-04-30,False,-12.0,Ballad,lễ đường - kai đinh,4,2026-05-07,199194.0,7.0,157,-12.0,0
139,spotify:track:3y66li7DIrH7HLKIZzxR5H,Kai Đinh,Lễ Đường,Yin Yang Media,3,169,60,199194,2026-05-07,False,30.0,Ballad,lễ đường - kai đinh,5,2026-05-14,198269.0,7.0,169,30.0,0
141,spotify:track:3y66li7DIrH7HLKIZzxR5H,Kai Đinh,Lễ Đường,Yin Yang Media,3,139,61,198269,2026-05-14,False,-2.0,Ballad,lễ đường - kai đinh,6,2026-05-21,185862.0,7.0,139,-2.0,0
162,spotify:track:3y66li7DIrH7HLKIZzxR5H,Kai Đinh,Lễ Đường,Yin Yang Media,3,141,62,185862,2026-05-21,False,-21.0,Ballad,lễ đường - kai đinh,7,2026-05-28,189488.0,7.0,141,-21.0,0
137,spotify:track:3y66li7DIrH7HLKIZzxR5H,Kai Đinh,Lễ Đường,Yin Yang Media,3,162,63,189488,2026-05-28,False,25.0,Ballad,lễ đường - kai đinh,8,2026-06-04,177290.0,7.0,162,25.0,0
164,spotify:track:3y66li7DIrH7HLKIZzxR5H,Kai Đinh,Lễ Đường,Yin Yang Media,3,137,64,177290,2026-06-04,False,-27.0,Ballad,lễ đường - kai đinh,9,2026-06-11,169661.0,7.0,137,-27.0,0
15,spotify:track:41DlPJXKTCypXdf2eSqa03,"Vũ., Binz",bình yên,WM Vietnam,4,13,84,552347,2026-04-09,False,-2.0,Rap/Hip-hop,"bình yên - vũ., binz",1,2026-04-16,524878.0,7.0,13,-2.0,0
14,spotify:track:41DlPJXKTCypXdf2eSqa03,"Vũ., Binz",bình yên,WM Vietnam,4,15,85,524878,2026-04-16,False,1.0,Rap/Hip-hop,"bình yên - vũ., binz",2,2026-04-23,548938.0,7.0,15,1.0,0
16,spotify:track:41DlPJXKTCypXdf2eSqa03,"Vũ., Binz",bình yên,WM Vietnam,4,14,86,548938,2026-04-23,False,-2.0,Rap/Hip-hop,"bình yên - vũ., binz",3,2026-04-30,511575.0,7.0,14,-2.0,0
17,spotify:track:41DlPJXKTCypXdf2eSqa03,"Vũ., Binz",bình yên,WM Vietnam,4,16,87,511575,2026-04-30,False,-1.0,Rap/Hip-hop,"bình yên - vũ., binz",4,2026-05-07,423732.0,7.0,16,-1.0,0
24,spotify:track:41DlPJXKTCypXdf2eSqa03,"Vũ., Binz",bình yên,WM Vietnam,4,17,88,423732,2026-05-07,False,-7.0,Rap/Hip-hop,"bình yên - vũ., binz",5,2026-05-14,439371.0,7.0,17,-7.0,0
20,spotify:track:41DlPJXKTCypXdf2eSqa03,"Vũ., Binz",bình yên,WM Vietnam,4,24,89,439371,2026-05-14,False,4.0,Rap/Hip-hop,"bình yên - vũ., binz",6,2026-05-21,464111.0,7.0,24,4.0,0
16,spotify:track:41DlPJXKTCypXdf2eSqa03,"Vũ., Binz",bình yên,WM Vietnam,4,20,90,464111,2026-05-21,False,4.0,Rap/Hip-hop,"bình yên - vũ., binz",7,2026-05-28,464647.0,7.0,20,4.0,0
16,spotify:track:41DlPJXKTCypXdf2eSqa03,"Vũ., Binz",bình yên,WM Vietnam,4,16,91,464647,2026-05-28,False,0.0,Rap/Hip-hop,"bình yên - vũ., binz",8,2026-06-04,379464.0,7.0,16,0.0,0
35,spotify:track:41DlPJXKTCypXdf2eSqa03,"Vũ., Binz",bình yên,WM Vietnam,4,16,92,379464,2026-06-04,False,-19.0,Rap/Hip-hop,"bình yên - vũ., binz",9,2026-06-11,365062.0,7.0,16,-19.0,0
6,spotify:track:42AOwjuMmIN1ioyyWB60Lw,GREY D,hoá ra…,Umusic Vietnam Co. Ltd. Distributed Labels,6,8,2,1024758,2026-04-09,False,2.0,R&B/Soul,hoá ra… - grey d,1,2026-04-16,835910.0,7.0,8,2.0,0
5,spotify:track:42AOwjuMmIN1ioyyWB60Lw,GREY D,hoá ra…,Umusic Vietnam Co. Ltd. Distributed Labels,5,6,3,835910,2026-04-16,False,1.0,R&B/Soul,hoá ra… - grey d,2,2026-04-23,706466.0,7.0,6,1.0,0
6,spotify:track:42AOwjuMmIN1ioyyWB60Lw,GREY D,hoá ra…,Umusic Vietnam Co. Ltd. Distributed Labels,5,5,4,706466,2026-04-23,False,-1.0,R&B/Soul,hoá ra… - grey d,3,2026-04-30,529893.0,7.0,5,-1.0,0
15,spotify:track:42AOwjuMmIN1ioyyWB60Lw,GREY D,hoá ra…,Umusic Vietnam Co. Ltd. Distributed Labels,5,6,5,529893,2026-04-30,False,-9.0,R&B/Soul,hoá ra… - grey d,4,2026-05-07,496217.0,7.0,6,-9.0,0
14,spotify:track:42AOwjuMmIN1ioyyWB60Lw,GREY D,hoá ra…,Umusic Vietnam Co. Ltd. Distributed Labels,5,15,6,496217,2026-05-07,False,1.0,R&B/Soul,hoá ra… - grey d,5,2026-05-14,472440.0,7.0,15,1.0,0
16,spotify:track:42AOwjuMmIN1ioyyWB60Lw,GREY D,hoá ra…,Umusic Vietnam Co. Ltd. Distributed Labels,5,14,7,472440,2026-05-14,False,-2.0,R&B/Soul,hoá ra… - grey d,6,2026-05-21,433403.0,7.0,14,-2.0,0
23,spotify:track:42AOwjuMmIN1ioyyWB60Lw,GREY D,hoá ra…,Umusic Vietnam Co. Ltd. Distributed Labels,5,16,8,433403,2026-05-21,False,-7.0,R&B/Soul,hoá ra… - grey d,7,2026-05-28,386139.0,7.0,16,-7.0,0
30,spotify:track:42AOwjuMmIN1ioyyWB60Lw,GREY D,hoá ra…,Umusic Vietnam Co. Ltd. Distributed Labels,5,23,9,386139,2026-05-28,False,-7.0,R&B/Soul,hoá ra… - grey d,8,2026-06-04,366551.0,7.0,23,-7.0,0
42,spotify:track:42AOwjuMmIN1ioyyWB60Lw,GREY D,hoá ra…,Umusic Vietnam Co. Ltd. Distributed Labels,5,30,10,366551,2026-06-04,False,-12.0,R&B/Soul,hoá ra… - grey d,9,2026-06-11,387362.0,7.0,30,-12.0,0
115,spotify:track:42i1d7gos5WvqZIFWCfE7E,Ngô Lan Hương,"Có công mài ""Sắc""",Ngô Lan Hương Exclusive,115,-1,1,217226,2026-04-16,True,,Pop,"có công mài ""sắc"" - ngô lan hương",2,2026-04-23,260118.0,7.0,201,0.0,1
85,spotify:track:42i1d7gos5WvqZIFWCfE7E,Ngô Lan Hương,"Có công mài ""Sắc""",Ngô Lan Hương Exclusive,85,115,2,260118,2026-04-23,False,30.0,Pop,"có công mài ""sắc"" - ngô lan hương",3,2026-04-30,248104.0,7.0,115,30.0,0
95,spotify:track:42i1d7gos5WvqZIFWCfE7E,Ngô Lan Hương,"Có công mài ""Sắc""",Ngô Lan Hương Exclusive,85,85,3,248104,2026-04-30,False,-10.0,Pop,"có công mài ""sắc"" - ngô lan hương",4,2026-05-07,173832.0,7.0,85,-10.0,0
176,spotify:track:42i1d7gos5WvqZIFWCfE7E,Ngô Lan Hương,"Có công mài ""Sắc""",Ngô Lan Hương Exclusive,85,95,4,173832,2026-05-07,False,-81.0,Pop,"có công mài ""sắc"" - ngô lan hương",5,2026-05-14,167554.0,7.0,95,-81.0,0
184,spotify:track:42i1d7gos5WvqZIFWCfE7E,Ngô Lan Hương,"Có công mài ""Sắc""",Ngô Lan Hương Exclusive,85,176,5,167554,2026-05-14,False,-8.0,Pop,"có công mài ""sắc"" - ngô lan hương",6,2026-05-21,188067.0,7.0,176,-8.0,0
155,spotify:track:42i1d7gos5WvqZIFWCfE7E,Ngô Lan Hương,"Có công mài ""Sắc""",Ngô Lan Hương Exclusive,85,184,6,188067,2026-05-21,False,29.0,Pop,"có công mài ""sắc"" - ngô lan hương",7,2026-05-28,159054.0,7.0,184,29.0,0
141,spotify:track:43zzuEWDotRcKlSFzrlJqs,Đạt G,Thêm Bao Nhiêu Lâu,12 trái lê,106,153,48,203209,2026-04-09,False,12.0,Ballad,thêm bao nhiêu lâu - đạt g,1,2026-04-16,220419.0,7.0,153,12.0,0
113,spotify:track:43zzuEWDotRcKlSFzrlJqs,Đạt G,Thêm Bao Nhiêu Lâu,12 trái lê,106,141,49,220419,2026-04-16,False,28.0,Ballad,thêm bao nhiêu lâu - đạt g,2,2026-04-23,240303.0,7.0,141,28.0,0
97,spotify:track:43zzuEWDotRcKlSFzrlJqs,Đạt G,Thêm Bao Nhiêu Lâu,12 trái lê,97,113,50,240303,2026-04-23,False,16.0,Ballad,thêm bao nhiêu lâu - đạt g,3,2026-04-30,242265.0,7.0,113,16.0,0
101,spotify:track:43zzuEWDotRcKlSFzrlJqs,Đạt G,Thêm Bao Nhiêu Lâu,12 trái lê,97,97,51,242265,2026-04-30,False,-4.0,Ballad,thêm bao nhiêu lâu - đạt g,4,2026-05-07,236709.0,7.0,97,-4.0,0
104,spotify:track:43zzuEWDotRcKlSFzrlJqs,Đạt G,Thêm Bao Nhiêu Lâu,12 trái lê,97,101,52,236709,2026-05-07,False,-3.0,Ballad,thêm bao nhiêu lâu - đạt g,5,2026-05-14,242313.0,7.0,101,-3.0,0
94,spotify:track:43zzuEWDotRcKlSFzrlJqs,Đạt G,Thêm Bao Nhiêu Lâu,12 trái lê,94,104,53,242313,2026-05-14,False,10.0,Ballad,thêm bao nhiêu lâu - đạt g,6,2026-05-21,239100.0,7.0,104,10.0,0
93,spotify:track:43zzuEWDotRcKlSFzrlJqs,Đạt G,Thêm Bao Nhiêu Lâu,12 trái lê,93,94,54,239100,2026-05-21,False,1.0,Ballad,thêm bao nhiêu lâu - đạt g,7,2026-05-28,242432.0,7.0,94,1.0,0
84,spotify:track:43zzuEWDotRcKlSFzrlJqs,Đạt G,Thêm Bao Nhiêu Lâu,12 trái lê,84,93,55,242432,2026-05-28,False,9.0,Ballad,thêm bao nhiêu lâu - đạt g,8,2026-06-04,228820.0,7.0,93,9.0,0
110,spotify:track:43zzuEWDotRcKlSFzrlJqs,Đạt G,Thêm Bao Nhiêu Lâu,12 trái lê,84,84,56,228820,2026-06-04,False,-26.0,Ballad,thêm bao nhiêu lâu - đạt g,9,2026-06-11,216174.0,7.0,84,-26.0,0
193,spotify:track:48MtqfQw716EZaNzOKNnuR,"CoolKid, RHYDER",Sau Cơn Mưa,MaiDao Music,8,-1,142,157262,2026-05-28,True,,Rap/Hip-hop,"sau cơn mưa - coolkid, rhyder",8,2026-06-04,179665.0,7.0,201,0.0,1
159,spotify:track:48MtqfQw716EZaNzOKNnuR,"CoolKid, RHYDER",Sau Cơn Mưa,MaiDao Music,8,193,143,179665,2026-06-04,False,34.0,Rap/Hip-hop,"sau cơn mưa - coolkid, rhyder",9,2026-06-11,176388.0,7.0,193,34.0,0
155,spotify:track:498g7npirihKT5MPdVSfb0,Hoàng Dũng,Phonecert,"CAM, LIRICO",137,179,16,194075,2026-04-09,False,24.0,R&B/Soul,phonecert - hoàng dũng,1,2026-04-16,169244.0,7.0,179,24.0,0
181,spotify:track:498g7npirihKT5MPdVSfb0,Hoàng Dũng,Phonecert,"CAM, LIRICO",137,155,17,169244,2026-04-16,False,-26.0,R&B/Soul,phonecert - hoàng dũng,2,2026-04-23,168677.0,7.0,155,-26.0,0
190,spotify:track:498g7npirihKT5MPdVSfb0,Hoàng Dũng,Phonecert,"CAM, LIRICO",137,181,18,168677,2026-04-23,False,-9.0,R&B/Soul,phonecert - hoàng dũng,3,2026-04-30,184504.0,7.0,181,-9.0,0
173,spotify:track:498g7npirihKT5MPdVSfb0,Hoàng Dũng,Phonecert,"CAM, LIRICO",137,190,19,184504,2026-04-30,False,17.0,R&B/Soul,phonecert - hoàng dũng,4,2026-05-07,165633.0,7.0,190,17.0,0
190,spotify:track:498g7npirihKT5MPdVSfb0,Hoàng Dũng,Phonecert,"CAM, LIRICO",137,173,20,165633,2026-05-07,False,-17.0,R&B/Soul,phonecert - hoàng dũng,5,2026-05-14,181239.0,7.0,173,-17.0,0
163,spotify:track:498g7npirihKT5MPdVSfb0,Hoàng Dũng,Phonecert,"CAM, LIRICO",137,190,21,181239,2026-05-14,False,27.0,R&B/Soul,phonecert - hoàng dũng,6,2026-05-21,174753.0,7.0,190,27.0,0
200,spotify:track:498g7npirihKT5MPdVSfb0,Hoàng Dũng,Phonecert,"CAM, LIRICO",137,-1,23,159865,2026-06-04,True,,R&B/Soul,phonecert - hoàng dũng,9,2026-06-11,158357.0,7.0,201,0.0,1
124,spotify:track:4B4Q7zfd0aHcuhQBfCRnH5,BTS,NORMAL,BIGHIT MUSIC,14,69,3,218903,2026-04-09,False,-55.0,Pop,normal - bts,1,2026-04-16,175125.0,7.0,69,-55.0,0
28,spotify:track:4BdB08vuS9r4HOoY7GkAxT,SOOBIN,Nếu Ngày Ấy,SS LABEL,18,26,68,446546,2026-04-09,False,-2.0,Ballad,nếu ngày ấy - soobin,1,2026-04-16,434418.0,7.0,26,-2.0,0
27,spotify:track:4BdB08vuS9r4HOoY7GkAxT,SOOBIN,Nếu Ngày Ấy,SS LABEL,18,28,69,434418,2026-04-16,False,1.0,Ballad,nếu ngày ấy - soobin,2,2026-04-23,438062.0,7.0,28,1.0,0
30,spotify:track:4BdB08vuS9r4HOoY7GkAxT,SOOBIN,Nếu Ngày Ấy,SS LABEL,18,27,70,438062,2026-04-23,False,-3.0,Ballad,nếu ngày ấy - soobin,3,2026-04-30,442010.0,7.0,27,-3.0,0
27,spotify:track:4BdB08vuS9r4HOoY7GkAxT,SOOBIN,Nếu Ngày Ấy,SS LABEL,18,30,71,442010,2026-04-30,False,3.0,Ballad,nếu ngày ấy - soobin,4,2026-05-07,438016.0,7.0,30,3.0,0
22,spotify:track:4BdB08vuS9r4HOoY7GkAxT,SOOBIN,Nếu Ngày Ấy,SS LABEL,18,27,72,438016,2026-05-07,False,5.0,Ballad,nếu ngày ấy - soobin,5,2026-05-14,440972.0,7.0,27,5.0,0
19,spotify:track:4BdB08vuS9r4HOoY7GkAxT,SOOBIN,Nếu Ngày Ấy,SS LABEL,18,22,73,440972,2026-05-14,False,3.0,Ballad,nếu ngày ấy - soobin,6,2026-05-21,451807.0,7.0,22,3.0,0
18,spotify:track:4BdB08vuS9r4HOoY7GkAxT,SOOBIN,Nếu Ngày Ấy,SS LABEL,18,19,74,451807,2026-05-21,False,1.0,Ballad,nếu ngày ấy - soobin,7,2026-05-28,454128.0,7.0,19,1.0,0
18,spotify:track:4BdB08vuS9r4HOoY7GkAxT,SOOBIN,Nếu Ngày Ấy,SS LABEL,18,18,75,454128,2026-05-28,False,0.0,Ballad,nếu ngày ấy - soobin,8,2026-06-04,487453.0,7.0,18,0.0,0
17,spotify:track:4BdB08vuS9r4HOoY7GkAxT,SOOBIN,Nếu Ngày Ấy,SS LABEL,17,18,76,487453,2026-06-04,False,1.0,Ballad,nếu ngày ấy - soobin,9,2026-06-11,455433.0,7.0,18,1.0,0
31,spotify:track:4CUvVaAYuXtvYURLFz7EIL,"Emcee L (Da LAB), Da LAB, Muộii (Starry Night)",Chuyện Đôi Ta (feat. Muộii),Yin Yang Media,3,33,227,410686,2026-04-09,False,2.0,Ballad,"chuyện đôi ta (feat. muộii) - emcee l (da lab), da lab, muộii (starry night)",1,2026-04-16,386383.0,7.0,33,2.0,0
32,spotify:track:4CUvVaAYuXtvYURLFz7EIL,"Emcee L (Da LAB), Da LAB, Muộii (Starry Night)",Chuyện Đôi Ta (feat. Muộii),Yin Yang Media,3,31,228,386383,2026-04-16,False,-1.0,Ballad,"chuyện đôi ta (feat. muộii) - emcee l (da lab), da lab, muộii (starry night)",2,2026-04-23,412605.0,7.0,31,-1.0,0
34,spotify:track:4CUvVaAYuXtvYURLFz7EIL,"Emcee L (Da LAB), Da LAB, Muộii (Starry Night)",Chuyện Đôi Ta (feat. Muộii),Yin Yang Media,3,32,229,412605,2026-04-23,False,-2.0,Ballad,"chuyện đôi ta (feat. muộii) - emcee l (da lab), da lab, muộii (starry night)",3,2026-04-30,392707.0,7.0,32,-2.0,0
38,spotify:track:4CUvVaAYuXtvYURLFz7EIL,"Emcee L (Da LAB), Da LAB, Muộii (Starry Night)",Chuyện Đôi Ta (feat. Muộii),Yin Yang Media,3,34,230,392707,2026-04-30,False,-4.0,Ballad,"chuyện đôi ta (feat. muộii) - emcee l (da lab), da lab, muộii (starry night)",4,2026-05-07,368704.0,7.0,34,-4.0,0
38,spotify:track:4CUvVaAYuXtvYURLFz7EIL,"Emcee L (Da LAB), Da LAB, Muộii (Starry Night)",Chuyện Đôi Ta (feat. Muộii),Yin Yang Media,3,38,231,368704,2026-05-07,False,0.0,Ballad,"chuyện đôi ta (feat. muộii) - emcee l (da lab), da lab, muộii (starry night)",5,2026-05-14,363974.0,7.0,38,0.0,0
34,spotify:track:4CUvVaAYuXtvYURLFz7EIL,"Emcee L (Da LAB), Da LAB, Muộii (Starry Night)",Chuyện Đôi Ta (feat. Muộii),Yin Yang Media,3,38,232,363974,2026-05-14,False,4.0,Ballad,"chuyện đôi ta (feat. muộii) - emcee l (da lab), da lab, muộii (starry night)",6,2026-05-21,410709.0,7.0,38,4.0,0
26,spotify:track:4CUvVaAYuXtvYURLFz7EIL,"Emcee L (Da LAB), Da LAB, Muộii (Starry Night)",Chuyện Đôi Ta (feat. Muộii),Yin Yang Media,3,34,233,410709,2026-05-21,False,8.0,Ballad,"chuyện đôi ta (feat. muộii) - emcee l (da lab), da lab, muộii (starry night)",7,2026-05-28,443391.0,7.0,34,8.0,0
20,spotify:track:4CUvVaAYuXtvYURLFz7EIL,"Emcee L (Da LAB), Da LAB, Muộii (Starry Night)",Chuyện Đôi Ta (feat. Muộii),Yin Yang Media,3,26,234,443391,2026-05-28,False,6.0,Ballad,"chuyện đôi ta (feat. muộii) - emcee l (da lab), da lab, muộii (starry night)",8,2026-06-04,449616.0,7.0,26,6.0,0
21,spotify:track:4CUvVaAYuXtvYURLFz7EIL,"Emcee L (Da LAB), Da LAB, Muộii (Starry Night)",Chuyện Đôi Ta (feat. Muộii),Yin Yang Media,3,20,235,449616,2026-06-04,False,-1.0,Ballad,"chuyện đôi ta (feat. muộii) - emcee l (da lab), da lab, muộii (starry night)",9,2026-06-11,349621.0,7.0,20,-1.0,0
98,spotify:track:4CVxKSRLUxqUuj2z9vn4fS,SOOBIN,Xin Đừng Lặng Im,"HONG AN ENTERTAIMENT,.JSC",37,102,46,241580,2026-04-09,False,4.0,Ballad,xin đừng lặng im - soobin,1,2026-04-16,244176.0,7.0,102,4.0,0
97,spotify:track:4CVxKSRLUxqUuj2z9vn4fS,SOOBIN,Xin Đừng Lặng Im,"HONG AN ENTERTAIMENT,.JSC",37,98,47,244176,2026-04-16,False,1.0,Ballad,xin đừng lặng im - soobin,2,2026-04-23,243082.0,7.0,98,1.0,0
94,spotify:track:4CVxKSRLUxqUuj2z9vn4fS,SOOBIN,Xin Đừng Lặng Im,"HONG AN ENTERTAIMENT,.JSC",37,97,48,243082,2026-04-23,False,3.0,Ballad,xin đừng lặng im - soobin,3,2026-04-30,223607.0,7.0,97,3.0,0
117,spotify:track:4CVxKSRLUxqUuj2z9vn4fS,SOOBIN,Xin Đừng Lặng Im,"HONG AN ENTERTAIMENT,.JSC",37,94,49,223607,2026-04-30,False,-23.0,Ballad,xin đừng lặng im - soobin,4,2026-05-07,228479.0,7.0,94,-23.0,0
109,spotify:track:4CVxKSRLUxqUuj2z9vn4fS,SOOBIN,Xin Đừng Lặng Im,"HONG AN ENTERTAIMENT,.JSC",37,117,50,228479,2026-05-07,False,8.0,Ballad,xin đừng lặng im - soobin,5,2026-05-14,236936.0,7.0,117,8.0,0
100,spotify:track:4CVxKSRLUxqUuj2z9vn4fS,SOOBIN,Xin Đừng Lặng Im,"HONG AN ENTERTAIMENT,.JSC",37,109,51,236936,2026-05-14,False,9.0,Ballad,xin đừng lặng im - soobin,6,2026-05-21,264924.0,7.0,109,9.0,0
79,spotify:track:4CVxKSRLUxqUuj2z9vn4fS,SOOBIN,Xin Đừng Lặng Im,"HONG AN ENTERTAIMENT,.JSC",37,100,52,264924,2026-05-21,False,21.0,Ballad,xin đừng lặng im - soobin,7,2026-05-28,242609.0,7.0,100,21.0,0
83,spotify:track:4CVxKSRLUxqUuj2z9vn4fS,SOOBIN,Xin Đừng Lặng Im,"HONG AN ENTERTAIMENT,.JSC",37,79,53,242609,2026-05-28,False,-4.0,Ballad,xin đừng lặng im - soobin,8,2026-06-04,263081.0,7.0,79,-4.0,0
80,spotify:track:4CVxKSRLUxqUuj2z9vn4fS,SOOBIN,Xin Đừng Lặng Im,"HONG AN ENTERTAIMENT,.JSC",37,83,54,263081,2026-06-04,False,3.0,Ballad,xin đừng lặng im - soobin,9,2026-06-11,269821.0,7.0,83,3.0,0
78,spotify:track:4D1eaEIisnWCVPMnYuMh7q,白浩贤BlueC,漫步香港1999,腾讯音乐人,13,58,8,271956,2026-04-09,False,-20.0,Indie/Alternative,漫步香港1999 - 白浩贤bluec,1,2026-04-16,234601.0,7.0,58,-20.0,0
101,spotify:track:4D1eaEIisnWCVPMnYuMh7q,白浩贤BlueC,漫步香港1999,腾讯音乐人,13,78,9,234601,2026-04-16,False,-23.0,Indie/Alternative,漫步香港1999 - 白浩贤bluec,2,2026-04-23,210034.0,7.0,78,-23.0,0
131,spotify:track:4D1eaEIisnWCVPMnYuMh7q,白浩贤BlueC,漫步香港1999,腾讯音乐人,13,101,10,210034,2026-04-23,False,-30.0,Indie/Alternative,漫步香港1999 - 白浩贤bluec,3,2026-04-30,196997.0,7.0,101,-30.0,0
148,spotify:track:4D1eaEIisnWCVPMnYuMh7q,白浩贤BlueC,漫步香港1999,腾讯音乐人,13,131,11,196997,2026-04-30,False,-17.0,Indie/Alternative,漫步香港1999 - 白浩贤bluec,4,2026-05-07,190893.0,7.0,131,-17.0,0
152,spotify:track:4D1eaEIisnWCVPMnYuMh7q,白浩贤BlueC,漫步香港1999,腾讯音乐人,13,148,12,190893,2026-05-07,False,-4.0,Indie/Alternative,漫步香港1999 - 白浩贤bluec,5,2026-05-14,178904.0,7.0,148,-4.0,0
166,spotify:track:4D1eaEIisnWCVPMnYuMh7q,白浩贤BlueC,漫步香港1999,腾讯音乐人,13,152,13,178904,2026-05-14,False,-14.0,Indie/Alternative,漫步香港1999 - 白浩贤bluec,6,2026-05-21,173879.0,7.0,152,-14.0,0
177,spotify:track:4D1eaEIisnWCVPMnYuMh7q,白浩贤BlueC,漫步香港1999,腾讯音乐人,13,166,14,173879,2026-05-21,False,-11.0,Indie/Alternative,漫步香港1999 - 白浩贤bluec,7,2026-05-28,160773.0,7.0,166,-11.0,0
164,spotify:track:4FT18tLTmf3QNBzG5r6OTj,"Đen, Ngọc Linh",Mười Năm (Lộn Xộn 3),Đen,17,-1,127,190353,2026-04-09,True,,Rap/Hip-hop,"mười năm (lộn xộn 3) - đen, ngọc linh",1,2026-04-16,179925.0,7.0,201,0.0,1
166,spotify:track:4FT18tLTmf3QNBzG5r6OTj,"Đen, Ngọc Linh",Mười Năm (Lộn Xộn 3),Đen,17,164,128,179925,2026-04-16,False,-2.0,Rap/Hip-hop,"mười năm (lộn xộn 3) - đen, ngọc linh",2,2026-04-23,186054.0,7.0,164,-2.0,0
169,spotify:track:4FT18tLTmf3QNBzG5r6OTj,"Đen, Ngọc Linh",Mười Năm (Lộn Xộn 3),Đen,17,166,129,186054,2026-04-23,False,-3.0,Rap/Hip-hop,"mười năm (lộn xộn 3) - đen, ngọc linh",3,2026-04-30,181326.0,7.0,166,-3.0,0
179,spotify:track:4FT18tLTmf3QNBzG5r6OTj,"Đen, Ngọc Linh",Mười Năm (Lộn Xộn 3),Đen,17,169,130,181326,2026-04-30,False,-10.0,Rap/Hip-hop,"mười năm (lộn xộn 3) - đen, ngọc linh",4,2026-05-07,169224.0,7.0,169,-10.0,0
187,spotify:track:4FT18tLTmf3QNBzG5r6OTj,"Đen, Ngọc Linh",Mười Năm (Lộn Xộn 3),Đen,17,-1,132,163660,2026-05-21,True,,Rap/Hip-hop,"mười năm (lộn xộn 3) - đen, ngọc linh",7,2026-05-28,154215.0,7.0,201,0.0,1
157,spotify:track:4Iz5EWPCAT8jYNk4IpLoll,buitruonglinh,Dù Cho Mai Về Sau,Yin Yang Media,10,144,263,192371,2026-04-09,False,-13.0,Indie/Alternative,dù cho mai về sau - buitruonglinh,1,2026-04-16,210855.0,7.0,144,-13.0,0
126,spotify:track:4Iz5EWPCAT8jYNk4IpLoll,buitruonglinh,Dù Cho Mai Về Sau,Yin Yang Media,10,157,264,210855,2026-04-16,False,31.0,Indie/Alternative,dù cho mai về sau - buitruonglinh,2,2026-04-23,216480.0,7.0,157,31.0,0
126,spotify:track:4Iz5EWPCAT8jYNk4IpLoll,buitruonglinh,Dù Cho Mai Về Sau,Yin Yang Media,10,126,265,216480,2026-04-23,False,0.0,Indie/Alternative,dù cho mai về sau - buitruonglinh,3,2026-04-30,221194.0,7.0,126,0.0,0
118,spotify:track:4Iz5EWPCAT8jYNk4IpLoll,buitruonglinh,Dù Cho Mai Về Sau,Yin Yang Media,10,126,266,221194,2026-04-30,False,8.0,Indie/Alternative,dù cho mai về sau - buitruonglinh,4,2026-05-07,210966.0,7.0,126,8.0,0
125,spotify:track:4Iz5EWPCAT8jYNk4IpLoll,buitruonglinh,Dù Cho Mai Về Sau,Yin Yang Media,10,118,267,210966,2026-05-07,False,-7.0,Indie/Alternative,dù cho mai về sau - buitruonglinh,5,2026-05-14,193188.0,7.0,118,-7.0,0
147,spotify:track:4Iz5EWPCAT8jYNk4IpLoll,buitruonglinh,Dù Cho Mai Về Sau,Yin Yang Media,10,125,268,193188,2026-05-14,False,-22.0,Indie/Alternative,dù cho mai về sau - buitruonglinh,6,2026-05-21,219232.0,7.0,125,-22.0,0
111,spotify:track:4Iz5EWPCAT8jYNk4IpLoll,buitruonglinh,Dù Cho Mai Về Sau,Yin Yang Media,10,147,269,219232,2026-05-21,False,36.0,Indie/Alternative,dù cho mai về sau - buitruonglinh,7,2026-05-28,206860.0,7.0,147,36.0,0
123,spotify:track:4Iz5EWPCAT8jYNk4IpLoll,buitruonglinh,Dù Cho Mai Về Sau,Yin Yang Media,10,111,270,206860,2026-05-28,False,-12.0,Indie/Alternative,dù cho mai về sau - buitruonglinh,8,2026-06-04,199411.0,7.0,111,-12.0,0
135,spotify:track:4Iz5EWPCAT8jYNk4IpLoll,buitruonglinh,Dù Cho Mai Về Sau,Yin Yang Media,10,123,271,199411,2026-06-04,False,-12.0,Indie/Alternative,dù cho mai về sau - buitruonglinh,9,2026-06-11,161749.0,7.0,123,-12.0,0
49,spotify:track:4MCP9l0QB9YN2LCkIy8mz4,Obito,Dạo Này,12 trái lê,8,44,15,333882,2026-04-09,False,-5.0,Rap/Hip-hop,dạo này - obito,1,2026-04-16,326575.0,7.0,44,-5.0,0
55,spotify:track:4MCP9l0QB9YN2LCkIy8mz4,Obito,Dạo Này,12 trái lê,8,49,16,326575,2026-04-16,False,-6.0,Rap/Hip-hop,dạo này - obito,2,2026-04-23,325695.0,7.0,49,-6.0,0
60,spotify:track:4MCP9l0QB9YN2LCkIy8mz4,Obito,Dạo Này,12 trái lê,8,55,17,325695,2026-04-23,False,-5.0,Rap/Hip-hop,dạo này - obito,3,2026-04-30,324611.0,7.0,55,-5.0,0
58,spotify:track:4MCP9l0QB9YN2LCkIy8mz4,Obito,Dạo Này,12 trái lê,8,60,18,324611,2026-04-30,False,2.0,Rap/Hip-hop,dạo này - obito,4,2026-05-07,323129.0,7.0,60,2.0,0
54,spotify:track:4MCP9l0QB9YN2LCkIy8mz4,Obito,Dạo Này,12 trái lê,8,58,19,323129,2026-05-07,False,4.0,Rap/Hip-hop,dạo này - obito,5,2026-05-14,326846.0,7.0,58,4.0,0
49,spotify:track:4MCP9l0QB9YN2LCkIy8mz4,Obito,Dạo Này,12 trái lê,8,54,20,326846,2026-05-14,False,5.0,Rap/Hip-hop,dạo này - obito,6,2026-05-21,338010.0,7.0,54,5.0,0
43,spotify:track:4MCP9l0QB9YN2LCkIy8mz4,Obito,Dạo Này,12 trái lê,8,49,21,338010,2026-05-21,False,6.0,Rap/Hip-hop,dạo này - obito,7,2026-05-28,331644.0,7.0,49,6.0,0
47,spotify:track:4MCP9l0QB9YN2LCkIy8mz4,Obito,Dạo Này,12 trái lê,8,43,22,331644,2026-05-28,False,-4.0,Rap/Hip-hop,dạo này - obito,8,2026-06-04,321617.0,7.0,43,-4.0,0
54,spotify:track:4MCP9l0QB9YN2LCkIy8mz4,Obito,Dạo Này,12 trái lê,8,47,23,321617,2026-06-04,False,-7.0,Rap/Hip-hop,dạo này - obito,9,2026-06-11,299886.0,7.0,47,-7.0,0
199,spotify:track:4N99EuIjwSSFFFMDfTeOLU,"buitruonglinh, Vũ Phụng Tiên",Em Không Khóc (feat. Vũ Phụng Tiên),Yin Yang Media,62,-1,179,166698,2026-04-09,True,,Indie/Alternative,"em không khóc (feat. vũ phụng tiên) - buitruonglinh, vũ phụng tiên",1,2026-04-16,164109.0,7.0,201,0.0,1
197,spotify:track:4N99EuIjwSSFFFMDfTeOLU,"buitruonglinh, Vũ Phụng Tiên",Em Không Khóc (feat. Vũ Phụng Tiên),Yin Yang Media,62,199,180,164109,2026-04-16,False,2.0,Indie/Alternative,"em không khóc (feat. vũ phụng tiên) - buitruonglinh, vũ phụng tiên",2,2026-04-23,184807.0,7.0,199,2.0,0
170,spotify:track:4N99EuIjwSSFFFMDfTeOLU,"buitruonglinh, Vũ Phụng Tiên",Em Không Khóc (feat. Vũ Phụng Tiên),Yin Yang Media,62,197,181,184807,2026-04-23,False,27.0,Indie/Alternative,"em không khóc (feat. vũ phụng tiên) - buitruonglinh, vũ phụng tiên",3,2026-04-30,194414.0,7.0,197,27.0,0
151,spotify:track:4N99EuIjwSSFFFMDfTeOLU,"buitruonglinh, Vũ Phụng Tiên",Em Không Khóc (feat. Vũ Phụng Tiên),Yin Yang Media,62,170,182,194414,2026-04-30,False,19.0,Indie/Alternative,"em không khóc (feat. vũ phụng tiên) - buitruonglinh, vũ phụng tiên",4,2026-05-07,194592.0,7.0,170,19.0,0
147,spotify:track:4N99EuIjwSSFFFMDfTeOLU,"buitruonglinh, Vũ Phụng Tiên",Em Không Khóc (feat. Vũ Phụng Tiên),Yin Yang Media,62,151,183,194592,2026-05-07,False,4.0,Indie/Alternative,"em không khóc (feat. vũ phụng tiên) - buitruonglinh, vũ phụng tiên",5,2026-05-14,188644.0,7.0,151,4.0,0
152,spotify:track:4N99EuIjwSSFFFMDfTeOLU,"buitruonglinh, Vũ Phụng Tiên",Em Không Khóc (feat. Vũ Phụng Tiên),Yin Yang Media,62,147,184,188644,2026-05-14,False,-5.0,Indie/Alternative,"em không khóc (feat. vũ phụng tiên) - buitruonglinh, vũ phụng tiên",6,2026-05-21,201873.0,7.0,147,-5.0,0
136,spotify:track:4N99EuIjwSSFFFMDfTeOLU,"buitruonglinh, Vũ Phụng Tiên",Em Không Khóc (feat. Vũ Phụng Tiên),Yin Yang Media,62,152,185,201873,2026-05-21,False,16.0,Indie/Alternative,"em không khóc (feat. vũ phụng tiên) - buitruonglinh, vũ phụng tiên",7,2026-05-28,199261.0,7.0,152,16.0,0
127,spotify:track:4N99EuIjwSSFFFMDfTeOLU,"buitruonglinh, Vũ Phụng Tiên",Em Không Khóc (feat. Vũ Phụng Tiên),Yin Yang Media,62,136,186,199261,2026-05-28,False,9.0,Indie/Alternative,"em không khóc (feat. vũ phụng tiên) - buitruonglinh, vũ phụng tiên",8,2026-06-04,189433.0,7.0,136,9.0,0
146,spotify:track:4N99EuIjwSSFFFMDfTeOLU,"buitruonglinh, Vũ Phụng Tiên",Em Không Khóc (feat. Vũ Phụng Tiên),Yin Yang Media,62,127,187,189433,2026-06-04,False,-19.0,Indie/Alternative,"em không khóc (feat. vũ phụng tiên) - buitruonglinh, vũ phụng tiên",9,2026-06-11,163234.0,7.0,127,-19.0,0
36,spotify:track:4QNH4OjJ9W10afDYAHi03I,HIEUTHUHAI,Anh Nên Đi Khỏi Đây,M Music Records,36,-1,1,403897,2026-04-30,True,,Rap/Hip-hop,anh nên đi khỏi đây - hieuthuhai,4,2026-05-07,291023.0,7.0,201,0.0,1
66,spotify:track:4QNH4OjJ9W10afDYAHi03I,HIEUTHUHAI,Anh Nên Đi Khỏi Đây,M Music Records,36,36,2,291023,2026-05-07,False,-30.0,Rap/Hip-hop,anh nên đi khỏi đây - hieuthuhai,5,2026-05-14,241891.0,7.0,36,-30.0,0
95,spotify:track:4QNH4OjJ9W10afDYAHi03I,HIEUTHUHAI,Anh Nên Đi Khỏi Đây,M Music Records,36,66,3,241891,2026-05-14,False,-29.0,Rap/Hip-hop,anh nên đi khỏi đây - hieuthuhai,6,2026-05-21,189963.0,7.0,66,-29.0,0
153,spotify:track:4QNH4OjJ9W10afDYAHi03I,HIEUTHUHAI,Anh Nên Đi Khỏi Đây,M Music Records,36,95,4,189963,2026-05-21,False,-58.0,Rap/Hip-hop,anh nên đi khỏi đây - hieuthuhai,7,2026-05-28,161039.0,7.0,95,-58.0,0
61,spotify:track:4QalnBNnw9uK1dj543nf76,Dương Domic,Không Thời Gian,DAO Entertainment,2,30,35,290554,2026-05-21,False,-31.0,R&B/Soul,không thời gian - dương domic,7,2026-05-28,290984.0,7.0,30,-31.0,0
60,spotify:track:4QalnBNnw9uK1dj543nf76,Dương Domic,Không Thời Gian,DAO Entertainment,2,61,36,290984,2026-05-28,False,1.0,R&B/Soul,không thời gian - dương domic,8,2026-06-04,279145.0,7.0,61,1.0,0
73,spotify:track:4QalnBNnw9uK1dj543nf76,Dương Domic,Không Thời Gian,DAO Entertainment,2,60,37,279145,2026-06-04,False,-13.0,R&B/Soul,không thời gian - dương domic,9,2026-06-11,270022.0,7.0,60,-13.0,0
120,spotify:track:4SqE2XLtd1AfppGm2xlkf4,Sơn Tùng M-TP,Nắng Ấm Xa Dần,Umusic Vietnam Co. Ltd. Distributed Labels,120,-1,11,212088,2026-06-04,True,,Pop,nắng ấm xa dần - sơn tùng m-tp,9,2026-06-11,159108.0,7.0,201,0.0,1
126,spotify:track:4TyQKEifYDWTfTSRwpxlYI,Quân A.P,Bông Hoa Đẹp Nhất,Great Entertainment,32,133,119,217445,2026-04-09,False,7.0,Ballad,bông hoa đẹp nhất - quân a.p,1,2026-04-16,214069.0,7.0,133,7.0,0
119,spotify:track:4TyQKEifYDWTfTSRwpxlYI,Quân A.P,Bông Hoa Đẹp Nhất,Great Entertainment,32,126,120,214069,2026-04-16,False,7.0,Ballad,bông hoa đẹp nhất - quân a.p,2,2026-04-23,214776.0,7.0,126,7.0,0
128,spotify:track:4TyQKEifYDWTfTSRwpxlYI,Quân A.P,Bông Hoa Đẹp Nhất,Great Entertainment,32,119,121,214776,2026-04-23,False,-9.0,Ballad,bông hoa đẹp nhất - quân a.p,3,2026-04-30,201636.0,7.0,119,-9.0,0
141,spotify:track:4TyQKEifYDWTfTSRwpxlYI,Quân A.P,Bông Hoa Đẹp Nhất,Great Entertainment,32,128,122,201636,2026-04-30,False,-13.0,Ballad,bông hoa đẹp nhất - quân a.p,4,2026-05-07,200937.0,7.0,128,-13.0,0
134,spotify:track:4TyQKEifYDWTfTSRwpxlYI,Quân A.P,Bông Hoa Đẹp Nhất,Great Entertainment,32,141,123,200937,2026-05-07,False,7.0,Ballad,bông hoa đẹp nhất - quân a.p,5,2026-05-14,210039.0,7.0,141,7.0,0
127,spotify:track:4TyQKEifYDWTfTSRwpxlYI,Quân A.P,Bông Hoa Đẹp Nhất,Great Entertainment,32,134,124,210039,2026-05-14,False,7.0,Ballad,bông hoa đẹp nhất - quân a.p,6,2026-05-21,231469.0,7.0,134,7.0,0
99,spotify:track:4TyQKEifYDWTfTSRwpxlYI,Quân A.P,Bông Hoa Đẹp Nhất,Great Entertainment,32,127,125,231469,2026-05-21,False,28.0,Ballad,bông hoa đẹp nhất - quân a.p,7,2026-05-28,236819.0,7.0,127,28.0,0
94,spotify:track:4TyQKEifYDWTfTSRwpxlYI,Quân A.P,Bông Hoa Đẹp Nhất,Great Entertainment,32,99,126,236819,2026-05-28,False,5.0,Ballad,bông hoa đẹp nhất - quân a.p,8,2026-06-04,238456.0,7.0,99,5.0,0
99,spotify:track:4TyQKEifYDWTfTSRwpxlYI,Quân A.P,Bông Hoa Đẹp Nhất,Great Entertainment,32,94,127,238456,2026-06-04,False,-5.0,Ballad,bông hoa đẹp nhất - quân a.p,9,2026-06-11,222226.0,7.0,94,-5.0,0
77,spotify:track:4UC3NBjtqbYcqPqRq1s57D,Lyly,24h,WM Vietnam,47,73,47,274458,2026-04-09,False,-4.0,Ballad,24h - lyly,1,2026-04-16,315077.0,7.0,73,-4.0,0
56,spotify:track:4UC3NBjtqbYcqPqRq1s57D,Lyly,24h,WM Vietnam,47,77,48,315077,2026-04-16,False,21.0,Ballad,24h - lyly,2,2026-04-23,357367.0,7.0,77,21.0,0
47,spotify:track:4UC3NBjtqbYcqPqRq1s57D,Lyly,24h,WM Vietnam,47,56,49,357367,2026-04-23,False,9.0,Ballad,24h - lyly,3,2026-04-30,335347.0,7.0,56,9.0,0
52,spotify:track:4UC3NBjtqbYcqPqRq1s57D,Lyly,24h,WM Vietnam,47,47,50,335347,2026-04-30,False,-5.0,Ballad,24h - lyly,4,2026-05-07,296751.0,7.0,47,-5.0,0
64,spotify:track:4UC3NBjtqbYcqPqRq1s57D,Lyly,24h,WM Vietnam,47,52,51,296751,2026-05-07,False,-12.0,Ballad,24h - lyly,5,2026-05-14,302391.0,7.0,52,-12.0,0
59,spotify:track:4UC3NBjtqbYcqPqRq1s57D,Lyly,24h,WM Vietnam,47,64,52,302391,2026-05-14,False,5.0,Ballad,24h - lyly,6,2026-05-21,309895.0,7.0,64,5.0,0
54,spotify:track:4UC3NBjtqbYcqPqRq1s57D,Lyly,24h,WM Vietnam,47,59,53,309895,2026-05-21,False,5.0,Ballad,24h - lyly,7,2026-05-28,355051.0,7.0,59,5.0,0
40,spotify:track:4UC3NBjtqbYcqPqRq1s57D,Lyly,24h,WM Vietnam,40,54,54,355051,2026-05-28,False,14.0,Ballad,24h - lyly,8,2026-06-04,302892.0,7.0,54,14.0,0
59,spotify:track:4UC3NBjtqbYcqPqRq1s57D,Lyly,24h,WM Vietnam,40,40,55,302892,2026-06-04,False,-19.0,Ballad,24h - lyly,9,2026-06-11,257978.0,7.0,40,-19.0,0
178,spotify:track:4YMM05vannAm37Mp1dHK1V,"RPT MCK, Trung Trần",Chìm Sâu,abandonh3ll records,1,186,221,164620,2026-05-28,False,8.0,R&B/Soul,"chìm sâu - rpt mck, trung trần",8,2026-06-04,161996.0,7.0,186,8.0,0
138,spotify:track:4ecdsGz3Hg6TKPwQ0ZOdJz,CORTIS,FaSHioN,Republic Records – CORTIS,121,-1,20,204463,2026-04-23,True,,Pop,fashion - cortis,3,2026-04-30,258403.0,7.0,201,0.0,1
90,spotify:track:4ecdsGz3Hg6TKPwQ0ZOdJz,CORTIS,FaSHioN,Republic Records – CORTIS,90,138,21,258403,2026-04-30,False,48.0,Pop,fashion - cortis,4,2026-05-07,251239.0,7.0,138,48.0,0
90,spotify:track:4ecdsGz3Hg6TKPwQ0ZOdJz,CORTIS,FaSHioN,Republic Records – CORTIS,90,90,22,251239,2026-05-07,False,0.0,Pop,fashion - cortis,5,2026-05-14,216698.0,7.0,90,0.0,0
118,spotify:track:4ecdsGz3Hg6TKPwQ0ZOdJz,CORTIS,FaSHioN,Republic Records – CORTIS,90,90,23,216698,2026-05-14,False,-28.0,Pop,fashion - cortis,6,2026-05-21,204129.0,7.0,90,-28.0,0
130,spotify:track:4ecdsGz3Hg6TKPwQ0ZOdJz,CORTIS,FaSHioN,Republic Records – CORTIS,90,118,24,204129,2026-05-21,False,-12.0,Pop,fashion - cortis,7,2026-05-28,176396.0,7.0,118,-12.0,0
163,spotify:track:4ecdsGz3Hg6TKPwQ0ZOdJz,CORTIS,FaSHioN,Republic Records – CORTIS,90,130,25,176396,2026-05-28,False,-33.0,Pop,fashion - cortis,8,2026-06-04,165790.0,7.0,130,-33.0,0
187,spotify:track:4ecdsGz3Hg6TKPwQ0ZOdJz,CORTIS,FaSHioN,Republic Records – CORTIS,90,163,26,165790,2026-06-04,False,-24.0,Pop,fashion - cortis,9,2026-06-11,163169.0,7.0,163,-24.0,0
120,spotify:track:4fj4Jn4nw8fGX8xdbCntJf,"CoolKid, RHYDER",Sau Cơn Mưa,MaiDao Music,8,128,136,221871,2026-04-09,False,8.0,Rap/Hip-hop,"sau cơn mưa - coolkid, rhyder",1,2026-04-16,210015.0,7.0,128,8.0,0
127,spotify:track:4fj4Jn4nw8fGX8xdbCntJf,"CoolKid, RHYDER",Sau Cơn Mưa,MaiDao Music,8,120,137,210015,2026-04-16,False,-7.0,Rap/Hip-hop,"sau cơn mưa - coolkid, rhyder",2,2026-04-23,208692.0,7.0,120,-7.0,0
136,spotify:track:4fj4Jn4nw8fGX8xdbCntJf,"CoolKid, RHYDER",Sau Cơn Mưa,MaiDao Music,8,127,138,208692,2026-04-23,False,-9.0,Rap/Hip-hop,"sau cơn mưa - coolkid, rhyder",3,2026-04-30,216200.0,7.0,127,-9.0,0
126,spotify:track:4fj4Jn4nw8fGX8xdbCntJf,"CoolKid, RHYDER",Sau Cơn Mưa,MaiDao Music,8,136,139,216200,2026-04-30,False,10.0,Rap/Hip-hop,"sau cơn mưa - coolkid, rhyder",4,2026-05-07,189851.0,7.0,136,10.0,0
157,spotify:track:4fj4Jn4nw8fGX8xdbCntJf,"CoolKid, RHYDER",Sau Cơn Mưa,MaiDao Music,8,126,140,189851,2026-05-07,False,-31.0,Rap/Hip-hop,"sau cơn mưa - coolkid, rhyder",5,2026-05-14,184830.0,7.0,126,-31.0,0
37,spotify:track:4gaxEUZE4z9pJAVTSFwgQI,"14 Casper, Bon Nghiêm, buitruonglinh",một đời,DANDERLÉON,14,28,106,375502,2026-04-09,False,-9.0,Indie/Alternative,"một đời - 14 casper, bon nghiêm, buitruonglinh",1,2026-04-16,372701.0,7.0,28,-9.0,0
36,spotify:track:4gaxEUZE4z9pJAVTSFwgQI,"14 Casper, Bon Nghiêm, buitruonglinh",một đời,DANDERLÉON,14,37,107,372701,2026-04-16,False,1.0,Indie/Alternative,"một đời - 14 casper, bon nghiêm, buitruonglinh",2,2026-04-23,353459.0,7.0,37,1.0,0
48,spotify:track:4gaxEUZE4z9pJAVTSFwgQI,"14 Casper, Bon Nghiêm, buitruonglinh",một đời,DANDERLÉON,14,36,108,353459,2026-04-23,False,-12.0,Indie/Alternative,"một đời - 14 casper, bon nghiêm, buitruonglinh",3,2026-04-30,399744.0,7.0,36,-12.0,0
37,spotify:track:4gaxEUZE4z9pJAVTSFwgQI,"14 Casper, Bon Nghiêm, buitruonglinh",một đời,DANDERLÉON,14,48,109,399744,2026-04-30,False,11.0,Indie/Alternative,"một đời - 14 casper, bon nghiêm, buitruonglinh",4,2026-05-07,381109.0,7.0,48,11.0,0
33,spotify:track:4gaxEUZE4z9pJAVTSFwgQI,"14 Casper, Bon Nghiêm, buitruonglinh",một đời,DANDERLÉON,14,37,110,381109,2026-05-07,False,4.0,Indie/Alternative,"một đời - 14 casper, bon nghiêm, buitruonglinh",5,2026-05-14,345521.0,7.0,37,4.0,0
44,spotify:track:4gaxEUZE4z9pJAVTSFwgQI,"14 Casper, Bon Nghiêm, buitruonglinh",một đời,DANDERLÉON,14,33,111,345521,2026-05-14,False,-11.0,Indie/Alternative,"một đời - 14 casper, bon nghiêm, buitruonglinh",6,2026-05-21,350494.0,7.0,33,-11.0,0
40,spotify:track:4gaxEUZE4z9pJAVTSFwgQI,"14 Casper, Bon Nghiêm, buitruonglinh",một đời,DANDERLÉON,14,44,112,350494,2026-05-21,False,4.0,Indie/Alternative,"một đời - 14 casper, bon nghiêm, buitruonglinh",7,2026-05-28,354791.0,7.0,44,4.0,0
41,spotify:track:4gaxEUZE4z9pJAVTSFwgQI,"14 Casper, Bon Nghiêm, buitruonglinh",một đời,DANDERLÉON,14,40,113,354791,2026-05-28,False,-1.0,Indie/Alternative,"một đời - 14 casper, bon nghiêm, buitruonglinh",8,2026-06-04,335915.0,7.0,40,-1.0,0
49,spotify:track:4gaxEUZE4z9pJAVTSFwgQI,"14 Casper, Bon Nghiêm, buitruonglinh",một đời,DANDERLÉON,14,41,114,335915,2026-06-04,False,-8.0,Indie/Alternative,"một đời - 14 casper, bon nghiêm, buitruonglinh",9,2026-06-11,313890.0,7.0,41,-8.0,0
9,spotify:track:4nXrVH5xwN1w6TpmP7uu8n,"HIEUTHUHAI, marzuz",Exit Sign,M Music Records,4,6,130,737075,2026-04-09,False,-3.0,Rap/Hip-hop,"exit sign - hieuthuhai, marzuz",1,2026-04-16,684123.0,7.0,6,-3.0,0
10,spotify:track:4nXrVH5xwN1w6TpmP7uu8n,"HIEUTHUHAI, marzuz",Exit Sign,M Music Records,4,9,131,684123,2026-04-16,False,-1.0,Rap/Hip-hop,"exit sign - hieuthuhai, marzuz",2,2026-04-23,704301.0,7.0,9,-1.0,0
7,spotify:track:4nXrVH5xwN1w6TpmP7uu8n,"HIEUTHUHAI, marzuz",Exit Sign,M Music Records,4,10,132,704301,2026-04-23,False,3.0,Rap/Hip-hop,"exit sign - hieuthuhai, marzuz",3,2026-04-30,694899.0,7.0,10,3.0,0
6,spotify:track:4nXrVH5xwN1w6TpmP7uu8n,"HIEUTHUHAI, marzuz",Exit Sign,M Music Records,4,7,133,694899,2026-04-30,False,1.0,Rap/Hip-hop,"exit sign - hieuthuhai, marzuz",4,2026-05-07,644472.0,7.0,7,1.0,0
9,spotify:track:4nXrVH5xwN1w6TpmP7uu8n,"HIEUTHUHAI, marzuz",Exit Sign,M Music Records,4,6,134,644472,2026-05-07,False,-3.0,Rap/Hip-hop,"exit sign - hieuthuhai, marzuz",5,2026-05-14,658281.0,7.0,6,-3.0,0
8,spotify:track:4nXrVH5xwN1w6TpmP7uu8n,"HIEUTHUHAI, marzuz",Exit Sign,M Music Records,4,9,135,658281,2026-05-14,False,1.0,Rap/Hip-hop,"exit sign - hieuthuhai, marzuz",6,2026-05-21,648955.0,7.0,9,1.0,0
8,spotify:track:4nXrVH5xwN1w6TpmP7uu8n,"HIEUTHUHAI, marzuz",Exit Sign,M Music Records,4,8,136,648955,2026-05-21,False,0.0,Rap/Hip-hop,"exit sign - hieuthuhai, marzuz",7,2026-05-28,628285.0,7.0,8,0.0,0
9,spotify:track:4nXrVH5xwN1w6TpmP7uu8n,"HIEUTHUHAI, marzuz",Exit Sign,M Music Records,4,8,137,628285,2026-05-28,False,-1.0,Rap/Hip-hop,"exit sign - hieuthuhai, marzuz",8,2026-06-04,614258.0,7.0,8,-1.0,0
11,spotify:track:4nXrVH5xwN1w6TpmP7uu8n,"HIEUTHUHAI, marzuz",Exit Sign,M Music Records,4,9,138,614258,2026-06-04,False,-2.0,Rap/Hip-hop,"exit sign - hieuthuhai, marzuz",9,2026-06-11,623188.0,7.0,9,-2.0,0
29,spotify:track:4nyoalDFgUaZOzIKqj3aS5,"Đặng Vĩnh Thịnh, BMZ, Nguyễn Trung Đức",Ngàn Năm Ánh Sáng,BMZ JSC,5,34,35,446335,2026-04-09,False,5.0,Ballad,"ngàn năm ánh sáng - đặng vĩnh thịnh, bmz, nguyễn trung đức",1,2026-04-16,397204.0,7.0,34,5.0,0
30,spotify:track:4nyoalDFgUaZOzIKqj3aS5,"Đặng Vĩnh Thịnh, BMZ, Nguyễn Trung Đức",Ngàn Năm Ánh Sáng,BMZ JSC,5,29,36,397204,2026-04-16,False,-1.0,Ballad,"ngàn năm ánh sáng - đặng vĩnh thịnh, bmz, nguyễn trung đức",2,2026-04-23,359774.0,7.0,29,-1.0,0
46,spotify:track:4nyoalDFgUaZOzIKqj3aS5,"Đặng Vĩnh Thịnh, BMZ, Nguyễn Trung Đức",Ngàn Năm Ánh Sáng,BMZ JSC,5,30,37,359774,2026-04-23,False,-16.0,Ballad,"ngàn năm ánh sáng - đặng vĩnh thịnh, bmz, nguyễn trung đức",3,2026-04-30,356306.0,7.0,30,-16.0,0
44,spotify:track:4nyoalDFgUaZOzIKqj3aS5,"Đặng Vĩnh Thịnh, BMZ, Nguyễn Trung Đức",Ngàn Năm Ánh Sáng,BMZ JSC,5,46,38,356306,2026-04-30,False,2.0,Ballad,"ngàn năm ánh sáng - đặng vĩnh thịnh, bmz, nguyễn trung đức",4,2026-05-07,343036.0,7.0,46,2.0,0
41,spotify:track:4nyoalDFgUaZOzIKqj3aS5,"Đặng Vĩnh Thịnh, BMZ, Nguyễn Trung Đức",Ngàn Năm Ánh Sáng,BMZ JSC,5,44,39,343036,2026-05-07,False,3.0,Ballad,"ngàn năm ánh sáng - đặng vĩnh thịnh, bmz, nguyễn trung đức",5,2026-05-14,320392.0,7.0,44,3.0,0
51,spotify:track:4nyoalDFgUaZOzIKqj3aS5,"Đặng Vĩnh Thịnh, BMZ, Nguyễn Trung Đức",Ngàn Năm Ánh Sáng,BMZ JSC,5,41,40,320392,2026-05-14,False,-10.0,Ballad,"ngàn năm ánh sáng - đặng vĩnh thịnh, bmz, nguyễn trung đức",6,2026-05-21,326544.0,7.0,41,-10.0,0
49,spotify:track:4nyoalDFgUaZOzIKqj3aS5,"Đặng Vĩnh Thịnh, BMZ, Nguyễn Trung Đức",Ngàn Năm Ánh Sáng,BMZ JSC,5,51,41,326544,2026-05-21,False,2.0,Ballad,"ngàn năm ánh sáng - đặng vĩnh thịnh, bmz, nguyễn trung đức",7,2026-05-28,322475.0,7.0,51,2.0,0
50,spotify:track:4nyoalDFgUaZOzIKqj3aS5,"Đặng Vĩnh Thịnh, BMZ, Nguyễn Trung Đức",Ngàn Năm Ánh Sáng,BMZ JSC,5,49,42,322475,2026-05-28,False,-1.0,Ballad,"ngàn năm ánh sáng - đặng vĩnh thịnh, bmz, nguyễn trung đức",8,2026-06-04,270604.0,7.0,49,-1.0,0
76,spotify:track:4nyoalDFgUaZOzIKqj3aS5,"Đặng Vĩnh Thịnh, BMZ, Nguyễn Trung Đức",Ngàn Năm Ánh Sáng,BMZ JSC,5,50,43,270604,2026-06-04,False,-26.0,Ballad,"ngàn năm ánh sáng - đặng vĩnh thịnh, bmz, nguyễn trung đức",9,2026-06-11,296521.0,7.0,50,-26.0,0
110,spotify:track:4qJSUFwZFouto5VZUlln75,"tlinh, Trung Trần",Thích Quá Rùi Nà,Universal Music Indochina Distributed Labels,34,117,290,235315,2026-04-09,False,7.0,R&B/Soul,"thích quá rùi nà - tlinh, trung trần",1,2026-04-16,250737.0,7.0,117,7.0,0
89,spotify:track:4qJSUFwZFouto5VZUlln75,"tlinh, Trung Trần",Thích Quá Rùi Nà,Universal Music Indochina Distributed Labels,34,110,291,250737,2026-04-16,False,21.0,R&B/Soul,"thích quá rùi nà - tlinh, trung trần",2,2026-04-23,227546.0,7.0,110,21.0,0
109,spotify:track:4qJSUFwZFouto5VZUlln75,"tlinh, Trung Trần",Thích Quá Rùi Nà,Universal Music Indochina Distributed Labels,34,89,292,227546,2026-04-23,False,-20.0,R&B/Soul,"thích quá rùi nà - tlinh, trung trần",3,2026-04-30,243836.0,7.0,89,-20.0,0
99,spotify:track:4qJSUFwZFouto5VZUlln75,"tlinh, Trung Trần",Thích Quá Rùi Nà,Universal Music Indochina Distributed Labels,34,109,293,243836,2026-04-30,False,10.0,R&B/Soul,"thích quá rùi nà - tlinh, trung trần",4,2026-05-07,285918.0,7.0,109,10.0,0
71,spotify:track:4qJSUFwZFouto5VZUlln75,"tlinh, Trung Trần",Thích Quá Rùi Nà,Universal Music Indochina Distributed Labels,34,99,294,285918,2026-05-07,False,28.0,R&B/Soul,"thích quá rùi nà - tlinh, trung trần",5,2026-05-14,299821.0,7.0,99,28.0,0
61,spotify:track:4qJSUFwZFouto5VZUlln75,"tlinh, Trung Trần",Thích Quá Rùi Nà,Universal Music Indochina Distributed Labels,34,71,295,299821,2026-05-14,False,10.0,R&B/Soul,"thích quá rùi nà - tlinh, trung trần",6,2026-05-21,288510.0,7.0,71,10.0,0
62,spotify:track:4qJSUFwZFouto5VZUlln75,"tlinh, Trung Trần",Thích Quá Rùi Nà,Universal Music Indochina Distributed Labels,34,61,296,288510,2026-05-21,False,-1.0,R&B/Soul,"thích quá rùi nà - tlinh, trung trần",7,2026-05-28,241185.0,7.0,61,-1.0,0
89,spotify:track:4qJSUFwZFouto5VZUlln75,"tlinh, Trung Trần",Thích Quá Rùi Nà,Universal Music Indochina Distributed Labels,34,62,297,241185,2026-05-28,False,-27.0,R&B/Soul,"thích quá rùi nà - tlinh, trung trần",8,2026-06-04,233064.0,7.0,62,-27.0,0
106,spotify:track:4qJSUFwZFouto5VZUlln75,"tlinh, Trung Trần",Thích Quá Rùi Nà,Universal Music Indochina Distributed Labels,34,89,298,233064,2026-06-04,False,-17.0,R&B/Soul,"thích quá rùi nà - tlinh, trung trần",9,2026-06-11,255663.0,7.0,89,-17.0,0
195,spotify:track:4qYfRfSxsmhJ1WMaywtLyI,"Wren Evans, itsnk",Từng Quen,Universal Music Indochina,1,-1,121,160958,2026-05-07,True,,R&B/Soul,"từng quen - wren evans, itsnk",5,2026-05-14,171187.0,7.0,201,0.0,1
177,spotify:track:4qYfRfSxsmhJ1WMaywtLyI,"Wren Evans, itsnk",Từng Quen,Universal Music Indochina,1,195,122,171187,2026-05-14,False,18.0,R&B/Soul,"từng quen - wren evans, itsnk",6,2026-05-21,163492.0,7.0,195,18.0,0
96,spotify:track:4vVTI94F9uJ8lHNDWKv0i2,"Sean Kingston, Justin Bieber",Eenie Meenie,Epic/Beluga Heights,96,-1,1,240545,2026-04-23,True,,EDM/Dance,"eenie meenie - sean kingston, justin bieber",3,2026-04-30,174390.0,7.0,201,0.0,1
149,spotify:track:4vfhartd7HDWGJbdVIycEu,Sơn Tùng M-TP,Muộn Rồi Mà Sao Còn,Umusic Vietnam Co. Ltd. Distributed Labels,1,150,259,199195,2026-04-09,False,1.0,Pop,muộn rồi mà sao còn - sơn tùng m-tp,1,2026-04-16,200894.0,7.0,150,1.0,0
140,spotify:track:4vfhartd7HDWGJbdVIycEu,Sơn Tùng M-TP,Muộn Rồi Mà Sao Còn,Umusic Vietnam Co. Ltd. Distributed Labels,1,149,260,200894,2026-04-16,False,9.0,Pop,muộn rồi mà sao còn - sơn tùng m-tp,2,2026-04-23,181258.0,7.0,149,9.0,0
172,spotify:track:4vfhartd7HDWGJbdVIycEu,Sơn Tùng M-TP,Muộn Rồi Mà Sao Còn,Umusic Vietnam Co. Ltd. Distributed Labels,1,140,261,181258,2026-04-23,False,-32.0,Pop,muộn rồi mà sao còn - sơn tùng m-tp,3,2026-04-30,192808.0,7.0,140,-32.0,0
155,spotify:track:4vfhartd7HDWGJbdVIycEu,Sơn Tùng M-TP,Muộn Rồi Mà Sao Còn,Umusic Vietnam Co. Ltd. Distributed Labels,1,172,262,192808,2026-04-30,False,17.0,Pop,muộn rồi mà sao còn - sơn tùng m-tp,4,2026-05-07,180813.0,7.0,172,17.0,0
166,spotify:track:4vfhartd7HDWGJbdVIycEu,Sơn Tùng M-TP,Muộn Rồi Mà Sao Còn,Umusic Vietnam Co. Ltd. Distributed Labels,1,155,263,180813,2026-05-07,False,-11.0,Pop,muộn rồi mà sao còn - sơn tùng m-tp,5,2026-05-14,200811.0,7.0,155,-11.0,0
139,spotify:track:4vfhartd7HDWGJbdVIycEu,Sơn Tùng M-TP,Muộn Rồi Mà Sao Còn,Umusic Vietnam Co. Ltd. Distributed Labels,1,166,264,200811,2026-05-14,False,27.0,Pop,muộn rồi mà sao còn - sơn tùng m-tp,6,2026-05-21,218371.0,7.0,166,27.0,0
114,spotify:track:4vfhartd7HDWGJbdVIycEu,Sơn Tùng M-TP,Muộn Rồi Mà Sao Còn,Umusic Vietnam Co. Ltd. Distributed Labels,1,139,265,218371,2026-05-21,False,25.0,Pop,muộn rồi mà sao còn - sơn tùng m-tp,7,2026-05-28,222257.0,7.0,139,25.0,0
109,spotify:track:4vfhartd7HDWGJbdVIycEu,Sơn Tùng M-TP,Muộn Rồi Mà Sao Còn,Umusic Vietnam Co. Ltd. Distributed Labels,1,114,266,222257,2026-05-28,False,5.0,Pop,muộn rồi mà sao còn - sơn tùng m-tp,8,2026-06-04,294265.0,7.0,114,5.0,0
63,spotify:track:4vfhartd7HDWGJbdVIycEu,Sơn Tùng M-TP,Muộn Rồi Mà Sao Còn,Umusic Vietnam Co. Ltd. Distributed Labels,1,109,267,294265,2026-06-04,False,46.0,Pop,muộn rồi mà sao còn - sơn tùng m-tp,9,2026-06-11,259864.0,7.0,109,46.0,0
49,spotify:track:4wD6v7xAl1Hhfl2rli4q0n,"HIEUTHUHAI, Hustlang Robber",Vacheron Louie V,M Music Records,49,-1,1,348695,2026-04-30,True,,Rap/Hip-hop,"vacheron louie v - hieuthuhai, hustlang robber",4,2026-05-07,234738.0,7.0,201,0.0,1
105,spotify:track:4wD6v7xAl1Hhfl2rli4q0n,"HIEUTHUHAI, Hustlang Robber",Vacheron Louie V,M Music Records,49,49,2,234738,2026-05-07,False,-56.0,Rap/Hip-hop,"vacheron louie v - hieuthuhai, hustlang robber",5,2026-05-14,188424.0,7.0,49,-56.0,0
195,spotify:track:4wJ5Qq0jBN4ajy7ouZIV1c,"ROSÉ, Bruno Mars",APT.,Atlantic Records,2,-1,69,161000,2026-05-21,True,,Pop,"apt. - rosé, bruno mars",7,2026-05-28,156144.0,7.0,201,0.0,1
194,spotify:track:4wJ5Qq0jBN4ajy7ouZIV1c,"ROSÉ, Bruno Mars",APT.,Atlantic Records,2,195,70,156144,2026-05-28,False,1.0,Pop,"apt. - rosé, bruno mars",8,2026-06-04,168668.0,7.0,195,1.0,0
182,spotify:track:4wJ5Qq0jBN4ajy7ouZIV1c,"ROSÉ, Bruno Mars",APT.,Atlantic Records,2,194,71,168668,2026-06-04,False,12.0,Pop,"apt. - rosé, bruno mars",9,2026-06-11,159065.0,7.0,194,12.0,0
197,spotify:track:4yy21UkGZ7gZEGbSERllpE,"ANH TRAI ""SAY HI"", Hustlang Robber, Nhâm Phương Nam, Mason Nguyen, Jaysonlei, Khoi Vu, LAMOON",SỚM MUỘN THÌ,Universal Music Indochina Distributed Labels,3,152,22,167457,2026-04-09,False,-45.0,Rap/Hip-hop,"sớm muộn thì - anh trai ""say hi"", hustlang robber, nhâm phương nam, mason nguyen, jaysonlei, khoi vu, lamoon",1,2026-04-16,170105.0,7.0,152,-45.0,0
171,spotify:track:50cmxP6KlnQA9IG3q5ckKD,Chillies,Mascara,WM Vietnam,3,165,222,186644,2026-04-09,False,-6.0,Indie/Alternative,mascara - chillies,1,2026-04-16,181425.0,7.0,165,-6.0,0
164,spotify:track:50cmxP6KlnQA9IG3q5ckKD,Chillies,Mascara,WM Vietnam,3,171,223,181425,2026-04-16,False,7.0,Indie/Alternative,mascara - chillies,2,2026-04-23,169588.0,7.0,171,7.0,0
165,spotify:track:50cmxP6KlnQA9IG3q5ckKD,Chillies,Mascara,WM Vietnam,3,-1,225,180982,2026-05-14,True,,Indie/Alternative,mascara - chillies,6,2026-05-21,183920.0,7.0,201,0.0,1
163,spotify:track:50cmxP6KlnQA9IG3q5ckKD,Chillies,Mascara,WM Vietnam,3,165,226,183920,2026-05-21,False,2.0,Indie/Alternative,mascara - chillies,7,2026-05-28,173173.0,7.0,165,2.0,0
167,spotify:track:50cmxP6KlnQA9IG3q5ckKD,Chillies,Mascara,WM Vietnam,3,163,227,173173,2026-05-28,False,-4.0,Indie/Alternative,mascara - chillies,8,2026-06-04,162047.0,7.0,163,-4.0,0
196,spotify:track:50cmxP6KlnQA9IG3q5ckKD,Chillies,Mascara,WM Vietnam,3,167,228,162047,2026-06-04,False,-29.0,Indie/Alternative,mascara - chillies,9,2026-06-11,163572.0,7.0,167,-29.0,0
180,spotify:track:50kpGaPAhYJ3sGmk6vplg0,Justin Bieber,Love Yourself,RBMG/Def Jam,79,-1,124,169968,2026-04-16,True,,Pop,love yourself - justin bieber,2,2026-04-23,257281.0,7.0,201,0.0,1
86,spotify:track:50kpGaPAhYJ3sGmk6vplg0,Justin Bieber,Love Yourself,RBMG/Def Jam,79,180,125,257281,2026-04-23,False,94.0,Pop,love yourself - justin bieber,3,2026-04-30,189520.0,7.0,180,94.0,0
112,spotify:track:51bYFYWODfYOZU0rwvjiCc,"Binz, Đen",Cho Mình Em,Spacespeakers,32,159,124,230587,2026-04-09,False,47.0,Rap/Hip-hop,"cho mình em - binz, đen",1,2026-04-16,207165.0,7.0,159,47.0,0
130,spotify:track:51bYFYWODfYOZU0rwvjiCc,"Binz, Đen",Cho Mình Em,Spacespeakers,32,112,125,207165,2026-04-16,False,-18.0,Rap/Hip-hop,"cho mình em - binz, đen",2,2026-04-23,223486.0,7.0,112,-18.0,0
117,spotify:track:51bYFYWODfYOZU0rwvjiCc,"Binz, Đen",Cho Mình Em,Spacespeakers,32,130,126,223486,2026-04-23,False,13.0,Rap/Hip-hop,"cho mình em - binz, đen",3,2026-04-30,217200.0,7.0,130,13.0,0
123,spotify:track:51bYFYWODfYOZU0rwvjiCc,"Binz, Đen",Cho Mình Em,Spacespeakers,32,117,127,217200,2026-04-30,False,-6.0,Rap/Hip-hop,"cho mình em - binz, đen",4,2026-05-07,201465.0,7.0,117,-6.0,0
133,spotify:track:51bYFYWODfYOZU0rwvjiCc,"Binz, Đen",Cho Mình Em,Spacespeakers,32,123,128,201465,2026-05-07,False,-10.0,Rap/Hip-hop,"cho mình em - binz, đen",5,2026-05-14,195157.0,7.0,123,-10.0,0
144,spotify:track:51bYFYWODfYOZU0rwvjiCc,"Binz, Đen",Cho Mình Em,Spacespeakers,32,133,129,195157,2026-05-14,False,-11.0,Rap/Hip-hop,"cho mình em - binz, đen",6,2026-05-21,190807.0,7.0,133,-11.0,0
150,spotify:track:51bYFYWODfYOZU0rwvjiCc,"Binz, Đen",Cho Mình Em,Spacespeakers,32,144,130,190807,2026-05-21,False,-6.0,Rap/Hip-hop,"cho mình em - binz, đen",7,2026-05-28,221240.0,7.0,144,-6.0,0
110,spotify:track:51bYFYWODfYOZU0rwvjiCc,"Binz, Đen",Cho Mình Em,Spacespeakers,32,150,131,221240,2026-05-28,False,40.0,Rap/Hip-hop,"cho mình em - binz, đen",8,2026-06-04,242602.0,7.0,150,40.0,0
93,spotify:track:51bYFYWODfYOZU0rwvjiCc,"Binz, Đen",Cho Mình Em,Spacespeakers,32,110,132,242602,2026-06-04,False,17.0,Rap/Hip-hop,"cho mình em - binz, đen",9,2026-06-11,209460.0,7.0,110,17.0,0
188,spotify:track:527UV7H9SbnmTVkxBVg56X,Sơn Tùng M-TP,Chắc Ai Đó Sẽ Về,Umusic Vietnam Co. Ltd. Distributed Labels,126,-1,35,166635,2026-05-07,True,,Pop,chắc ai đó sẽ về - sơn tùng m-tp,5,2026-05-14,160233.0,7.0,201,0.0,1
195,spotify:track:527UV7H9SbnmTVkxBVg56X,Sơn Tùng M-TP,Chắc Ai Đó Sẽ Về,Umusic Vietnam Co. Ltd. Distributed Labels,126,188,36,160233,2026-05-14,False,-7.0,Pop,chắc ai đó sẽ về - sơn tùng m-tp,6,2026-05-21,179317.0,7.0,188,-7.0,0
169,spotify:track:527UV7H9SbnmTVkxBVg56X,Sơn Tùng M-TP,Chắc Ai Đó Sẽ Về,Umusic Vietnam Co. Ltd. Distributed Labels,126,195,37,179317,2026-05-21,False,26.0,Pop,chắc ai đó sẽ về - sơn tùng m-tp,7,2026-05-28,159910.0,7.0,195,26.0,0
189,spotify:track:527UV7H9SbnmTVkxBVg56X,Sơn Tùng M-TP,Chắc Ai Đó Sẽ Về,Umusic Vietnam Co. Ltd. Distributed Labels,126,169,38,159910,2026-05-28,False,-20.0,Pop,chắc ai đó sẽ về - sơn tùng m-tp,8,2026-06-04,207570.0,7.0,169,-20.0,0
124,spotify:track:527UV7H9SbnmTVkxBVg56X,Sơn Tùng M-TP,Chắc Ai Đó Sẽ Về,Umusic Vietnam Co. Ltd. Distributed Labels,124,189,39,207570,2026-06-04,False,65.0,Pop,chắc ai đó sẽ về - sơn tùng m-tp,9,2026-06-11,204837.0,7.0,189,65.0,0
83,spotify:track:53zusvCJkyGYjEZ6bnLIjh,Hà Anh Tuấn,Tháng Tư Là Lời Nói Dối Của Em,Yin Yang Media,49,107,56,265938,2026-04-09,False,24.0,Ballad,tháng tư là lời nói dối của em - hà anh tuấn,1,2026-04-16,221614.0,7.0,107,24.0,0
112,spotify:track:53zusvCJkyGYjEZ6bnLIjh,Hà Anh Tuấn,Tháng Tư Là Lời Nói Dối Của Em,Yin Yang Media,49,83,57,221614,2026-04-16,False,-29.0,Ballad,tháng tư là lời nói dối của em - hà anh tuấn,2,2026-04-23,217343.0,7.0,83,-29.0,0
124,spotify:track:53zusvCJkyGYjEZ6bnLIjh,Hà Anh Tuấn,Tháng Tư Là Lời Nói Dối Của Em,Yin Yang Media,49,112,58,217343,2026-04-23,False,-12.0,Ballad,tháng tư là lời nói dối của em - hà anh tuấn,3,2026-04-30,189160.0,7.0,112,-12.0,0
161,spotify:track:53zusvCJkyGYjEZ6bnLIjh,Hà Anh Tuấn,Tháng Tư Là Lời Nói Dối Của Em,Yin Yang Media,49,124,59,189160,2026-04-30,False,-37.0,Ballad,tháng tư là lời nói dối của em - hà anh tuấn,4,2026-05-07,178125.0,7.0,124,-37.0,0
168,spotify:track:53zusvCJkyGYjEZ6bnLIjh,Hà Anh Tuấn,Tháng Tư Là Lời Nói Dối Của Em,Yin Yang Media,49,161,60,178125,2026-05-07,False,-7.0,Ballad,tháng tư là lời nói dối của em - hà anh tuấn,5,2026-05-14,159889.0,7.0,161,-7.0,0
196,spotify:track:53zusvCJkyGYjEZ6bnLIjh,Hà Anh Tuấn,Tháng Tư Là Lời Nói Dối Của Em,Yin Yang Media,49,168,61,159889,2026-05-14,False,-28.0,Ballad,tháng tư là lời nói dối của em - hà anh tuấn,6,2026-05-21,183122.0,7.0,168,-28.0,0
165,spotify:track:53zusvCJkyGYjEZ6bnLIjh,Hà Anh Tuấn,Tháng Tư Là Lời Nói Dối Của Em,Yin Yang Media,49,196,62,183122,2026-05-21,False,31.0,Ballad,tháng tư là lời nói dối của em - hà anh tuấn,7,2026-05-28,185542.0,7.0,196,31.0,0
141,spotify:track:53zusvCJkyGYjEZ6bnLIjh,Hà Anh Tuấn,Tháng Tư Là Lời Nói Dối Của Em,Yin Yang Media,49,165,63,185542,2026-05-28,False,24.0,Ballad,tháng tư là lời nói dối của em - hà anh tuấn,8,2026-06-04,166369.0,7.0,165,24.0,0
185,spotify:track:53zusvCJkyGYjEZ6bnLIjh,Hà Anh Tuấn,Tháng Tư Là Lời Nói Dối Của Em,Yin Yang Media,49,141,64,166369,2026-06-04,False,-44.0,Ballad,tháng tư là lời nói dối của em - hà anh tuấn,9,2026-06-11,156064.0,7.0,141,-44.0,0
128,spotify:track:54PbBpquVfhfrwRwvjSXbI,"Charlie Puth, Selena Gomez",We Don't Talk Anymore (feat. Selena Gomez),Artist Partner,71,142,280,216004,2026-04-09,False,14.0,R&B/Soul,"we don't talk anymore (feat. selena gomez) - charlie puth, selena gomez",1,2026-04-16,246229.0,7.0,142,14.0,0
94,spotify:track:54PbBpquVfhfrwRwvjSXbI,"Charlie Puth, Selena Gomez",We Don't Talk Anymore (feat. Selena Gomez),Artist Partner,71,128,281,246229,2026-04-16,False,34.0,R&B/Soul,"we don't talk anymore (feat. selena gomez) - charlie puth, selena gomez",2,2026-04-23,294596.0,7.0,128,34.0,0
72,spotify:track:54PbBpquVfhfrwRwvjSXbI,"Charlie Puth, Selena Gomez",We Don't Talk Anymore (feat. Selena Gomez),Artist Partner,71,94,282,294596,2026-04-23,False,22.0,R&B/Soul,"we don't talk anymore (feat. selena gomez) - charlie puth, selena gomez",3,2026-04-30,266806.0,7.0,94,22.0,0
83,spotify:track:54PbBpquVfhfrwRwvjSXbI,"Charlie Puth, Selena Gomez",We Don't Talk Anymore (feat. Selena Gomez),Artist Partner,71,72,283,266806,2026-04-30,False,-11.0,R&B/Soul,"we don't talk anymore (feat. selena gomez) - charlie puth, selena gomez",4,2026-05-07,236895.0,7.0,72,-11.0,0
103,spotify:track:54PbBpquVfhfrwRwvjSXbI,"Charlie Puth, Selena Gomez",We Don't Talk Anymore (feat. Selena Gomez),Artist Partner,71,83,284,236895,2026-05-07,False,-20.0,R&B/Soul,"we don't talk anymore (feat. selena gomez) - charlie puth, selena gomez",5,2026-05-14,228941.0,7.0,83,-20.0,0
108,spotify:track:54PbBpquVfhfrwRwvjSXbI,"Charlie Puth, Selena Gomez",We Don't Talk Anymore (feat. Selena Gomez),Artist Partner,71,103,285,228941,2026-05-14,False,-5.0,R&B/Soul,"we don't talk anymore (feat. selena gomez) - charlie puth, selena gomez",6,2026-05-21,221136.0,7.0,103,-5.0,0
107,spotify:track:54PbBpquVfhfrwRwvjSXbI,"Charlie Puth, Selena Gomez",We Don't Talk Anymore (feat. Selena Gomez),Artist Partner,71,108,286,221136,2026-05-21,False,1.0,R&B/Soul,"we don't talk anymore (feat. selena gomez) - charlie puth, selena gomez",7,2026-05-28,217462.0,7.0,108,1.0,0
113,spotify:track:54PbBpquVfhfrwRwvjSXbI,"Charlie Puth, Selena Gomez",We Don't Talk Anymore (feat. Selena Gomez),Artist Partner,71,107,287,217462,2026-05-28,False,-6.0,R&B/Soul,"we don't talk anymore (feat. selena gomez) - charlie puth, selena gomez",8,2026-06-04,219577.0,7.0,107,-6.0,0
114,spotify:track:54PbBpquVfhfrwRwvjSXbI,"Charlie Puth, Selena Gomez",We Don't Talk Anymore (feat. Selena Gomez),Artist Partner,71,113,288,219577,2026-06-04,False,-1.0,R&B/Soul,"we don't talk anymore (feat. selena gomez) - charlie puth, selena gomez",9,2026-06-11,203704.0,7.0,113,-1.0,0
147,spotify:track:54UNNgtE3zzERwTuWSQLqd,"MONSTAR, GREY D, VƯƠNG BÌNH",có hẹn với thanh xuân,Yin Yang Media,5,-1,169,199769,2026-04-09,True,,R&B/Soul,"có hẹn với thanh xuân - monstar, grey d, vương bình",1,2026-04-16,173550.0,7.0,201,0.0,1
177,spotify:track:54UNNgtE3zzERwTuWSQLqd,"MONSTAR, GREY D, VƯƠNG BÌNH",có hẹn với thanh xuân,Yin Yang Media,5,147,170,173550,2026-04-16,False,-30.0,R&B/Soul,"có hẹn với thanh xuân - monstar, grey d, vương bình",2,2026-04-23,178088.0,7.0,147,-30.0,0
174,spotify:track:54UNNgtE3zzERwTuWSQLqd,"MONSTAR, GREY D, VƯƠNG BÌNH",có hẹn với thanh xuân,Yin Yang Media,5,177,171,178088,2026-04-23,False,3.0,R&B/Soul,"có hẹn với thanh xuân - monstar, grey d, vương bình",3,2026-04-30,184518.0,7.0,177,3.0,0
172,spotify:track:54UNNgtE3zzERwTuWSQLqd,"MONSTAR, GREY D, VƯƠNG BÌNH",có hẹn với thanh xuân,Yin Yang Media,5,174,172,184518,2026-04-30,False,2.0,R&B/Soul,"có hẹn với thanh xuân - monstar, grey d, vương bình",4,2026-05-07,188502.0,7.0,174,2.0,0
160,spotify:track:54UNNgtE3zzERwTuWSQLqd,"MONSTAR, GREY D, VƯƠNG BÌNH",có hẹn với thanh xuân,Yin Yang Media,5,172,173,188502,2026-05-07,False,12.0,R&B/Soul,"có hẹn với thanh xuân - monstar, grey d, vương bình",5,2026-05-14,209434.0,7.0,172,12.0,0
128,spotify:track:54UNNgtE3zzERwTuWSQLqd,"MONSTAR, GREY D, VƯƠNG BÌNH",có hẹn với thanh xuân,Yin Yang Media,5,160,174,209434,2026-05-14,False,32.0,R&B/Soul,"có hẹn với thanh xuân - monstar, grey d, vương bình",6,2026-05-21,237602.0,7.0,160,32.0,0
95,spotify:track:54UNNgtE3zzERwTuWSQLqd,"MONSTAR, GREY D, VƯƠNG BÌNH",có hẹn với thanh xuân,Yin Yang Media,5,128,175,237602,2026-05-21,False,33.0,R&B/Soul,"có hẹn với thanh xuân - monstar, grey d, vương bình",7,2026-05-28,278900.0,7.0,128,33.0,0
65,spotify:track:54UNNgtE3zzERwTuWSQLqd,"MONSTAR, GREY D, VƯƠNG BÌNH",có hẹn với thanh xuân,Yin Yang Media,5,95,176,278900,2026-05-28,False,30.0,R&B/Soul,"có hẹn với thanh xuân - monstar, grey d, vương bình",8,2026-06-04,274047.0,7.0,95,30.0,0
74,spotify:track:54UNNgtE3zzERwTuWSQLqd,"MONSTAR, GREY D, VƯƠNG BÌNH",có hẹn với thanh xuân,Yin Yang Media,5,65,177,274047,2026-06-04,False,-9.0,R&B/Soul,"có hẹn với thanh xuân - monstar, grey d, vương bình",9,2026-06-11,246960.0,7.0,65,-9.0,0
182,spotify:track:55Eo6NDkVhSRBonrT16kXM,"Cloud 5, Dangrangto",Đến Đây Bên Anh,Yin Yang Media,66,173,53,177965,2026-04-09,False,-9.0,Indie/Alternative,"đến đây bên anh - cloud 5, dangrangto",1,2026-04-16,177892.0,7.0,173,-9.0,0
171,spotify:track:55Eo6NDkVhSRBonrT16kXM,"Cloud 5, Dangrangto",Đến Đây Bên Anh,Yin Yang Media,66,182,54,177892,2026-04-16,False,11.0,Indie/Alternative,"đến đây bên anh - cloud 5, dangrangto",2,2026-04-23,184080.0,7.0,182,11.0,0
171,spotify:track:55Eo6NDkVhSRBonrT16kXM,"Cloud 5, Dangrangto",Đến Đây Bên Anh,Yin Yang Media,66,171,55,184080,2026-04-23,False,0.0,Indie/Alternative,"đến đây bên anh - cloud 5, dangrangto",3,2026-04-30,182929.0,7.0,171,0.0,0
177,spotify:track:55Eo6NDkVhSRBonrT16kXM,"Cloud 5, Dangrangto",Đến Đây Bên Anh,Yin Yang Media,66,171,56,182929,2026-04-30,False,-6.0,Indie/Alternative,"đến đây bên anh - cloud 5, dangrangto",4,2026-05-07,176838.0,7.0,171,-6.0,0
190,spotify:track:55Eo6NDkVhSRBonrT16kXM,"Cloud 5, Dangrangto",Đến Đây Bên Anh,Yin Yang Media,66,-1,58,163267,2026-05-21,True,,Indie/Alternative,"đến đây bên anh - cloud 5, dangrangto",7,2026-05-28,153627.0,7.0,201,0.0,1
173,spotify:track:55K3e7BGewGDUJ4ZQwkh7M,Only C,Người Đáng Thương Là Anh,OnlyC Production,165,194,12,186048,2026-04-09,False,21.0,Ballad,người đáng thương là anh - only c,1,2026-04-16,179248.0,7.0,194,21.0,0
168,spotify:track:55K3e7BGewGDUJ4ZQwkh7M,Only C,Người Đáng Thương Là Anh,OnlyC Production,165,173,13,179248,2026-04-16,False,5.0,Ballad,người đáng thương là anh - only c,2,2026-04-23,170801.0,7.0,173,5.0,0
183,spotify:track:55K3e7BGewGDUJ4ZQwkh7M,Only C,Người Đáng Thương Là Anh,OnlyC Production,165,168,14,170801,2026-04-23,False,-15.0,Ballad,người đáng thương là anh - only c,3,2026-04-30,184751.0,7.0,168,-15.0,0
171,spotify:track:55K3e7BGewGDUJ4ZQwkh7M,Only C,Người Đáng Thương Là Anh,OnlyC Production,165,183,15,184751,2026-04-30,False,12.0,Ballad,người đáng thương là anh - only c,4,2026-05-07,181130.0,7.0,183,12.0,0
165,spotify:track:55K3e7BGewGDUJ4ZQwkh7M,Only C,Người Đáng Thương Là Anh,OnlyC Production,165,171,16,181130,2026-05-07,False,6.0,Ballad,người đáng thương là anh - only c,5,2026-05-14,206928.0,7.0,171,6.0,0
131,spotify:track:55K3e7BGewGDUJ4ZQwkh7M,Only C,Người Đáng Thương Là Anh,OnlyC Production,131,165,17,206928,2026-05-14,False,34.0,Ballad,người đáng thương là anh - only c,6,2026-05-21,191102.0,7.0,165,34.0,0
149,spotify:track:55K3e7BGewGDUJ4ZQwkh7M,Only C,Người Đáng Thương Là Anh,OnlyC Production,131,131,18,191102,2026-05-21,False,-18.0,Ballad,người đáng thương là anh - only c,7,2026-05-28,170575.0,7.0,131,-18.0,0
172,spotify:track:55K3e7BGewGDUJ4ZQwkh7M,Only C,Người Đáng Thương Là Anh,OnlyC Production,131,149,19,170575,2026-05-28,False,-23.0,Ballad,người đáng thương là anh - only c,8,2026-06-04,183829.0,7.0,149,-23.0,0
151,spotify:track:55K3e7BGewGDUJ4ZQwkh7M,Only C,Người Đáng Thương Là Anh,OnlyC Production,131,172,20,183829,2026-06-04,False,21.0,Ballad,người đáng thương là anh - only c,9,2026-06-11,184328.0,7.0,172,21.0,0
139,spotify:track:567e29TDzLwZwfDuEpGTwo,"The Kid LAROI, Justin Bieber",STAY (with Justin Bieber),Columbia,1,-1,106,201466,2026-04-16,True,,EDM/Dance,"stay (with justin bieber) - the kid laroi, justin bieber",2,2026-04-23,298070.0,7.0,201,0.0,1
71,spotify:track:567e29TDzLwZwfDuEpGTwo,"The Kid LAROI, Justin Bieber",STAY (with Justin Bieber),Columbia,1,139,107,298070,2026-04-23,False,68.0,EDM/Dance,"stay (with justin bieber) - the kid laroi, justin bieber",3,2026-04-30,235944.0,7.0,139,68.0,0
105,spotify:track:567e29TDzLwZwfDuEpGTwo,"The Kid LAROI, Justin Bieber",STAY (with Justin Bieber),Columbia,1,71,108,235944,2026-04-30,False,-34.0,EDM/Dance,"stay (with justin bieber) - the kid laroi, justin bieber",4,2026-05-07,178742.0,7.0,71,-34.0,0
44,spotify:track:58ZlEBxBrzISXtmcOPo476,SOOBIN,giá như,SS LABEL,13,42,104,353144,2026-04-09,False,-2.0,Ballad,giá như - soobin,1,2026-04-16,347329.0,7.0,42,-2.0,0
46,spotify:track:58ZlEBxBrzISXtmcOPo476,SOOBIN,giá như,SS LABEL,13,44,105,347329,2026-04-16,False,-2.0,Ballad,giá như - soobin,2,2026-04-23,313298.0,7.0,44,-2.0,0
67,spotify:track:58ZlEBxBrzISXtmcOPo476,SOOBIN,giá như,SS LABEL,13,46,106,313298,2026-04-23,False,-21.0,Ballad,giá như - soobin,3,2026-04-30,297523.0,7.0,46,-21.0,0
70,spotify:track:58ZlEBxBrzISXtmcOPo476,SOOBIN,giá như,SS LABEL,13,67,107,297523,2026-04-30,False,-3.0,Ballad,giá như - soobin,4,2026-05-07,301491.0,7.0,67,-3.0,0
60,spotify:track:58ZlEBxBrzISXtmcOPo476,SOOBIN,giá như,SS LABEL,13,70,108,301491,2026-05-07,False,10.0,Ballad,giá như - soobin,5,2026-05-14,324746.0,7.0,70,10.0,0
50,spotify:track:58ZlEBxBrzISXtmcOPo476,SOOBIN,giá như,SS LABEL,13,60,109,324746,2026-05-14,False,10.0,Ballad,giá như - soobin,6,2026-05-21,336425.0,7.0,60,10.0,0
44,spotify:track:58ZlEBxBrzISXtmcOPo476,SOOBIN,giá như,SS LABEL,13,50,110,336425,2026-05-21,False,6.0,Ballad,giá như - soobin,7,2026-05-28,324109.0,7.0,50,6.0,0
49,spotify:track:58ZlEBxBrzISXtmcOPo476,SOOBIN,giá như,SS LABEL,13,44,111,324109,2026-05-28,False,-5.0,Ballad,giá như - soobin,8,2026-06-04,324229.0,7.0,44,-5.0,0
52,spotify:track:58ZlEBxBrzISXtmcOPo476,SOOBIN,giá như,SS LABEL,13,49,112,324229,2026-06-04,False,-3.0,Ballad,giá như - soobin,9,2026-06-11,327323.0,7.0,49,-3.0,0
198,spotify:track:5BJqg07SKgmFnVLOBmLFvq,Bùi Anh Tuấn,"Hẹn Một Mai - From"" 4 Năm 2 Chàng 1 Tình Yêu""",1LABEL,109,172,52,166788,2026-04-09,False,-26.0,Ballad,"hẹn một mai - from"" 4 năm 2 chàng 1 tình yêu"" - bùi anh tuấn",1,2026-04-16,167894.0,7.0,172,-26.0,0
190,spotify:track:5BJqg07SKgmFnVLOBmLFvq,Bùi Anh Tuấn,"Hẹn Một Mai - From"" 4 Năm 2 Chàng 1 Tình Yêu""",1LABEL,109,-1,54,168368,2026-04-30,True,,Ballad,"hẹn một mai - from"" 4 năm 2 chàng 1 tình yêu"" - bùi anh tuấn",4,2026-05-07,189664.0,7.0,201,0.0,1
158,spotify:track:5BJqg07SKgmFnVLOBmLFvq,Bùi Anh Tuấn,"Hẹn Một Mai - From"" 4 Năm 2 Chàng 1 Tình Yêu""",1LABEL,109,190,55,189664,2026-05-07,False,32.0,Ballad,"hẹn một mai - from"" 4 năm 2 chàng 1 tình yêu"" - bùi anh tuấn",5,2026-05-14,171158.0,7.0,190,32.0,0
178,spotify:track:5BJqg07SKgmFnVLOBmLFvq,Bùi Anh Tuấn,"Hẹn Một Mai - From"" 4 Năm 2 Chàng 1 Tình Yêu""",1LABEL,109,158,56,171158,2026-05-14,False,-20.0,Ballad,"hẹn một mai - from"" 4 năm 2 chàng 1 tình yêu"" - bùi anh tuấn",6,2026-05-21,219706.0,7.0,158,-20.0,0
110,spotify:track:5BJqg07SKgmFnVLOBmLFvq,Bùi Anh Tuấn,"Hẹn Một Mai - From"" 4 Năm 2 Chàng 1 Tình Yêu""",1LABEL,109,178,57,219706,2026-05-21,False,68.0,Ballad,"hẹn một mai - from"" 4 năm 2 chàng 1 tình yêu"" - bùi anh tuấn",7,2026-05-28,188631.0,7.0,178,68.0,0
139,spotify:track:5BJqg07SKgmFnVLOBmLFvq,Bùi Anh Tuấn,"Hẹn Một Mai - From"" 4 Năm 2 Chàng 1 Tình Yêu""",1LABEL,109,110,58,188631,2026-05-28,False,-29.0,Ballad,"hẹn một mai - from"" 4 năm 2 chàng 1 tình yêu"" - bùi anh tuấn",8,2026-06-04,163981.0,7.0,110,-29.0,0
191,spotify:track:5BJqg07SKgmFnVLOBmLFvq,Bùi Anh Tuấn,"Hẹn Một Mai - From"" 4 Năm 2 Chàng 1 Tình Yêu""",1LABEL,109,139,59,163981,2026-06-04,False,-52.0,Ballad,"hẹn một mai - from"" 4 năm 2 chàng 1 tình yêu"" - bùi anh tuấn",9,2026-06-11,182392.0,7.0,139,-52.0,0
87,spotify:track:5BTzf3doGTigDIYUFtbkI9,"Emcee L (Da LAB), Da LAB, Badbies",Sinh Ra Đã Là Thứ Đối Lập Nhau (feat. Badbies),Yin Yang Media,5,64,276,260551,2026-04-09,False,-23.0,Ballad,"sinh ra đã là thứ đối lập nhau (feat. badbies) - emcee l (da lab), da lab, badbies",1,2026-04-16,266537.0,7.0,64,-23.0,0
76,spotify:track:5BTzf3doGTigDIYUFtbkI9,"Emcee L (Da LAB), Da LAB, Badbies",Sinh Ra Đã Là Thứ Đối Lập Nhau (feat. Badbies),Yin Yang Media,5,87,277,266537,2026-04-16,False,11.0,Ballad,"sinh ra đã là thứ đối lập nhau (feat. badbies) - emcee l (da lab), da lab, badbies",2,2026-04-23,321871.0,7.0,87,11.0,0
63,spotify:track:5BTzf3doGTigDIYUFtbkI9,"Emcee L (Da LAB), Da LAB, Badbies",Sinh Ra Đã Là Thứ Đối Lập Nhau (feat. Badbies),Yin Yang Media,5,76,278,321871,2026-04-23,False,13.0,Ballad,"sinh ra đã là thứ đối lập nhau (feat. badbies) - emcee l (da lab), da lab, badbies",3,2026-04-30,303888.0,7.0,76,13.0,0
68,spotify:track:5BTzf3doGTigDIYUFtbkI9,"Emcee L (Da LAB), Da LAB, Badbies",Sinh Ra Đã Là Thứ Đối Lập Nhau (feat. Badbies),Yin Yang Media,5,63,279,303888,2026-04-30,False,-5.0,Ballad,"sinh ra đã là thứ đối lập nhau (feat. badbies) - emcee l (da lab), da lab, badbies",4,2026-05-07,271029.0,7.0,63,-5.0,0
81,spotify:track:5BTzf3doGTigDIYUFtbkI9,"Emcee L (Da LAB), Da LAB, Badbies",Sinh Ra Đã Là Thứ Đối Lập Nhau (feat. Badbies),Yin Yang Media,5,68,280,271029,2026-05-07,False,-13.0,Ballad,"sinh ra đã là thứ đối lập nhau (feat. badbies) - emcee l (da lab), da lab, badbies",5,2026-05-14,264469.0,7.0,68,-13.0,0
80,spotify:track:5BTzf3doGTigDIYUFtbkI9,"Emcee L (Da LAB), Da LAB, Badbies",Sinh Ra Đã Là Thứ Đối Lập Nhau (feat. Badbies),Yin Yang Media,5,81,281,264469,2026-05-14,False,1.0,Ballad,"sinh ra đã là thứ đối lập nhau (feat. badbies) - emcee l (da lab), da lab, badbies",6,2026-05-21,273938.0,7.0,81,1.0,0
72,spotify:track:5BTzf3doGTigDIYUFtbkI9,"Emcee L (Da LAB), Da LAB, Badbies",Sinh Ra Đã Là Thứ Đối Lập Nhau (feat. Badbies),Yin Yang Media,5,80,282,273938,2026-05-21,False,8.0,Ballad,"sinh ra đã là thứ đối lập nhau (feat. badbies) - emcee l (da lab), da lab, badbies",7,2026-05-28,309169.0,7.0,80,8.0,0
53,spotify:track:5BTzf3doGTigDIYUFtbkI9,"Emcee L (Da LAB), Da LAB, Badbies",Sinh Ra Đã Là Thứ Đối Lập Nhau (feat. Badbies),Yin Yang Media,5,72,283,309169,2026-05-28,False,19.0,Ballad,"sinh ra đã là thứ đối lập nhau (feat. badbies) - emcee l (da lab), da lab, badbies",8,2026-06-04,320027.0,7.0,72,19.0,0
55,spotify:track:5BTzf3doGTigDIYUFtbkI9,"Emcee L (Da LAB), Da LAB, Badbies",Sinh Ra Đã Là Thứ Đối Lập Nhau (feat. Badbies),Yin Yang Media,5,53,284,320027,2026-06-04,False,-2.0,Ballad,"sinh ra đã là thứ đối lập nhau (feat. badbies) - emcee l (da lab), da lab, badbies",9,2026-06-11,286576.0,7.0,53,-2.0,0
106,spotify:track:5Bti0azlFhMattVY76qFr9,Vũ.,Lạ Lùng,WM Vietnam,17,97,418,236665,2026-04-09,False,-9.0,Indie/Alternative,lạ lùng - vũ.,1,2026-04-16,232190.0,7.0,97,-9.0,0
106,spotify:track:5Bti0azlFhMattVY76qFr9,Vũ.,Lạ Lùng,WM Vietnam,17,106,419,232190,2026-04-16,False,0.0,Indie/Alternative,lạ lùng - vũ.,2,2026-04-23,228492.0,7.0,106,0.0,0
107,spotify:track:5Bti0azlFhMattVY76qFr9,Vũ.,Lạ Lùng,WM Vietnam,17,106,420,228492,2026-04-23,False,-1.0,Indie/Alternative,lạ lùng - vũ.,3,2026-04-30,204109.0,7.0,106,-1.0,0
140,spotify:track:5Bti0azlFhMattVY76qFr9,Vũ.,Lạ Lùng,WM Vietnam,17,107,421,204109,2026-04-30,False,-33.0,Indie/Alternative,lạ lùng - vũ.,4,2026-05-07,201997.0,7.0,107,-33.0,0
132,spotify:track:5Bti0azlFhMattVY76qFr9,Vũ.,Lạ Lùng,WM Vietnam,17,140,422,201997,2026-05-07,False,8.0,Indie/Alternative,lạ lùng - vũ.,5,2026-05-14,201982.0,7.0,140,8.0,0
135,spotify:track:5Bti0azlFhMattVY76qFr9,Vũ.,Lạ Lùng,WM Vietnam,17,132,423,201982,2026-05-14,False,-3.0,Indie/Alternative,lạ lùng - vũ.,6,2026-05-21,218680.0,7.0,132,-3.0,0
112,spotify:track:5Bti0azlFhMattVY76qFr9,Vũ.,Lạ Lùng,WM Vietnam,17,135,424,218680,2026-05-21,False,23.0,Indie/Alternative,lạ lùng - vũ.,7,2026-05-28,209516.0,7.0,135,23.0,0
120,spotify:track:5Bti0azlFhMattVY76qFr9,Vũ.,Lạ Lùng,WM Vietnam,17,112,425,209516,2026-05-28,False,-8.0,Indie/Alternative,lạ lùng - vũ.,8,2026-06-04,198667.0,7.0,112,-8.0,0
136,spotify:track:5Bti0azlFhMattVY76qFr9,Vũ.,Lạ Lùng,WM Vietnam,17,120,426,198667,2026-06-04,False,-16.0,Indie/Alternative,lạ lùng - vũ.,9,2026-06-11,186273.0,7.0,120,-16.0,0
122,spotify:track:5C3fx9rdM4Bxf1MSOQC4Ym,"Low G, Thắng",An Thần,M Music Records,2,156,233,221212,2026-04-09,False,34.0,Rap/Hip-hop,"an thần - low g, thắng",1,2026-04-16,204432.0,7.0,156,34.0,0
134,spotify:track:5C3fx9rdM4Bxf1MSOQC4Ym,"Low G, Thắng",An Thần,M Music Records,2,122,234,204432,2026-04-16,False,-12.0,Rap/Hip-hop,"an thần - low g, thắng",2,2026-04-23,208480.0,7.0,122,-12.0,0
137,spotify:track:5C3fx9rdM4Bxf1MSOQC4Ym,"Low G, Thắng",An Thần,M Music Records,2,134,235,208480,2026-04-23,False,-3.0,Rap/Hip-hop,"an thần - low g, thắng",3,2026-04-30,206276.0,7.0,134,-3.0,0
137,spotify:track:5C3fx9rdM4Bxf1MSOQC4Ym,"Low G, Thắng",An Thần,M Music Records,2,137,236,206276,2026-04-30,False,0.0,Rap/Hip-hop,"an thần - low g, thắng",4,2026-05-07,190022.0,7.0,137,0.0,0
156,spotify:track:5C3fx9rdM4Bxf1MSOQC4Ym,"Low G, Thắng",An Thần,M Music Records,2,137,237,190022,2026-05-07,False,-19.0,Rap/Hip-hop,"an thần - low g, thắng",5,2026-05-14,199231.0,7.0,137,-19.0,0
140,spotify:track:5C3fx9rdM4Bxf1MSOQC4Ym,"Low G, Thắng",An Thần,M Music Records,2,156,238,199231,2026-05-14,False,16.0,Rap/Hip-hop,"an thần - low g, thắng",6,2026-05-21,225461.0,7.0,156,16.0,0
103,spotify:track:5C3fx9rdM4Bxf1MSOQC4Ym,"Low G, Thắng",An Thần,M Music Records,2,140,239,225461,2026-05-21,False,37.0,Rap/Hip-hop,"an thần - low g, thắng",7,2026-05-28,236242.0,7.0,140,37.0,0
95,spotify:track:5C3fx9rdM4Bxf1MSOQC4Ym,"Low G, Thắng",An Thần,M Music Records,2,103,240,236242,2026-05-28,False,8.0,Rap/Hip-hop,"an thần - low g, thắng",8,2026-06-04,240828.0,7.0,103,8.0,0
94,spotify:track:5C3fx9rdM4Bxf1MSOQC4Ym,"Low G, Thắng",An Thần,M Music Records,2,95,241,240828,2026-06-04,False,1.0,Rap/Hip-hop,"an thần - low g, thắng",9,2026-06-11,212236.0,7.0,95,1.0,0
8,spotify:track:5KYv3kORBKUmVEoqbRRWxt,"Bảo Anh, Táo",Từng Là Của Nhau,Yin Yang Media,7,7,31,760966,2026-04-09,False,-1.0,Ballad,"từng là của nhau - bảo anh, táo",1,2026-04-16,697382.0,7.0,7,-1.0,0
8,spotify:track:5KYv3kORBKUmVEoqbRRWxt,"Bảo Anh, Táo",Từng Là Của Nhau,Yin Yang Media,7,8,32,697382,2026-04-16,False,0.0,Ballad,"từng là của nhau - bảo anh, táo",2,2026-04-23,638377.0,7.0,8,0.0,0
10,spotify:track:5KYv3kORBKUmVEoqbRRWxt,"Bảo Anh, Táo",Từng Là Của Nhau,Yin Yang Media,7,8,33,638377,2026-04-23,False,-2.0,Ballad,"từng là của nhau - bảo anh, táo",3,2026-04-30,569912.0,7.0,8,-2.0,0
12,spotify:track:5KYv3kORBKUmVEoqbRRWxt,"Bảo Anh, Táo",Từng Là Của Nhau,Yin Yang Media,7,10,34,569912,2026-04-30,False,-2.0,Ballad,"từng là của nhau - bảo anh, táo",4,2026-05-07,571589.0,7.0,10,-2.0,0
11,spotify:track:5KYv3kORBKUmVEoqbRRWxt,"Bảo Anh, Táo",Từng Là Của Nhau,Yin Yang Media,7,12,35,571589,2026-05-07,False,1.0,Ballad,"từng là của nhau - bảo anh, táo",5,2026-05-14,509861.0,7.0,12,1.0,0
13,spotify:track:5KYv3kORBKUmVEoqbRRWxt,"Bảo Anh, Táo",Từng Là Của Nhau,Yin Yang Media,7,11,36,509861,2026-05-14,False,-2.0,Ballad,"từng là của nhau - bảo anh, táo",6,2026-05-21,489122.0,7.0,11,-2.0,0
15,spotify:track:5KYv3kORBKUmVEoqbRRWxt,"Bảo Anh, Táo",Từng Là Của Nhau,Yin Yang Media,7,13,37,489122,2026-05-21,False,-2.0,Ballad,"từng là của nhau - bảo anh, táo",7,2026-05-28,452581.0,7.0,13,-2.0,0
19,spotify:track:5KYv3kORBKUmVEoqbRRWxt,"Bảo Anh, Táo",Từng Là Của Nhau,Yin Yang Media,7,15,38,452581,2026-05-28,False,-4.0,Ballad,"từng là của nhau - bảo anh, táo",8,2026-06-04,409398.0,7.0,15,-4.0,0
28,spotify:track:5KYv3kORBKUmVEoqbRRWxt,"Bảo Anh, Táo",Từng Là Của Nhau,Yin Yang Media,7,19,39,409398,2026-06-04,False,-9.0,Ballad,"từng là của nhau - bảo anh, táo",9,2026-06-11,389233.0,7.0,19,-9.0,0
109,spotify:track:5KzRocC5BSxcmR73kP4N1V,HIEUTHUHAI,Đâu Có Ai Nhìn,M Music Records,109,-1,1,231489,2026-04-30,True,,R&B/Soul,đâu có ai nhìn - hieuthuhai,4,2026-05-07,168138.0,7.0,201,0.0,1
105,spotify:track:5LQpQ6SDeaz6SIkR0lvsoC,"GREY D, Chillies",đưa em về nhàa,M Music Records,3,110,154,238111,2026-04-09,False,5.0,R&B/Soul,"đưa em về nhàa - grey d, chillies",1,2026-04-16,236929.0,7.0,110,5.0,0
188,spotify:track:5LuyL5o2BcFKK4FOJLYsSy,"Minh Đinh, Hà An Huy",Nằm Bên Anh,DAO Entertainment,28,195,44,171595,2026-04-09,False,7.0,Ballad,"nằm bên anh - minh đinh, hà an huy",1,2026-04-16,169217.0,7.0,195,7.0,0
173,spotify:track:5NULs64MNtA1HnRK9Bedys,"Ánh Sáng AZA, Negav",tâm trí lang thang,DAO Entertainment,11,-1,44,179968,2026-04-23,True,,Rap/Hip-hop,"tâm trí lang thang - ánh sáng aza, negav",3,2026-04-30,166176.0,7.0,201,0.0,1
199,spotify:track:5NULs64MNtA1HnRK9Bedys,"Ánh Sáng AZA, Negav",tâm trí lang thang,DAO Entertainment,11,173,45,166176,2026-04-30,False,-26.0,Rap/Hip-hop,"tâm trí lang thang - ánh sáng aza, negav",4,2026-05-07,172708.0,7.0,173,-26.0,0
108,spotify:track:5PGh9MyKry8slG5AfvD1eD,"Obito, Shiki, VSTRA",Hà Nội,12 trái lê,10,106,131,235927,2026-04-09,False,-2.0,Rap/Hip-hop,"hà nội - obito, shiki, vstra",1,2026-04-16,234588.0,7.0,106,-2.0,0
102,spotify:track:5PGh9MyKry8slG5AfvD1eD,"Obito, Shiki, VSTRA",Hà Nội,12 trái lê,10,108,132,234588,2026-04-16,False,6.0,Rap/Hip-hop,"hà nội - obito, shiki, vstra",2,2026-04-23,229510.0,7.0,108,6.0,0
106,spotify:track:5PGh9MyKry8slG5AfvD1eD,"Obito, Shiki, VSTRA",Hà Nội,12 trái lê,10,102,133,229510,2026-04-23,False,-4.0,Rap/Hip-hop,"hà nội - obito, shiki, vstra",3,2026-04-30,218152.0,7.0,102,-4.0,0
121,spotify:track:5PGh9MyKry8slG5AfvD1eD,"Obito, Shiki, VSTRA",Hà Nội,12 trái lê,10,106,134,218152,2026-04-30,False,-15.0,Rap/Hip-hop,"hà nội - obito, shiki, vstra",4,2026-05-07,197382.0,7.0,106,-15.0,0
143,spotify:track:5PGh9MyKry8slG5AfvD1eD,"Obito, Shiki, VSTRA",Hà Nội,12 trái lê,10,121,135,197382,2026-05-07,False,-22.0,Rap/Hip-hop,"hà nội - obito, shiki, vstra",5,2026-05-14,194100.0,7.0,121,-22.0,0
145,spotify:track:5PGh9MyKry8slG5AfvD1eD,"Obito, Shiki, VSTRA",Hà Nội,12 trái lê,10,143,136,194100,2026-05-14,False,-2.0,Rap/Hip-hop,"hà nội - obito, shiki, vstra",6,2026-05-21,201542.0,7.0,143,-2.0,0
137,spotify:track:5PGh9MyKry8slG5AfvD1eD,"Obito, Shiki, VSTRA",Hà Nội,12 trái lê,10,145,137,201542,2026-05-21,False,8.0,Rap/Hip-hop,"hà nội - obito, shiki, vstra",7,2026-05-28,193844.0,7.0,145,8.0,0
131,spotify:track:5PGh9MyKry8slG5AfvD1eD,"Obito, Shiki, VSTRA",Hà Nội,12 trái lê,10,137,138,193844,2026-05-28,False,6.0,Rap/Hip-hop,"hà nội - obito, shiki, vstra",8,2026-06-04,190676.0,7.0,137,6.0,0
145,spotify:track:5PGh9MyKry8slG5AfvD1eD,"Obito, Shiki, VSTRA",Hà Nội,12 trái lê,10,131,139,190676,2026-06-04,False,-14.0,Rap/Hip-hop,"hà nội - obito, shiki, vstra",9,2026-06-11,195128.0,7.0,131,-14.0,0
35,spotify:track:5SzJs9cwYXdSm9G3xcXuA2,Phùng Khánh Linh,Hôm Nay Tôi Buồn,BLACK SWAN LABEL LLC.,13,31,154,385009,2026-04-09,False,-4.0,Ballad,hôm nay tôi buồn - phùng khánh linh,1,2026-04-16,365281.0,7.0,31,-4.0,0
39,spotify:track:5SzJs9cwYXdSm9G3xcXuA2,Phùng Khánh Linh,Hôm Nay Tôi Buồn,BLACK SWAN LABEL LLC.,13,35,155,365281,2026-04-16,False,-4.0,Ballad,hôm nay tôi buồn - phùng khánh linh,2,2026-04-23,324992.0,7.0,35,-4.0,0
61,spotify:track:5SzJs9cwYXdSm9G3xcXuA2,Phùng Khánh Linh,Hôm Nay Tôi Buồn,BLACK SWAN LABEL LLC.,13,39,156,324992,2026-04-23,False,-22.0,Ballad,hôm nay tôi buồn - phùng khánh linh,3,2026-04-30,289355.0,7.0,39,-22.0,0
73,spotify:track:5SzJs9cwYXdSm9G3xcXuA2,Phùng Khánh Linh,Hôm Nay Tôi Buồn,BLACK SWAN LABEL LLC.,13,61,157,289355,2026-04-30,False,-12.0,Ballad,hôm nay tôi buồn - phùng khánh linh,4,2026-05-07,285366.0,7.0,61,-12.0,0
73,spotify:track:5SzJs9cwYXdSm9G3xcXuA2,Phùng Khánh Linh,Hôm Nay Tôi Buồn,BLACK SWAN LABEL LLC.,13,73,158,285366,2026-05-07,False,0.0,Ballad,hôm nay tôi buồn - phùng khánh linh,5,2026-05-14,274507.0,7.0,73,0.0,0
72,spotify:track:5SzJs9cwYXdSm9G3xcXuA2,Phùng Khánh Linh,Hôm Nay Tôi Buồn,BLACK SWAN LABEL LLC.,13,73,159,274507,2026-05-14,False,1.0,Ballad,hôm nay tôi buồn - phùng khánh linh,6,2026-05-21,275341.0,7.0,73,1.0,0
69,spotify:track:5SzJs9cwYXdSm9G3xcXuA2,Phùng Khánh Linh,Hôm Nay Tôi Buồn,BLACK SWAN LABEL LLC.,13,72,160,275341,2026-05-21,False,3.0,Ballad,hôm nay tôi buồn - phùng khánh linh,7,2026-05-28,251723.0,7.0,72,3.0,0
77,spotify:track:5SzJs9cwYXdSm9G3xcXuA2,Phùng Khánh Linh,Hôm Nay Tôi Buồn,BLACK SWAN LABEL LLC.,13,69,161,251723,2026-05-28,False,-8.0,Ballad,hôm nay tôi buồn - phùng khánh linh,8,2026-06-04,247045.0,7.0,69,-8.0,0
90,spotify:track:5SzJs9cwYXdSm9G3xcXuA2,Phùng Khánh Linh,Hôm Nay Tôi Buồn,BLACK SWAN LABEL LLC.,13,77,162,247045,2026-06-04,False,-13.0,Ballad,hôm nay tôi buồn - phùng khánh linh,9,2026-06-11,225106.0,7.0,77,-13.0,0
161,spotify:track:5U30iZBlmxkpHqzb1OSnBS,Rhymastic,Yêu 5,WM Vietnam,77,160,218,191190,2026-04-09,False,-1.0,R&B/Soul,yêu 5 - rhymastic,1,2026-04-16,206247.0,7.0,160,-1.0,0
132,spotify:track:5U30iZBlmxkpHqzb1OSnBS,Rhymastic,Yêu 5,WM Vietnam,77,161,219,206247,2026-04-16,False,29.0,R&B/Soul,yêu 5 - rhymastic,2,2026-04-23,218157.0,7.0,161,29.0,0
123,spotify:track:5U30iZBlmxkpHqzb1OSnBS,Rhymastic,Yêu 5,WM Vietnam,77,132,220,218157,2026-04-23,False,9.0,R&B/Soul,yêu 5 - rhymastic,3,2026-04-30,194255.0,7.0,132,9.0,0
152,spotify:track:5U30iZBlmxkpHqzb1OSnBS,Rhymastic,Yêu 5,WM Vietnam,77,123,221,194255,2026-04-30,False,-29.0,R&B/Soul,yêu 5 - rhymastic,4,2026-05-07,191546.0,7.0,123,-29.0,0
151,spotify:track:5U30iZBlmxkpHqzb1OSnBS,Rhymastic,Yêu 5,WM Vietnam,77,152,222,191546,2026-05-07,False,1.0,R&B/Soul,yêu 5 - rhymastic,5,2026-05-14,215766.0,7.0,152,1.0,0
120,spotify:track:5U30iZBlmxkpHqzb1OSnBS,Rhymastic,Yêu 5,WM Vietnam,77,151,223,215766,2026-05-14,False,31.0,R&B/Soul,yêu 5 - rhymastic,6,2026-05-21,212946.0,7.0,151,31.0,0
120,spotify:track:5U30iZBlmxkpHqzb1OSnBS,Rhymastic,Yêu 5,WM Vietnam,77,120,224,212946,2026-05-21,False,0.0,R&B/Soul,yêu 5 - rhymastic,7,2026-05-28,212060.0,7.0,120,0.0,0
117,spotify:track:5U30iZBlmxkpHqzb1OSnBS,Rhymastic,Yêu 5,WM Vietnam,77,120,225,212060,2026-05-28,False,3.0,R&B/Soul,yêu 5 - rhymastic,8,2026-06-04,232479.0,7.0,120,3.0,0
108,spotify:track:5U30iZBlmxkpHqzb1OSnBS,Rhymastic,Yêu 5,WM Vietnam,77,117,226,232479,2026-06-04,False,9.0,R&B/Soul,yêu 5 - rhymastic,9,2026-06-11,182310.0,7.0,117,9.0,0
178,spotify:track:5VGOYjxkEaf19LoRPIolD2,"The Wind, Dangrangto",Anh Muốn Nhìn Thấy Em,M Music Records,77,147,69,180188,2026-04-09,False,-31.0,Indie/Alternative,"anh muốn nhìn thấy em - the wind, dangrangto",1,2026-04-16,205732.0,7.0,147,-31.0,0
133,spotify:track:5VGOYjxkEaf19LoRPIolD2,"The Wind, Dangrangto",Anh Muốn Nhìn Thấy Em,M Music Records,77,178,70,205732,2026-04-16,False,45.0,Indie/Alternative,"anh muốn nhìn thấy em - the wind, dangrangto",2,2026-04-23,169133.0,7.0,178,45.0,0
188,spotify:track:5VGOYjxkEaf19LoRPIolD2,"The Wind, Dangrangto",Anh Muốn Nhìn Thấy Em,M Music Records,77,133,71,169133,2026-04-23,False,-55.0,Indie/Alternative,"anh muốn nhìn thấy em - the wind, dangrangto",3,2026-04-30,199074.0,7.0,133,-55.0,0
144,spotify:track:5VGOYjxkEaf19LoRPIolD2,"The Wind, Dangrangto",Anh Muốn Nhìn Thấy Em,M Music Records,77,188,72,199074,2026-04-30,False,44.0,Indie/Alternative,"anh muốn nhìn thấy em - the wind, dangrangto",4,2026-05-07,247489.0,7.0,188,44.0,0
95,spotify:track:5VGOYjxkEaf19LoRPIolD2,"The Wind, Dangrangto",Anh Muốn Nhìn Thấy Em,M Music Records,77,144,73,247489,2026-05-07,False,49.0,Indie/Alternative,"anh muốn nhìn thấy em - the wind, dangrangto",5,2026-05-14,222549.0,7.0,144,49.0,0
114,spotify:track:5VGOYjxkEaf19LoRPIolD2,"The Wind, Dangrangto",Anh Muốn Nhìn Thấy Em,M Music Records,77,95,74,222549,2026-05-14,False,-19.0,Indie/Alternative,"anh muốn nhìn thấy em - the wind, dangrangto",6,2026-05-21,217308.0,7.0,95,-19.0,0
116,spotify:track:5VGOYjxkEaf19LoRPIolD2,"The Wind, Dangrangto",Anh Muốn Nhìn Thấy Em,M Music Records,77,114,75,217308,2026-05-21,False,-2.0,Indie/Alternative,"anh muốn nhìn thấy em - the wind, dangrangto",7,2026-05-28,188850.0,7.0,114,-2.0,0
138,spotify:track:5VGOYjxkEaf19LoRPIolD2,"The Wind, Dangrangto",Anh Muốn Nhìn Thấy Em,M Music Records,77,116,76,188850,2026-05-28,False,-22.0,Indie/Alternative,"anh muốn nhìn thấy em - the wind, dangrangto",8,2026-06-04,197193.0,7.0,116,-22.0,0
139,spotify:track:5VGOYjxkEaf19LoRPIolD2,"The Wind, Dangrangto",Anh Muốn Nhìn Thấy Em,M Music Records,77,138,77,197193,2026-06-04,False,-1.0,Indie/Alternative,"anh muốn nhìn thấy em - the wind, dangrangto",9,2026-06-11,212447.0,7.0,138,-1.0,0
41,spotify:track:5WkuMbkHX7yR7nnBKCn7tV,RIO,vạn vật như muốn ta bên nhau,DAO Entertainment,6,29,52,366351,2026-04-09,False,-12.0,Indie/Alternative,vạn vật như muốn ta bên nhau - rio,1,2026-04-16,362278.0,7.0,29,-12.0,0
40,spotify:track:5WkuMbkHX7yR7nnBKCn7tV,RIO,vạn vật như muốn ta bên nhau,DAO Entertainment,6,41,53,362278,2026-04-16,False,1.0,Indie/Alternative,vạn vật như muốn ta bên nhau - rio,2,2026-04-23,360690.0,7.0,41,1.0,0
45,spotify:track:5WkuMbkHX7yR7nnBKCn7tV,RIO,vạn vật như muốn ta bên nhau,DAO Entertainment,6,40,54,360690,2026-04-23,False,-5.0,Indie/Alternative,vạn vật như muốn ta bên nhau - rio,3,2026-04-30,347445.0,7.0,40,-5.0,0
50,spotify:track:5WkuMbkHX7yR7nnBKCn7tV,RIO,vạn vật như muốn ta bên nhau,DAO Entertainment,6,45,55,347445,2026-04-30,False,-5.0,Indie/Alternative,vạn vật như muốn ta bên nhau - rio,4,2026-05-07,332595.0,7.0,45,-5.0,0
49,spotify:track:5WkuMbkHX7yR7nnBKCn7tV,RIO,vạn vật như muốn ta bên nhau,DAO Entertainment,6,50,56,332595,2026-05-07,False,1.0,Indie/Alternative,vạn vật như muốn ta bên nhau - rio,5,2026-05-14,361538.0,7.0,50,1.0,0
91,spotify:track:5XfGQZA0ioQAWUjlyJRcHc,"Shiki, Obito",1000 Ánh Mắt,12 trái lê,8,86,93,249753,2026-04-09,False,-5.0,Rap/Hip-hop,"1000 ánh mắt - shiki, obito",1,2026-04-16,261080.0,7.0,86,-5.0,0
78,spotify:track:5XfGQZA0ioQAWUjlyJRcHc,"Shiki, Obito",1000 Ánh Mắt,12 trái lê,8,91,94,261080,2026-04-16,False,13.0,Rap/Hip-hop,"1000 ánh mắt - shiki, obito",2,2026-04-23,269832.0,7.0,91,13.0,0
82,spotify:track:5XfGQZA0ioQAWUjlyJRcHc,"Shiki, Obito",1000 Ánh Mắt,12 trái lê,8,78,95,269832,2026-04-23,False,-4.0,Rap/Hip-hop,"1000 ánh mắt - shiki, obito",3,2026-04-30,275905.0,7.0,78,-4.0,0
81,spotify:track:5XfGQZA0ioQAWUjlyJRcHc,"Shiki, Obito",1000 Ánh Mắt,12 trái lê,8,82,96,275905,2026-04-30,False,1.0,Rap/Hip-hop,"1000 ánh mắt - shiki, obito",4,2026-05-07,248868.0,7.0,82,1.0,0
93,spotify:track:5XfGQZA0ioQAWUjlyJRcHc,"Shiki, Obito",1000 Ánh Mắt,12 trái lê,8,81,97,248868,2026-05-07,False,-12.0,Rap/Hip-hop,"1000 ánh mắt - shiki, obito",5,2026-05-14,221518.0,7.0,81,-12.0,0
115,spotify:track:5XfGQZA0ioQAWUjlyJRcHc,"Shiki, Obito",1000 Ánh Mắt,12 trái lê,8,93,98,221518,2026-05-14,False,-22.0,Rap/Hip-hop,"1000 ánh mắt - shiki, obito",6,2026-05-21,239937.0,7.0,93,-22.0,0
91,spotify:track:5XfGQZA0ioQAWUjlyJRcHc,"Shiki, Obito",1000 Ánh Mắt,12 trái lê,8,115,99,239937,2026-05-21,False,24.0,Rap/Hip-hop,"1000 ánh mắt - shiki, obito",7,2026-05-28,230179.0,7.0,115,24.0,0
103,spotify:track:5XfGQZA0ioQAWUjlyJRcHc,"Shiki, Obito",1000 Ánh Mắt,12 trái lê,8,91,100,230179,2026-05-28,False,-12.0,Rap/Hip-hop,"1000 ánh mắt - shiki, obito",8,2026-06-04,219951.0,7.0,91,-12.0,0
113,spotify:track:5XfGQZA0ioQAWUjlyJRcHc,"Shiki, Obito",1000 Ánh Mắt,12 trái lê,8,103,101,219951,2026-06-04,False,-10.0,Rap/Hip-hop,"1000 ánh mắt - shiki, obito",9,2026-06-11,205737.0,7.0,103,-10.0,0
183,spotify:track:5YPU2SdqR2pOsfFs5AW25q,"Rum, NIT",Kém Duyên,Rum,120,-1,7,166331,2026-05-21,True,,Indie/Alternative,"kém duyên - rum, nit",7,2026-05-28,216742.0,7.0,201,0.0,1
184,spotify:track:5cF0dROlMOK5uNZtivgu50,Charlie Puth,Attention,Artist Partner,21,-1,197,168257,2026-04-16,True,,R&B/Soul,attention - charlie puth,2,2026-04-23,204060.0,7.0,201,0.0,1
139,spotify:track:5cF0dROlMOK5uNZtivgu50,Charlie Puth,Attention,Artist Partner,21,184,198,204060,2026-04-23,False,45.0,R&B/Soul,attention - charlie puth,3,2026-04-30,183295.0,7.0,184,45.0,0
176,spotify:track:5cF0dROlMOK5uNZtivgu50,Charlie Puth,Attention,Artist Partner,21,139,199,183295,2026-04-30,False,-37.0,R&B/Soul,attention - charlie puth,4,2026-05-07,159236.0,7.0,139,-37.0,0
200,spotify:track:5cF0dROlMOK5uNZtivgu50,Charlie Puth,Attention,Artist Partner,21,176,200,159236,2026-05-07,False,-24.0,R&B/Soul,attention - charlie puth,5,2026-05-14,159713.0,7.0,176,-24.0,0
197,spotify:track:5cF0dROlMOK5uNZtivgu50,Charlie Puth,Attention,Artist Partner,21,200,201,159713,2026-05-14,False,3.0,R&B/Soul,attention - charlie puth,6,2026-05-21,161291.0,7.0,200,3.0,0
193,spotify:track:5cF0dROlMOK5uNZtivgu50,Charlie Puth,Attention,Artist Partner,21,197,202,161291,2026-05-21,False,4.0,R&B/Soul,attention - charlie puth,7,2026-05-28,165536.0,7.0,197,4.0,0
177,spotify:track:5cF0dROlMOK5uNZtivgu50,Charlie Puth,Attention,Artist Partner,21,193,203,165536,2026-05-28,False,16.0,R&B/Soul,attention - charlie puth,8,2026-06-04,175487.0,7.0,193,16.0,0
168,spotify:track:5cF0dROlMOK5uNZtivgu50,Charlie Puth,Attention,Artist Partner,21,177,204,175487,2026-06-04,False,9.0,R&B/Soul,attention - charlie puth,9,2026-06-11,164989.0,7.0,177,9.0,0
25,spotify:track:5cn5oHiXJTLiuthgbgfkMh,VCT,Vết Mưa,Universal Music Indochina Distributed Labels,19,23,109,487966,2026-04-09,False,-2.0,Ballad,vết mưa - vct,1,2026-04-16,473374.0,7.0,23,-2.0,0
24,spotify:track:5cn5oHiXJTLiuthgbgfkMh,VCT,Vết Mưa,Universal Music Indochina Distributed Labels,19,25,110,473374,2026-04-16,False,1.0,Ballad,vết mưa - vct,2,2026-04-23,457538.0,7.0,25,1.0,0
26,spotify:track:5cn5oHiXJTLiuthgbgfkMh,VCT,Vết Mưa,Universal Music Indochina Distributed Labels,19,24,111,457538,2026-04-23,False,-2.0,Ballad,vết mưa - vct,3,2026-04-30,443253.0,7.0,24,-2.0,0
26,spotify:track:5cn5oHiXJTLiuthgbgfkMh,VCT,Vết Mưa,Universal Music Indochina Distributed Labels,19,26,112,443253,2026-04-30,False,0.0,Ballad,vết mưa - vct,4,2026-05-07,442823.0,7.0,26,0.0,0
21,spotify:track:5cn5oHiXJTLiuthgbgfkMh,VCT,Vết Mưa,Universal Music Indochina Distributed Labels,19,26,113,442823,2026-05-07,False,5.0,Ballad,vết mưa - vct,5,2026-05-14,437071.0,7.0,26,5.0,0
21,spotify:track:5cn5oHiXJTLiuthgbgfkMh,VCT,Vết Mưa,Universal Music Indochina Distributed Labels,19,21,114,437071,2026-05-14,False,0.0,Ballad,vết mưa - vct,6,2026-05-21,447075.0,7.0,21,0.0,0
20,spotify:track:5cn5oHiXJTLiuthgbgfkMh,VCT,Vết Mưa,Universal Music Indochina Distributed Labels,19,21,115,447075,2026-05-21,False,1.0,Ballad,vết mưa - vct,7,2026-05-28,406009.0,7.0,21,1.0,0
26,spotify:track:5cn5oHiXJTLiuthgbgfkMh,VCT,Vết Mưa,Universal Music Indochina Distributed Labels,19,20,116,406009,2026-05-28,False,-6.0,Ballad,vết mưa - vct,8,2026-06-04,394335.0,7.0,20,-6.0,0
31,spotify:track:5cn5oHiXJTLiuthgbgfkMh,VCT,Vết Mưa,Universal Music Indochina Distributed Labels,19,26,117,394335,2026-06-04,False,-5.0,Ballad,vết mưa - vct,9,2026-06-11,433436.0,7.0,26,-5.0,0
196,spotify:track:5kJMW3pK49PvQDtpVryHf5,JustaTee,Forget About Her,Spacespeakers,31,-1,37,166968,2026-04-30,True,,R&B/Soul,forget about her - justatee,4,2026-05-07,163650.0,7.0,201,0.0,1
191,spotify:track:5kJMW3pK49PvQDtpVryHf5,JustaTee,Forget About Her,Spacespeakers,31,196,38,163650,2026-05-07,False,5.0,R&B/Soul,forget about her - justatee,5,2026-05-14,181148.0,7.0,196,5.0,0
166,spotify:track:5kJMW3pK49PvQDtpVryHf5,JustaTee,Forget About Her,Spacespeakers,31,-1,40,175106,2026-05-28,True,,R&B/Soul,forget about her - justatee,8,2026-06-04,228573.0,7.0,201,0.0,1
111,spotify:track:5kJMW3pK49PvQDtpVryHf5,JustaTee,Forget About Her,Spacespeakers,31,166,41,228573,2026-06-04,False,55.0,R&B/Soul,forget about her - justatee,9,2026-06-11,215257.0,7.0,166,55.0,0
198,spotify:track:5oFEvbM7lGnx8jfAkuhVyo,"AMEE, RPT MCK",MỘNG YU,Yin Yang Media,3,-1,77,154560,2026-05-28,True,,R&B/Soul,"mộng yu - amee, rpt mck",8,2026-06-04,165082.0,7.0,201,0.0,1
189,spotify:track:5oFEvbM7lGnx8jfAkuhVyo,"AMEE, RPT MCK",MỘNG YU,Yin Yang Media,3,198,78,165082,2026-06-04,False,9.0,R&B/Soul,"mộng yu - amee, rpt mck",9,2026-06-11,160571.0,7.0,198,9.0,0
69,spotify:track:5ouxRyInSdRBQubu3KTd97,"tlinh, 2Pillz",nếu lúc đó,M Music Records,1,75,162,286477,2026-04-09,False,6.0,R&B/Soul,"nếu lúc đó - tlinh, 2pillz",1,2026-04-16,284832.0,7.0,75,6.0,0
67,spotify:track:5ouxRyInSdRBQubu3KTd97,"tlinh, 2Pillz",nếu lúc đó,M Music Records,1,69,163,284832,2026-04-16,False,2.0,R&B/Soul,"nếu lúc đó - tlinh, 2pillz",2,2026-04-23,279446.0,7.0,69,2.0,0
77,spotify:track:5ouxRyInSdRBQubu3KTd97,"tlinh, 2Pillz",nếu lúc đó,M Music Records,1,67,164,279446,2026-04-23,False,-10.0,R&B/Soul,"nếu lúc đó - tlinh, 2pillz",3,2026-04-30,252588.0,7.0,67,-10.0,0
94,spotify:track:5ouxRyInSdRBQubu3KTd97,"tlinh, 2Pillz",nếu lúc đó,M Music Records,1,77,165,252588,2026-04-30,False,-17.0,R&B/Soul,"nếu lúc đó - tlinh, 2pillz",4,2026-05-07,244728.0,7.0,77,-17.0,0
97,spotify:track:5ouxRyInSdRBQubu3KTd97,"tlinh, 2Pillz",nếu lúc đó,M Music Records,1,94,166,244728,2026-05-07,False,-3.0,R&B/Soul,"nếu lúc đó - tlinh, 2pillz",5,2026-05-14,253282.0,7.0,94,-3.0,0
86,spotify:track:5ouxRyInSdRBQubu3KTd97,"tlinh, 2Pillz",nếu lúc đó,M Music Records,1,97,167,253282,2026-05-14,False,11.0,R&B/Soul,"nếu lúc đó - tlinh, 2pillz",6,2026-05-21,271540.0,7.0,97,11.0,0
75,spotify:track:5ouxRyInSdRBQubu3KTd97,"tlinh, 2Pillz",nếu lúc đó,M Music Records,1,86,168,271540,2026-05-21,False,11.0,R&B/Soul,"nếu lúc đó - tlinh, 2pillz",7,2026-05-28,282078.0,7.0,86,11.0,0
64,spotify:track:5ouxRyInSdRBQubu3KTd97,"tlinh, 2Pillz",nếu lúc đó,M Music Records,1,75,169,282078,2026-05-28,False,11.0,R&B/Soul,"nếu lúc đó - tlinh, 2pillz",8,2026-06-04,273100.0,7.0,75,11.0,0
75,spotify:track:5ouxRyInSdRBQubu3KTd97,"tlinh, 2Pillz",nếu lúc đó,M Music Records,1,64,170,273100,2026-06-04,False,-11.0,R&B/Soul,"nếu lúc đó - tlinh, 2pillz",9,2026-06-11,248566.0,7.0,64,-11.0,0
34,spotify:track:5prZw3OHd2UhAq0VBKpqUM,GREY D,mới hôm qua,Umusic Vietnam Co. Ltd. Distributed Labels,34,138,2,387186,2026-04-09,False,104.0,R&B/Soul,mới hôm qua - grey d,1,2026-04-16,288097.0,7.0,138,104.0,0
66,spotify:track:5prZw3OHd2UhAq0VBKpqUM,GREY D,mới hôm qua,Umusic Vietnam Co. Ltd. Distributed Labels,34,34,3,288097,2026-04-16,False,-32.0,R&B/Soul,mới hôm qua - grey d,2,2026-04-23,225645.0,7.0,34,-32.0,0
115,spotify:track:5prZw3OHd2UhAq0VBKpqUM,GREY D,mới hôm qua,Umusic Vietnam Co. Ltd. Distributed Labels,34,66,4,225645,2026-04-23,False,-49.0,R&B/Soul,mới hôm qua - grey d,3,2026-04-30,184423.0,7.0,66,-49.0,0
174,spotify:track:5prZw3OHd2UhAq0VBKpqUM,GREY D,mới hôm qua,Umusic Vietnam Co. Ltd. Distributed Labels,34,115,5,184423,2026-04-30,False,-59.0,R&B/Soul,mới hôm qua - grey d,4,2026-05-07,192410.0,7.0,115,-59.0,0
149,spotify:track:5prZw3OHd2UhAq0VBKpqUM,GREY D,mới hôm qua,Umusic Vietnam Co. Ltd. Distributed Labels,34,174,6,192410,2026-05-07,False,25.0,R&B/Soul,mới hôm qua - grey d,5,2026-05-14,192539.0,7.0,174,25.0,0
148,spotify:track:5prZw3OHd2UhAq0VBKpqUM,GREY D,mới hôm qua,Umusic Vietnam Co. Ltd. Distributed Labels,34,149,7,192539,2026-05-14,False,1.0,R&B/Soul,mới hôm qua - grey d,6,2026-05-21,192254.0,7.0,149,1.0,0
145,spotify:track:5prZw3OHd2UhAq0VBKpqUM,GREY D,mới hôm qua,Umusic Vietnam Co. Ltd. Distributed Labels,34,148,8,192254,2026-05-21,False,3.0,R&B/Soul,mới hôm qua - grey d,7,2026-05-28,180595.0,7.0,148,3.0,0
157,spotify:track:5prZw3OHd2UhAq0VBKpqUM,GREY D,mới hôm qua,Umusic Vietnam Co. Ltd. Distributed Labels,34,145,9,180595,2026-05-28,False,-12.0,R&B/Soul,mới hôm qua - grey d,8,2026-06-04,177338.0,7.0,145,-12.0,0
163,spotify:track:5prZw3OHd2UhAq0VBKpqUM,GREY D,mới hôm qua,Umusic Vietnam Co. Ltd. Distributed Labels,34,157,10,177338,2026-06-04,False,-6.0,R&B/Soul,mới hôm qua - grey d,9,2026-06-11,187555.0,7.0,157,-6.0,0
39,spotify:track:5rSAUmbOg4giDrM29vUyHe,Sơn Tùng M-TP,Nơi Này Có Anh,Umusic Vietnam Co. Ltd. Distributed Labels,5,48,357,371852,2026-04-09,False,9.0,Pop,nơi này có anh - sơn tùng m-tp,1,2026-04-16,345443.0,7.0,48,9.0,0
47,spotify:track:5rSAUmbOg4giDrM29vUyHe,Sơn Tùng M-TP,Nơi Này Có Anh,Umusic Vietnam Co. Ltd. Distributed Labels,5,39,358,345443,2026-04-16,False,-8.0,Pop,nơi này có anh - sơn tùng m-tp,2,2026-04-23,314511.0,7.0,39,-8.0,0
66,spotify:track:5rSAUmbOg4giDrM29vUyHe,Sơn Tùng M-TP,Nơi Này Có Anh,Umusic Vietnam Co. Ltd. Distributed Labels,5,47,359,314511,2026-04-23,False,-19.0,Pop,nơi này có anh - sơn tùng m-tp,3,2026-04-30,334688.0,7.0,47,-19.0,0
53,spotify:track:5rSAUmbOg4giDrM29vUyHe,Sơn Tùng M-TP,Nơi Này Có Anh,Umusic Vietnam Co. Ltd. Distributed Labels,5,66,360,334688,2026-04-30,False,13.0,Pop,nơi này có anh - sơn tùng m-tp,4,2026-05-07,333159.0,7.0,66,13.0,0
48,spotify:track:5rSAUmbOg4giDrM29vUyHe,Sơn Tùng M-TP,Nơi Này Có Anh,Umusic Vietnam Co. Ltd. Distributed Labels,5,53,361,333159,2026-05-07,False,5.0,Pop,nơi này có anh - sơn tùng m-tp,5,2026-05-14,340561.0,7.0,53,5.0,0
46,spotify:track:5rSAUmbOg4giDrM29vUyHe,Sơn Tùng M-TP,Nơi Này Có Anh,Umusic Vietnam Co. Ltd. Distributed Labels,5,48,362,340561,2026-05-14,False,2.0,Pop,nơi này có anh - sơn tùng m-tp,6,2026-05-21,380374.0,7.0,48,2.0,0
31,spotify:track:5rSAUmbOg4giDrM29vUyHe,Sơn Tùng M-TP,Nơi Này Có Anh,Umusic Vietnam Co. Ltd. Distributed Labels,5,46,363,380374,2026-05-21,False,15.0,Pop,nơi này có anh - sơn tùng m-tp,7,2026-05-28,385480.0,7.0,46,15.0,0
31,spotify:track:5rSAUmbOg4giDrM29vUyHe,Sơn Tùng M-TP,Nơi Này Có Anh,Umusic Vietnam Co. Ltd. Distributed Labels,5,31,364,385480,2026-05-28,False,0.0,Pop,nơi này có anh - sơn tùng m-tp,8,2026-06-04,494677.0,7.0,31,0.0,0
16,spotify:track:5rSAUmbOg4giDrM29vUyHe,Sơn Tùng M-TP,Nơi Này Có Anh,Umusic Vietnam Co. Ltd. Distributed Labels,5,31,365,494677,2026-06-04,False,15.0,Pop,nơi này có anh - sơn tùng m-tp,9,2026-06-11,448774.0,7.0,31,15.0,0
51,spotify:track:5tdz7T4hTxA1ipJMBe24uX,AMEE,"ex's hate me, Pt.2",Yin Yang Media,13,65,181,331112,2026-04-09,False,14.0,Pop,"ex's hate me, pt.2 - amee",1,2026-04-16,360774.0,7.0,65,14.0,0
41,spotify:track:5tdz7T4hTxA1ipJMBe24uX,AMEE,"ex's hate me, Pt.2",Yin Yang Media,13,51,182,360774,2026-04-16,False,10.0,Pop,"ex's hate me, pt.2 - amee",2,2026-04-23,401457.0,7.0,51,10.0,0
36,spotify:track:5tdz7T4hTxA1ipJMBe24uX,AMEE,"ex's hate me, Pt.2",Yin Yang Media,13,41,183,401457,2026-04-23,False,5.0,Pop,"ex's hate me, pt.2 - amee",3,2026-04-30,416313.0,7.0,41,5.0,0
30,spotify:track:5tdz7T4hTxA1ipJMBe24uX,AMEE,"ex's hate me, Pt.2",Yin Yang Media,13,36,184,416313,2026-04-30,False,6.0,Pop,"ex's hate me, pt.2 - amee",4,2026-05-07,366228.0,7.0,36,6.0,0
39,spotify:track:5tdz7T4hTxA1ipJMBe24uX,AMEE,"ex's hate me, Pt.2",Yin Yang Media,13,30,185,366228,2026-05-07,False,-9.0,Pop,"ex's hate me, pt.2 - amee",5,2026-05-14,349481.0,7.0,30,-9.0,0
42,spotify:track:5tdz7T4hTxA1ipJMBe24uX,AMEE,"ex's hate me, Pt.2",Yin Yang Media,13,39,186,349481,2026-05-14,False,-3.0,Pop,"ex's hate me, pt.2 - amee",6,2026-05-21,357039.0,7.0,39,-3.0,0
39,spotify:track:5tdz7T4hTxA1ipJMBe24uX,AMEE,"ex's hate me, Pt.2",Yin Yang Media,13,42,187,357039,2026-05-21,False,3.0,Pop,"ex's hate me, pt.2 - amee",7,2026-05-28,354342.0,7.0,42,3.0,0
42,spotify:track:5tdz7T4hTxA1ipJMBe24uX,AMEE,"ex's hate me, Pt.2",Yin Yang Media,13,39,188,354342,2026-05-28,False,-3.0,Pop,"ex's hate me, pt.2 - amee",8,2026-06-04,363362.0,7.0,39,-3.0,0
44,spotify:track:5tdz7T4hTxA1ipJMBe24uX,AMEE,"ex's hate me, Pt.2",Yin Yang Media,13,42,189,363362,2026-06-04,False,-2.0,Pop,"ex's hate me, pt.2 - amee",9,2026-06-11,341127.0,7.0,42,-2.0,0
135,spotify:track:5tg21NdePCn5m8F9BXOEeJ,BTS,Aliens,BIGHIT MUSIC,13,81,3,207474,2026-04-09,False,-54.0,Pop,aliens - bts,1,2026-04-16,165270.0,7.0,81,-54.0,0
114,spotify:track:5tmA5oQDF0ULqRI12LKCDw,JayKii,Chiều Hôm Ấy,The First Management,95,137,24,227839,2026-04-09,False,23.0,Ballad,chiều hôm ấy - jaykii,1,2026-04-16,213216.0,7.0,137,23.0,0
122,spotify:track:5tmA5oQDF0ULqRI12LKCDw,JayKii,Chiều Hôm Ấy,The First Management,95,114,25,213216,2026-04-16,False,-8.0,Ballad,chiều hôm ấy - jaykii,2,2026-04-23,219804.0,7.0,114,-8.0,0
121,spotify:track:5tmA5oQDF0ULqRI12LKCDw,JayKii,Chiều Hôm Ấy,The First Management,95,122,26,219804,2026-04-23,False,1.0,Ballad,chiều hôm ấy - jaykii,3,2026-04-30,212834.0,7.0,122,1.0,0
130,spotify:track:5tmA5oQDF0ULqRI12LKCDw,JayKii,Chiều Hôm Ấy,The First Management,95,121,27,212834,2026-04-30,False,-9.0,Ballad,chiều hôm ấy - jaykii,4,2026-05-07,194641.0,7.0,121,-9.0,0
146,spotify:track:5tmA5oQDF0ULqRI12LKCDw,JayKii,Chiều Hôm Ấy,The First Management,95,130,28,194641,2026-05-07,False,-16.0,Ballad,chiều hôm ấy - jaykii,5,2026-05-14,219685.0,7.0,130,-16.0,0
117,spotify:track:5tmA5oQDF0ULqRI12LKCDw,JayKii,Chiều Hôm Ấy,The First Management,95,146,29,219685,2026-05-14,False,29.0,Ballad,chiều hôm ấy - jaykii,6,2026-05-21,230883.0,7.0,146,29.0,0
100,spotify:track:5tmA5oQDF0ULqRI12LKCDw,JayKii,Chiều Hôm Ấy,The First Management,95,117,30,230883,2026-05-21,False,17.0,Ballad,chiều hôm ấy - jaykii,7,2026-05-28,203374.0,7.0,117,17.0,0
125,spotify:track:5tmA5oQDF0ULqRI12LKCDw,JayKii,Chiều Hôm Ấy,The First Management,95,100,31,203374,2026-05-28,False,-25.0,Ballad,chiều hôm ấy - jaykii,8,2026-06-04,199700.0,7.0,100,-25.0,0
134,spotify:track:5tmA5oQDF0ULqRI12LKCDw,JayKii,Chiều Hôm Ấy,The First Management,95,125,32,199700,2026-06-04,False,-9.0,Ballad,chiều hôm ấy - jaykii,9,2026-06-11,206503.0,7.0,125,-9.0,0
90,spotify:track:5u5AsK8JLgkr154QHZjJqh,"ANH TRAI ""SAY HI"", VCT, Karik, Negav, Ngô Kiến Huy, Jey B",NGƯỜI NHƯ ANH XỨNG ĐÁNG CÔ ĐƠN,Universal Music Indochina Distributed Labels,3,100,28,253189,2026-04-09,False,10.0,Rap/Hip-hop,"người như anh xứng đáng cô đơn - anh trai ""say hi"", vct, karik, negav, ngô kiến huy, jey b",1,2026-04-16,244852.0,7.0,100,10.0,0
96,spotify:track:5u5AsK8JLgkr154QHZjJqh,"ANH TRAI ""SAY HI"", VCT, Karik, Negav, Ngô Kiến Huy, Jey B",NGƯỜI NHƯ ANH XỨNG ĐÁNG CÔ ĐƠN,Universal Music Indochina Distributed Labels,3,90,29,244852,2026-04-16,False,-6.0,Rap/Hip-hop,"người như anh xứng đáng cô đơn - anh trai ""say hi"", vct, karik, negav, ngô kiến huy, jey b",2,2026-04-23,227235.0,7.0,90,-6.0,0
111,spotify:track:5u5AsK8JLgkr154QHZjJqh,"ANH TRAI ""SAY HI"", VCT, Karik, Negav, Ngô Kiến Huy, Jey B",NGƯỜI NHƯ ANH XỨNG ĐÁNG CÔ ĐƠN,Universal Music Indochina Distributed Labels,3,96,30,227235,2026-04-23,False,-15.0,Rap/Hip-hop,"người như anh xứng đáng cô đơn - anh trai ""say hi"", vct, karik, negav, ngô kiến huy, jey b",3,2026-04-30,215232.0,7.0,96,-15.0,0
128,spotify:track:5u5AsK8JLgkr154QHZjJqh,"ANH TRAI ""SAY HI"", VCT, Karik, Negav, Ngô Kiến Huy, Jey B",NGƯỜI NHƯ ANH XỨNG ĐÁNG CÔ ĐƠN,Universal Music Indochina Distributed Labels,3,111,31,215232,2026-04-30,False,-17.0,Rap/Hip-hop,"người như anh xứng đáng cô đơn - anh trai ""say hi"", vct, karik, negav, ngô kiến huy, jey b",4,2026-05-07,223995.0,7.0,111,-17.0,0
115,spotify:track:5u5AsK8JLgkr154QHZjJqh,"ANH TRAI ""SAY HI"", VCT, Karik, Negav, Ngô Kiến Huy, Jey B",NGƯỜI NHƯ ANH XỨNG ĐÁNG CÔ ĐƠN,Universal Music Indochina Distributed Labels,3,128,32,223995,2026-05-07,False,13.0,Rap/Hip-hop,"người như anh xứng đáng cô đơn - anh trai ""say hi"", vct, karik, negav, ngô kiến huy, jey b",5,2026-05-14,300124.0,7.0,128,13.0,0
60,spotify:track:5u5AsK8JLgkr154QHZjJqh,"ANH TRAI ""SAY HI"", VCT, Karik, Negav, Ngô Kiến Huy, Jey B",NGƯỜI NHƯ ANH XỨNG ĐÁNG CÔ ĐƠN,Universal Music Indochina Distributed Labels,3,115,33,300124,2026-05-14,False,55.0,Rap/Hip-hop,"người như anh xứng đáng cô đơn - anh trai ""say hi"", vct, karik, negav, ngô kiến huy, jey b",6,2026-05-21,262407.0,7.0,115,55.0,0
80,spotify:track:5u5AsK8JLgkr154QHZjJqh,"ANH TRAI ""SAY HI"", VCT, Karik, Negav, Ngô Kiến Huy, Jey B",NGƯỜI NHƯ ANH XỨNG ĐÁNG CÔ ĐƠN,Universal Music Indochina Distributed Labels,3,60,34,262407,2026-05-21,False,-20.0,Rap/Hip-hop,"người như anh xứng đáng cô đơn - anh trai ""say hi"", vct, karik, negav, ngô kiến huy, jey b",7,2026-05-28,250718.0,7.0,60,-20.0,0
79,spotify:track:5u5AsK8JLgkr154QHZjJqh,"ANH TRAI ""SAY HI"", VCT, Karik, Negav, Ngô Kiến Huy, Jey B",NGƯỜI NHƯ ANH XỨNG ĐÁNG CÔ ĐƠN,Universal Music Indochina Distributed Labels,3,80,35,250718,2026-05-28,False,1.0,Rap/Hip-hop,"người như anh xứng đáng cô đơn - anh trai ""say hi"", vct, karik, negav, ngô kiến huy, jey b",8,2026-06-04,235619.0,7.0,80,1.0,0
102,spotify:track:5u5AsK8JLgkr154QHZjJqh,"ANH TRAI ""SAY HI"", VCT, Karik, Negav, Ngô Kiến Huy, Jey B",NGƯỜI NHƯ ANH XỨNG ĐÁNG CÔ ĐƠN,Universal Music Indochina Distributed Labels,3,79,36,235619,2026-06-04,False,-23.0,Rap/Hip-hop,"người như anh xứng đáng cô đơn - anh trai ""say hi"", vct, karik, negav, ngô kiến huy, jey b",9,2026-06-11,247646.0,7.0,79,-23.0,0
194,spotify:track:5wYQC7AuxV8ROALWcbVNxc,"Hoàng Dũng, Rhymastic, Lelarec",Giữ Anh Cho Ngày Hôm Qua,Lirico Entertainment,40,188,28,169277,2026-04-09,False,-6.0,Ballad,"giữ anh cho ngày hôm qua - hoàng dũng, rhymastic, lelarec",1,2026-04-16,162147.0,7.0,188,-6.0,0
170,spotify:track:5wYQC7AuxV8ROALWcbVNxc,"Hoàng Dũng, Rhymastic, Lelarec",Giữ Anh Cho Ngày Hôm Qua,Lirico Entertainment,40,-1,30,176961,2026-05-07,True,,Ballad,"giữ anh cho ngày hôm qua - hoàng dũng, rhymastic, lelarec",5,2026-05-14,186966.0,7.0,201,0.0,1
156,spotify:track:5wYQC7AuxV8ROALWcbVNxc,"Hoàng Dũng, Rhymastic, Lelarec",Giữ Anh Cho Ngày Hôm Qua,Lirico Entertainment,40,170,31,186966,2026-05-14,False,14.0,Ballad,"giữ anh cho ngày hôm qua - hoàng dũng, rhymastic, lelarec",6,2026-05-21,189449.0,7.0,170,14.0,0
154,spotify:track:5wYQC7AuxV8ROALWcbVNxc,"Hoàng Dũng, Rhymastic, Lelarec",Giữ Anh Cho Ngày Hôm Qua,Lirico Entertainment,40,156,32,189449,2026-05-21,False,2.0,Ballad,"giữ anh cho ngày hôm qua - hoàng dũng, rhymastic, lelarec",7,2026-05-28,188557.0,7.0,156,2.0,0
140,spotify:track:5wYQC7AuxV8ROALWcbVNxc,"Hoàng Dũng, Rhymastic, Lelarec",Giữ Anh Cho Ngày Hôm Qua,Lirico Entertainment,40,154,33,188557,2026-05-28,False,14.0,Ballad,"giữ anh cho ngày hôm qua - hoàng dũng, rhymastic, lelarec",8,2026-06-04,170915.0,7.0,154,14.0,0
177,spotify:track:5wYQC7AuxV8ROALWcbVNxc,"Hoàng Dũng, Rhymastic, Lelarec",Giữ Anh Cho Ngày Hôm Qua,Lirico Entertainment,40,140,34,170915,2026-06-04,False,-37.0,Ballad,"giữ anh cho ngày hôm qua - hoàng dũng, rhymastic, lelarec",9,2026-06-11,194977.0,7.0,140,-37.0,0
67,spotify:track:5x5Vx0Musv3LSUKzjY73mA,"Sơn Tùng M-TP, Snoop Dogg",Hãy Trao Cho Anh,Umusic Vietnam Co. Ltd. Distributed Labels,1,-1,150,288514,2026-06-04,True,,EDM/Dance,"hãy trao cho anh - sơn tùng m-tp, snoop dogg",9,2026-06-11,359495.0,7.0,201,0.0,1
3,spotify:track:5xVCfx47vCXuLdpfbepqEo,HIEUTHUHAI,Người Im Lặng Gặp Người Hay Nói,M Music Records,2,4,7,1030471,2026-04-23,False,1.0,Rap/Hip-hop,người im lặng gặp người hay nói - hieuthuhai,3,2026-04-30,1023608.0,7.0,4,1.0,0
3,spotify:track:5xVCfx47vCXuLdpfbepqEo,HIEUTHUHAI,Người Im Lặng Gặp Người Hay Nói,M Music Records,2,3,8,1023608,2026-04-30,False,0.0,Rap/Hip-hop,người im lặng gặp người hay nói - hieuthuhai,4,2026-05-07,872024.0,7.0,3,0.0,0
3,spotify:track:5xVCfx47vCXuLdpfbepqEo,HIEUTHUHAI,Người Im Lặng Gặp Người Hay Nói,M Music Records,2,3,9,872024,2026-05-07,False,0.0,Rap/Hip-hop,người im lặng gặp người hay nói - hieuthuhai,5,2026-05-14,818203.0,7.0,3,0.0,0
4,spotify:track:5xVCfx47vCXuLdpfbepqEo,HIEUTHUHAI,Người Im Lặng Gặp Người Hay Nói,M Music Records,2,3,10,818203,2026-05-14,False,-1.0,Rap/Hip-hop,người im lặng gặp người hay nói - hieuthuhai,6,2026-05-21,809139.0,7.0,3,-1.0,0
4,spotify:track:5xVCfx47vCXuLdpfbepqEo,HIEUTHUHAI,Người Im Lặng Gặp Người Hay Nói,M Music Records,2,4,11,809139,2026-05-21,False,0.0,Rap/Hip-hop,người im lặng gặp người hay nói - hieuthuhai,7,2026-05-28,720760.0,7.0,4,0.0,0
6,spotify:track:5xVCfx47vCXuLdpfbepqEo,HIEUTHUHAI,Người Im Lặng Gặp Người Hay Nói,M Music Records,2,4,12,720760,2026-05-28,False,-2.0,Rap/Hip-hop,người im lặng gặp người hay nói - hieuthuhai,8,2026-06-04,713486.0,7.0,4,-2.0,0
7,spotify:track:5xVCfx47vCXuLdpfbepqEo,HIEUTHUHAI,Người Im Lặng Gặp Người Hay Nói,M Music Records,2,6,13,713486,2026-06-04,False,-1.0,Rap/Hip-hop,người im lặng gặp người hay nói - hieuthuhai,9,2026-06-11,655106.0,7.0,6,-1.0,0
189,spotify:track:5xuaCJaNAqRLwV7OO5zPiF,"W/N, Duongg, Nâu",3 1 0 7 (feat. Duongg & Nâu),"HONG AN ENTERTAIMENT,.JSC",11,-1,290,163324,2026-05-21,True,,R&B/Soul,"3 1 0 7 (feat. duongg & nâu) - w/n, duongg, nâu",7,2026-05-28,167946.0,7.0,201,0.0,1
189,spotify:track:5yvVYFDUpbnjcnRBgjwTzM,"Tame Impala, JENNIE",Dracula - JENNIE Remix,Columbia,189,-1,1,171166,2026-04-09,True,,EDM/Dance,"dracula - jennie remix - tame impala, jennie",1,2026-04-16,175768.0,7.0,201,0.0,1
173,spotify:track:5yvVYFDUpbnjcnRBgjwTzM,"Tame Impala, JENNIE",Dracula - JENNIE Remix,Columbia,173,189,2,175768,2026-04-16,False,16.0,EDM/Dance,"dracula - jennie remix - tame impala, jennie",2,2026-04-23,172458.0,7.0,189,16.0,0
125,spotify:track:65st6HfPZyxq1RNTvqSIos,"Wren Evans, itsnk",Thu Đợi,Universal Music Indochina Distributed Labels,6,135,15,218164,2026-04-09,False,10.0,R&B/Soul,"thu đợi - wren evans, itsnk",1,2026-04-16,211448.0,7.0,135,10.0,0
124,spotify:track:65st6HfPZyxq1RNTvqSIos,"Wren Evans, itsnk",Thu Đợi,Universal Music Indochina Distributed Labels,6,125,16,211448,2026-04-16,False,1.0,R&B/Soul,"thu đợi - wren evans, itsnk",2,2026-04-23,196335.0,7.0,125,1.0,0
154,spotify:track:65st6HfPZyxq1RNTvqSIos,"Wren Evans, itsnk",Thu Đợi,Universal Music Indochina Distributed Labels,6,124,17,196335,2026-04-23,False,-30.0,R&B/Soul,"thu đợi - wren evans, itsnk",3,2026-04-30,190182.0,7.0,124,-30.0,0
159,spotify:track:65st6HfPZyxq1RNTvqSIos,"Wren Evans, itsnk",Thu Đợi,Universal Music Indochina Distributed Labels,6,154,18,190182,2026-04-30,False,-5.0,R&B/Soul,"thu đợi - wren evans, itsnk",4,2026-05-07,174482.0,7.0,154,-5.0,0
175,spotify:track:65st6HfPZyxq1RNTvqSIos,"Wren Evans, itsnk",Thu Đợi,Universal Music Indochina Distributed Labels,6,159,19,174482,2026-05-07,False,-16.0,R&B/Soul,"thu đợi - wren evans, itsnk",5,2026-05-14,168124.0,7.0,159,-16.0,0
183,spotify:track:65st6HfPZyxq1RNTvqSIos,"Wren Evans, itsnk",Thu Đợi,Universal Music Indochina Distributed Labels,6,175,20,168124,2026-05-14,False,-8.0,R&B/Soul,"thu đợi - wren evans, itsnk",6,2026-05-21,159538.0,7.0,175,-8.0,0
197,spotify:track:65st6HfPZyxq1RNTvqSIos,"Wren Evans, itsnk",Thu Đợi,Universal Music Indochina Distributed Labels,6,183,21,159538,2026-05-21,False,-14.0,R&B/Soul,"thu đợi - wren evans, itsnk",7,2026-05-28,164287.0,7.0,183,-14.0,0
99,spotify:track:66v7AvDs5gZfmkJgFMMtHL,"Công Dương, Nguyễn Lâm Thảo Tâm, 30 Pictures",A Little Dream Of Me,+84 Vietnam New Wave,22,83,5,240622,2026-04-09,False,-16.0,Khác,"a little dream of me - công dương, nguyễn lâm thảo tâm, 30 pictures",1,2026-04-16,224123.0,7.0,83,-16.0,0
111,spotify:track:66v7AvDs5gZfmkJgFMMtHL,"Công Dương, Nguyễn Lâm Thảo Tâm, 30 Pictures",A Little Dream Of Me,+84 Vietnam New Wave,22,99,6,224123,2026-04-16,False,-12.0,Khác,"a little dream of me - công dương, nguyễn lâm thảo tâm, 30 pictures",2,2026-04-23,220780.0,7.0,99,-12.0,0
119,spotify:track:66v7AvDs5gZfmkJgFMMtHL,"Công Dương, Nguyễn Lâm Thảo Tâm, 30 Pictures",A Little Dream Of Me,+84 Vietnam New Wave,22,111,7,220780,2026-04-23,False,-8.0,Khác,"a little dream of me - công dương, nguyễn lâm thảo tâm, 30 pictures",3,2026-04-30,218200.0,7.0,111,-8.0,0
120,spotify:track:66v7AvDs5gZfmkJgFMMtHL,"Công Dương, Nguyễn Lâm Thảo Tâm, 30 Pictures",A Little Dream Of Me,+84 Vietnam New Wave,22,119,8,218200,2026-04-30,False,-1.0,Khác,"a little dream of me - công dương, nguyễn lâm thảo tâm, 30 pictures",4,2026-05-07,251327.0,7.0,119,-1.0,0
89,spotify:track:66v7AvDs5gZfmkJgFMMtHL,"Công Dương, Nguyễn Lâm Thảo Tâm, 30 Pictures",A Little Dream Of Me,+84 Vietnam New Wave,22,120,9,251327,2026-05-07,False,31.0,Khác,"a little dream of me - công dương, nguyễn lâm thảo tâm, 30 pictures",5,2026-05-14,269121.0,7.0,120,31.0,0
76,spotify:track:66v7AvDs5gZfmkJgFMMtHL,"Công Dương, Nguyễn Lâm Thảo Tâm, 30 Pictures",A Little Dream Of Me,+84 Vietnam New Wave,22,89,10,269121,2026-05-14,False,13.0,Khác,"a little dream of me - công dương, nguyễn lâm thảo tâm, 30 pictures",6,2026-05-21,274502.0,7.0,89,13.0,0
70,spotify:track:66v7AvDs5gZfmkJgFMMtHL,"Công Dương, Nguyễn Lâm Thảo Tâm, 30 Pictures",A Little Dream Of Me,+84 Vietnam New Wave,22,76,11,274502,2026-05-21,False,6.0,Khác,"a little dream of me - công dương, nguyễn lâm thảo tâm, 30 pictures",7,2026-05-28,282259.0,7.0,76,6.0,0
63,spotify:track:66v7AvDs5gZfmkJgFMMtHL,"Công Dương, Nguyễn Lâm Thảo Tâm, 30 Pictures",A Little Dream Of Me,+84 Vietnam New Wave,22,70,12,282259,2026-05-28,False,7.0,Khác,"a little dream of me - công dương, nguyễn lâm thảo tâm, 30 pictures",8,2026-06-04,282422.0,7.0,70,7.0,0
72,spotify:track:66v7AvDs5gZfmkJgFMMtHL,"Công Dương, Nguyễn Lâm Thảo Tâm, 30 Pictures",A Little Dream Of Me,+84 Vietnam New Wave,22,63,13,282422,2026-06-04,False,-9.0,Khác,"a little dream of me - công dương, nguyễn lâm thảo tâm, 30 pictures",9,2026-06-11,272485.0,7.0,63,-9.0,0
1,spotify:track:68lbSrXDORS51pmyjZv712,BTS,SWIM,BIGHIT MUSIC,1,1,3,2619216,2026-04-09,False,0.0,Pop,swim - bts,1,2026-04-16,2155894.0,7.0,1,0.0,0
2,spotify:track:68lbSrXDORS51pmyjZv712,BTS,SWIM,BIGHIT MUSIC,1,1,4,2155894,2026-04-16,False,-1.0,Pop,swim - bts,2,2026-04-23,2411551.0,7.0,1,-1.0,0
2,spotify:track:68lbSrXDORS51pmyjZv712,BTS,SWIM,BIGHIT MUSIC,1,2,5,2411551,2026-04-23,False,0.0,Pop,swim - bts,3,2026-04-30,2029617.0,7.0,2,0.0,0
2,spotify:track:68lbSrXDORS51pmyjZv712,BTS,SWIM,BIGHIT MUSIC,1,2,6,2029617,2026-04-30,False,0.0,Pop,swim - bts,4,2026-05-07,1949416.0,7.0,2,0.0,0
2,spotify:track:68lbSrXDORS51pmyjZv712,BTS,SWIM,BIGHIT MUSIC,1,2,7,1949416,2026-05-07,False,0.0,Pop,swim - bts,5,2026-05-14,2099028.0,7.0,2,0.0,0
2,spotify:track:68lbSrXDORS51pmyjZv712,BTS,SWIM,BIGHIT MUSIC,1,2,8,2099028,2026-05-14,False,0.0,Pop,swim - bts,6,2026-05-21,1875162.0,7.0,2,0.0,0
2,spotify:track:68lbSrXDORS51pmyjZv712,BTS,SWIM,BIGHIT MUSIC,1,2,9,1875162,2026-05-21,False,0.0,Pop,swim - bts,7,2026-05-28,1723176.0,7.0,2,0.0,0
2,spotify:track:68lbSrXDORS51pmyjZv712,BTS,SWIM,BIGHIT MUSIC,1,2,10,1723176,2026-05-28,False,0.0,Pop,swim - bts,8,2026-06-04,1928776.0,7.0,2,0.0,0
3,spotify:track:68lbSrXDORS51pmyjZv712,BTS,SWIM,BIGHIT MUSIC,1,2,11,1928776,2026-06-04,False,-1.0,Pop,swim - bts,9,2026-06-11,1511906.0,7.0,2,-1.0,0
184,spotify:track:6CygbhaDoDGTlRq8LiEwpt,Binz,Hững Hờ,SS LABEL,184,-1,1,161995,2026-05-28,True,,R&B/Soul,hững hờ - binz,8,2026-06-04,316484.0,7.0,201,0.0,1
56,spotify:track:6CygbhaDoDGTlRq8LiEwpt,Binz,Hững Hờ,SS LABEL,56,184,2,316484,2026-06-04,False,128.0,R&B/Soul,hững hờ - binz,9,2026-06-11,241064.0,7.0,184,128.0,0
111,spotify:track:6D94p9ASguBcYlDC0o56vx,HIEUTHUHAI,NOLOVENOLIFE,M Music Records,24,124,130,233369,2026-04-09,False,13.0,Rap/Hip-hop,nolovenolife - hieuthuhai,1,2026-04-16,232866.0,7.0,124,13.0,0
105,spotify:track:6D94p9ASguBcYlDC0o56vx,HIEUTHUHAI,NOLOVENOLIFE,M Music Records,24,111,131,232866,2026-04-16,False,6.0,Rap/Hip-hop,nolovenolife - hieuthuhai,2,2026-04-23,216792.0,7.0,111,6.0,0
125,spotify:track:6D94p9ASguBcYlDC0o56vx,HIEUTHUHAI,NOLOVENOLIFE,M Music Records,24,105,132,216792,2026-04-23,False,-20.0,Rap/Hip-hop,nolovenolife - hieuthuhai,3,2026-04-30,228791.0,7.0,105,-20.0,0
111,spotify:track:6D94p9ASguBcYlDC0o56vx,HIEUTHUHAI,NOLOVENOLIFE,M Music Records,24,125,133,228791,2026-04-30,False,14.0,Rap/Hip-hop,nolovenolife - hieuthuhai,4,2026-05-07,228255.0,7.0,125,14.0,0
110,spotify:track:6D94p9ASguBcYlDC0o56vx,HIEUTHUHAI,NOLOVENOLIFE,M Music Records,24,111,134,228255,2026-05-07,False,1.0,Rap/Hip-hop,nolovenolife - hieuthuhai,5,2026-05-14,201377.0,7.0,111,1.0,0
136,spotify:track:6D94p9ASguBcYlDC0o56vx,HIEUTHUHAI,NOLOVENOLIFE,M Music Records,24,110,135,201377,2026-05-14,False,-26.0,Rap/Hip-hop,nolovenolife - hieuthuhai,6,2026-05-21,187199.0,7.0,110,-26.0,0
159,spotify:track:6D94p9ASguBcYlDC0o56vx,HIEUTHUHAI,NOLOVENOLIFE,M Music Records,24,136,136,187199,2026-05-21,False,-23.0,Rap/Hip-hop,nolovenolife - hieuthuhai,7,2026-05-28,190390.0,7.0,136,-23.0,0
135,spotify:track:6D94p9ASguBcYlDC0o56vx,HIEUTHUHAI,NOLOVENOLIFE,M Music Records,24,159,137,190390,2026-05-28,False,24.0,Rap/Hip-hop,nolovenolife - hieuthuhai,8,2026-06-04,164153.0,7.0,159,24.0,0
190,spotify:track:6D94p9ASguBcYlDC0o56vx,HIEUTHUHAI,NOLOVENOLIFE,M Music Records,24,135,138,164153,2026-06-04,False,-55.0,Rap/Hip-hop,nolovenolife - hieuthuhai,9,2026-06-11,190083.0,7.0,135,-55.0,0
117,spotify:track:6E3P4uOfKHYXJLK6Q3s0Tj,"JustaTee, Binz",Cơn Mưa Cuối,NGUYEN THANH TUAN,86,122,23,224060,2026-04-09,False,5.0,Rap/Hip-hop,"cơn mưa cuối - justatee, binz",1,2026-04-16,211276.0,7.0,122,5.0,0
125,spotify:track:6E3P4uOfKHYXJLK6Q3s0Tj,"JustaTee, Binz",Cơn Mưa Cuối,NGUYEN THANH TUAN,86,117,24,211276,2026-04-16,False,-8.0,Rap/Hip-hop,"cơn mưa cuối - justatee, binz",2,2026-04-23,242791.0,7.0,117,-8.0,0
95,spotify:track:6E3P4uOfKHYXJLK6Q3s0Tj,"JustaTee, Binz",Cơn Mưa Cuối,NGUYEN THANH TUAN,86,125,25,242791,2026-04-23,False,30.0,Rap/Hip-hop,"cơn mưa cuối - justatee, binz",3,2026-04-30,233626.0,7.0,125,30.0,0
106,spotify:track:6E3P4uOfKHYXJLK6Q3s0Tj,"JustaTee, Binz",Cơn Mưa Cuối,NGUYEN THANH TUAN,86,95,26,233626,2026-04-30,False,-11.0,Rap/Hip-hop,"cơn mưa cuối - justatee, binz",4,2026-05-07,219536.0,7.0,95,-11.0,0
118,spotify:track:6E3P4uOfKHYXJLK6Q3s0Tj,"JustaTee, Binz",Cơn Mưa Cuối,NGUYEN THANH TUAN,86,106,27,219536,2026-05-07,False,-12.0,Rap/Hip-hop,"cơn mưa cuối - justatee, binz",5,2026-05-14,212894.0,7.0,106,-12.0,0
123,spotify:track:6E3P4uOfKHYXJLK6Q3s0Tj,"JustaTee, Binz",Cơn Mưa Cuối,NGUYEN THANH TUAN,86,118,28,212894,2026-05-14,False,-5.0,Rap/Hip-hop,"cơn mưa cuối - justatee, binz",6,2026-05-21,208469.0,7.0,118,-5.0,0
126,spotify:track:6E3P4uOfKHYXJLK6Q3s0Tj,"JustaTee, Binz",Cơn Mưa Cuối,NGUYEN THANH TUAN,86,123,29,208469,2026-05-21,False,-3.0,Rap/Hip-hop,"cơn mưa cuối - justatee, binz",7,2026-05-28,226075.0,7.0,123,-3.0,0
105,spotify:track:6E3P4uOfKHYXJLK6Q3s0Tj,"JustaTee, Binz",Cơn Mưa Cuối,NGUYEN THANH TUAN,86,126,30,226075,2026-05-28,False,21.0,Rap/Hip-hop,"cơn mưa cuối - justatee, binz",8,2026-06-04,252082.0,7.0,126,21.0,0
87,spotify:track:6E3P4uOfKHYXJLK6Q3s0Tj,"JustaTee, Binz",Cơn Mưa Cuối,NGUYEN THANH TUAN,86,105,31,252082,2026-06-04,False,18.0,Rap/Hip-hop,"cơn mưa cuối - justatee, binz",9,2026-06-11,222682.0,7.0,105,18.0,0
10,spotify:track:6GM4ZOBDcDroldUxI8GZ2B,"VSTRA, Tyronee",Ai Ngoài Anh,CDSL,2,9,14,647102,2026-04-09,False,-1.0,R&B/Soul,"ai ngoài anh - vstra, tyronee",1,2026-04-16,646015.0,7.0,9,-1.0,0
11,spotify:track:6GM4ZOBDcDroldUxI8GZ2B,"VSTRA, Tyronee",Ai Ngoài Anh,CDSL,2,10,15,646015,2026-04-16,False,-1.0,R&B/Soul,"ai ngoài anh - vstra, tyronee",2,2026-04-23,633778.0,7.0,10,-1.0,0
13,spotify:track:6GM4ZOBDcDroldUxI8GZ2B,"VSTRA, Tyronee",Ai Ngoài Anh,CDSL,2,11,16,633778,2026-04-23,False,-2.0,R&B/Soul,"ai ngoài anh - vstra, tyronee",3,2026-04-30,533154.0,7.0,11,-2.0,0
14,spotify:track:6GM4ZOBDcDroldUxI8GZ2B,"VSTRA, Tyronee",Ai Ngoài Anh,CDSL,2,13,17,533154,2026-04-30,False,-1.0,R&B/Soul,"ai ngoài anh - vstra, tyronee",4,2026-05-07,475719.0,7.0,13,-1.0,0
18,spotify:track:6GM4ZOBDcDroldUxI8GZ2B,"VSTRA, Tyronee",Ai Ngoài Anh,CDSL,2,14,18,475719,2026-05-07,False,-4.0,R&B/Soul,"ai ngoài anh - vstra, tyronee",5,2026-05-14,471463.0,7.0,14,-4.0,0
17,spotify:track:6GM4ZOBDcDroldUxI8GZ2B,"VSTRA, Tyronee",Ai Ngoài Anh,CDSL,2,18,19,471463,2026-05-14,False,1.0,R&B/Soul,"ai ngoài anh - vstra, tyronee",6,2026-05-21,451282.0,7.0,18,1.0,0
19,spotify:track:6GM4ZOBDcDroldUxI8GZ2B,"VSTRA, Tyronee",Ai Ngoài Anh,CDSL,2,17,20,451282,2026-05-21,False,-2.0,R&B/Soul,"ai ngoài anh - vstra, tyronee",7,2026-05-28,442509.0,7.0,17,-2.0,0
21,spotify:track:6GM4ZOBDcDroldUxI8GZ2B,"VSTRA, Tyronee",Ai Ngoài Anh,CDSL,2,19,21,442509,2026-05-28,False,-2.0,R&B/Soul,"ai ngoài anh - vstra, tyronee",8,2026-06-04,413633.0,7.0,19,-2.0,0
26,spotify:track:6GM4ZOBDcDroldUxI8GZ2B,"VSTRA, Tyronee",Ai Ngoài Anh,CDSL,2,21,22,413633,2026-06-04,False,-5.0,R&B/Soul,"ai ngoài anh - vstra, tyronee",9,2026-06-11,395688.0,7.0,21,-5.0,0
116,spotify:track:6GPcbZOX4h9MWert6xWpYw,Phùng Khánh Linh,ANH LÀ THẰNG TỒI,BLACK SWAN LABEL LLC.,37,92,19,225338,2026-04-09,False,-24.0,Indie/Alternative,anh là thằng tồi - phùng khánh linh,1,2026-04-16,202792.0,7.0,92,-24.0,0
137,spotify:track:6GPcbZOX4h9MWert6xWpYw,Phùng Khánh Linh,ANH LÀ THẰNG TỒI,BLACK SWAN LABEL LLC.,37,116,20,202792,2026-04-16,False,-21.0,Indie/Alternative,anh là thằng tồi - phùng khánh linh,2,2026-04-23,197357.0,7.0,116,-21.0,0
19,spotify:track:6GUKRhIsWxA7VuZW8MKQLG,Dương Domic,Không Thời Gian,DAO Entertainment,2,15,29,515395,2026-04-09,False,-4.0,R&B/Soul,không thời gian - dương domic,1,2026-04-16,452793.0,7.0,15,-4.0,0
25,spotify:track:6GUKRhIsWxA7VuZW8MKQLG,Dương Domic,Không Thời Gian,DAO Entertainment,2,19,30,452793,2026-04-16,False,-6.0,R&B/Soul,không thời gian - dương domic,2,2026-04-23,457956.0,7.0,19,-6.0,0
24,spotify:track:6GUKRhIsWxA7VuZW8MKQLG,Dương Domic,Không Thời Gian,DAO Entertainment,2,25,31,457956,2026-04-23,False,1.0,R&B/Soul,không thời gian - dương domic,3,2026-04-30,424202.0,7.0,25,1.0,0
29,spotify:track:6GUKRhIsWxA7VuZW8MKQLG,Dương Domic,Không Thời Gian,DAO Entertainment,2,24,32,424202,2026-04-30,False,-5.0,R&B/Soul,không thời gian - dương domic,4,2026-05-07,380651.0,7.0,24,-5.0,0
35,spotify:track:6GUKRhIsWxA7VuZW8MKQLG,Dương Domic,Không Thời Gian,DAO Entertainment,2,29,33,380651,2026-05-07,False,-6.0,R&B/Soul,không thời gian - dương domic,5,2026-05-14,375449.0,7.0,29,-6.0,0
40,spotify:track:6Hs2xIgB8nzyGFDvVA8lFa,"Madihu, Low G",Có Em,NGUYEN CHI PHONG,4,39,207,371630,2026-04-09,False,-1.0,Rap/Hip-hop,"có em - madihu, low g",1,2026-04-16,353188.0,7.0,39,-1.0,0
44,spotify:track:6Hs2xIgB8nzyGFDvVA8lFa,"Madihu, Low G",Có Em,NGUYEN CHI PHONG,4,40,208,353188,2026-04-16,False,-4.0,Rap/Hip-hop,"có em - madihu, low g",2,2026-04-23,350617.0,7.0,40,-4.0,0
49,spotify:track:6Hs2xIgB8nzyGFDvVA8lFa,"Madihu, Low G",Có Em,NGUYEN CHI PHONG,4,44,209,350617,2026-04-23,False,-5.0,Rap/Hip-hop,"có em - madihu, low g",3,2026-04-30,333266.0,7.0,44,-5.0,0
54,spotify:track:6Hs2xIgB8nzyGFDvVA8lFa,"Madihu, Low G",Có Em,NGUYEN CHI PHONG,4,49,210,333266,2026-04-30,False,-5.0,Rap/Hip-hop,"có em - madihu, low g",4,2026-05-07,336618.0,7.0,49,-5.0,0
44,spotify:track:6Hs2xIgB8nzyGFDvVA8lFa,"Madihu, Low G",Có Em,NGUYEN CHI PHONG,4,54,211,336618,2026-05-07,False,10.0,Rap/Hip-hop,"có em - madihu, low g",5,2026-05-14,356766.0,7.0,54,10.0,0
38,spotify:track:6Hs2xIgB8nzyGFDvVA8lFa,"Madihu, Low G",Có Em,NGUYEN CHI PHONG,4,44,212,356766,2026-05-14,False,6.0,Rap/Hip-hop,"có em - madihu, low g",6,2026-05-21,358948.0,7.0,44,6.0,0
38,spotify:track:6Hs2xIgB8nzyGFDvVA8lFa,"Madihu, Low G",Có Em,NGUYEN CHI PHONG,4,38,213,358948,2026-05-21,False,0.0,Rap/Hip-hop,"có em - madihu, low g",7,2026-05-28,344429.0,7.0,38,0.0,0
44,spotify:track:6Hs2xIgB8nzyGFDvVA8lFa,"Madihu, Low G",Có Em,NGUYEN CHI PHONG,4,38,214,344429,2026-05-28,False,-6.0,Rap/Hip-hop,"có em - madihu, low g",8,2026-06-04,353741.0,7.0,38,-6.0,0
46,spotify:track:6Hs2xIgB8nzyGFDvVA8lFa,"Madihu, Low G",Có Em,NGUYEN CHI PHONG,4,44,215,353741,2026-06-04,False,-2.0,Rap/Hip-hop,"có em - madihu, low g",9,2026-06-11,353333.0,7.0,44,-2.0,0
39,spotify:track:6IxPiUQI4Cd0mL0pBIOjAg,HIEUTHUHAI,Hết Yêu,M Music Records,39,-1,1,391235,2026-04-30,True,,R&B/Soul,hết yêu - hieuthuhai,4,2026-05-07,324556.0,7.0,201,0.0,1
52,spotify:track:6IxPiUQI4Cd0mL0pBIOjAg,HIEUTHUHAI,Hết Yêu,M Music Records,39,39,2,324556,2026-05-07,False,-13.0,R&B/Soul,hết yêu - hieuthuhai,5,2026-05-14,254950.0,7.0,39,-13.0,0
85,spotify:track:6IxPiUQI4Cd0mL0pBIOjAg,HIEUTHUHAI,Hết Yêu,M Music Records,39,52,3,254950,2026-05-14,False,-33.0,R&B/Soul,hết yêu - hieuthuhai,6,2026-05-21,199702.0,7.0,52,-33.0,0
138,spotify:track:6IxPiUQI4Cd0mL0pBIOjAg,HIEUTHUHAI,Hết Yêu,M Music Records,39,85,4,199702,2026-05-21,False,-53.0,R&B/Soul,hết yêu - hieuthuhai,7,2026-05-28,155384.0,7.0,85,-53.0,0
169,spotify:track:6KIhgRkprgyJNERRMu7Quh,MIN,Có Em Chờ,MIN,117,-1,49,188651,2026-04-09,True,,Pop,có em chờ - min,1,2026-04-16,190741.0,7.0,201,0.0,1
151,spotify:track:6KIhgRkprgyJNERRMu7Quh,MIN,Có Em Chờ,MIN,117,169,50,190741,2026-04-16,False,18.0,Pop,có em chờ - min,2,2026-04-23,202232.0,7.0,169,18.0,0
169,spotify:track:6KIhgRkprgyJNERRMu7Quh,MIN,Có Em Chờ,MIN,117,-1,52,177254,2026-05-07,True,,Pop,có em chờ - min,5,2026-05-14,171404.0,7.0,201,0.0,1
176,spotify:track:6KIhgRkprgyJNERRMu7Quh,MIN,Có Em Chờ,MIN,117,169,53,171404,2026-05-14,False,-7.0,Pop,có em chờ - min,6,2026-05-21,202367.0,7.0,169,-7.0,0
133,spotify:track:6KIhgRkprgyJNERRMu7Quh,MIN,Có Em Chờ,MIN,117,176,54,202367,2026-05-21,False,43.0,Pop,có em chờ - min,7,2026-05-28,199041.0,7.0,176,43.0,0
128,spotify:track:6KIhgRkprgyJNERRMu7Quh,MIN,Có Em Chờ,MIN,117,133,55,199041,2026-05-28,False,5.0,Pop,có em chờ - min,8,2026-06-04,197936.0,7.0,133,5.0,0
137,spotify:track:6KIhgRkprgyJNERRMu7Quh,MIN,Có Em Chờ,MIN,117,128,56,197936,2026-06-04,False,-9.0,Pop,có em chờ - min,9,2026-06-11,179980.0,7.0,128,-9.0,0
135,spotify:track:6OWWZtNQORY1McaZmOrwhc,CORTIS,GO!,Republic Records – CORTIS,107,-1,22,208744,2026-04-23,True,,Pop,go! - cortis,3,2026-04-30,261482.0,7.0,201,0.0,1
87,spotify:track:6OWWZtNQORY1McaZmOrwhc,CORTIS,GO!,Republic Records – CORTIS,87,135,23,261482,2026-04-30,False,48.0,Pop,go! - cortis,4,2026-05-07,262439.0,7.0,135,48.0,0
82,spotify:track:6OWWZtNQORY1McaZmOrwhc,CORTIS,GO!,Republic Records – CORTIS,82,87,24,262439,2026-05-07,False,5.0,Pop,go! - cortis,5,2026-05-14,230539.0,7.0,87,5.0,0
107,spotify:track:6OWWZtNQORY1McaZmOrwhc,CORTIS,GO!,Republic Records – CORTIS,82,82,25,230539,2026-05-14,False,-25.0,Pop,go! - cortis,6,2026-05-21,218475.0,7.0,82,-25.0,0
113,spotify:track:6OWWZtNQORY1McaZmOrwhc,CORTIS,GO!,Republic Records – CORTIS,82,107,26,218475,2026-05-21,False,-6.0,Pop,go! - cortis,7,2026-05-28,183094.0,7.0,107,-6.0,0
147,spotify:track:6OWWZtNQORY1McaZmOrwhc,CORTIS,GO!,Republic Records – CORTIS,82,113,27,183094,2026-05-28,False,-34.0,Pop,go! - cortis,8,2026-06-04,176344.0,7.0,113,-34.0,0
167,spotify:track:6OWWZtNQORY1McaZmOrwhc,CORTIS,GO!,Republic Records – CORTIS,82,147,28,176344,2026-06-04,False,-20.0,Pop,go! - cortis,9,2026-06-11,182134.0,7.0,147,-20.0,0
89,spotify:track:6Q2oEdOhRjZ1DTv2a7j0lN,"PC, Dick, tofutns",Ghé Qua,12 trái lê,61,96,290,253950,2026-04-09,False,7.0,Rap/Hip-hop,"ghé qua - pc, dick, tofutns",1,2026-04-16,257165.0,7.0,96,7.0,0
80,spotify:track:6Q2oEdOhRjZ1DTv2a7j0lN,"PC, Dick, tofutns",Ghé Qua,12 trái lê,61,89,291,257165,2026-04-16,False,9.0,Rap/Hip-hop,"ghé qua - pc, dick, tofutns",2,2026-04-23,270852.0,7.0,89,9.0,0
81,spotify:track:6Q2oEdOhRjZ1DTv2a7j0lN,"PC, Dick, tofutns",Ghé Qua,12 trái lê,61,80,292,270852,2026-04-23,False,-1.0,Rap/Hip-hop,"ghé qua - pc, dick, tofutns",3,2026-04-30,258924.0,7.0,80,-1.0,0
89,spotify:track:6Q2oEdOhRjZ1DTv2a7j0lN,"PC, Dick, tofutns",Ghé Qua,12 trái lê,61,81,293,258924,2026-04-30,False,-8.0,Rap/Hip-hop,"ghé qua - pc, dick, tofutns",4,2026-05-07,239322.0,7.0,81,-8.0,0
102,spotify:track:6Q2oEdOhRjZ1DTv2a7j0lN,"PC, Dick, tofutns",Ghé Qua,12 trái lê,61,89,294,239322,2026-05-07,False,-13.0,Rap/Hip-hop,"ghé qua - pc, dick, tofutns",5,2026-05-14,226766.0,7.0,89,-13.0,0
111,spotify:track:6Q2oEdOhRjZ1DTv2a7j0lN,"PC, Dick, tofutns",Ghé Qua,12 trái lê,61,102,295,226766,2026-05-14,False,-9.0,Rap/Hip-hop,"ghé qua - pc, dick, tofutns",6,2026-05-21,249658.0,7.0,102,-9.0,0
88,spotify:track:6Q2oEdOhRjZ1DTv2a7j0lN,"PC, Dick, tofutns",Ghé Qua,12 trái lê,61,111,296,249658,2026-05-21,False,23.0,Rap/Hip-hop,"ghé qua - pc, dick, tofutns",7,2026-05-28,240522.0,7.0,111,23.0,0
91,spotify:track:6Q2oEdOhRjZ1DTv2a7j0lN,"PC, Dick, tofutns",Ghé Qua,12 trái lê,61,88,297,240522,2026-05-28,False,-3.0,Rap/Hip-hop,"ghé qua - pc, dick, tofutns",8,2026-06-04,218183.0,7.0,88,-3.0,0
116,spotify:track:6Q2oEdOhRjZ1DTv2a7j0lN,"PC, Dick, tofutns",Ghé Qua,12 trái lê,61,91,298,218183,2026-06-04,False,-25.0,Rap/Hip-hop,"ghé qua - pc, dick, tofutns",9,2026-06-11,213822.0,7.0,91,-25.0,0
86,spotify:track:6QFCMUUq1T2Vf5sFUXcuQ7,"Justin Bieber, Nicki Minaj",Beauty And A Beat,RBMG/Def Jam,86,-1,1,253743,2026-04-16,True,,EDM/Dance,"beauty and a beat - justin bieber, nicki minaj",2,2026-04-23,644073.0,7.0,201,0.0,1
9,spotify:track:6QFCMUUq1T2Vf5sFUXcuQ7,"Justin Bieber, Nicki Minaj",Beauty And A Beat,RBMG/Def Jam,9,86,2,644073,2026-04-23,False,77.0,EDM/Dance,"beauty and a beat - justin bieber, nicki minaj",3,2026-04-30,677776.0,7.0,86,77.0,0
9,spotify:track:6QFCMUUq1T2Vf5sFUXcuQ7,"Justin Bieber, Nicki Minaj",Beauty And A Beat,RBMG/Def Jam,9,9,3,677776,2026-04-30,False,0.0,EDM/Dance,"beauty and a beat - justin bieber, nicki minaj",4,2026-05-07,553211.0,7.0,9,0.0,0
12,spotify:track:6QFCMUUq1T2Vf5sFUXcuQ7,"Justin Bieber, Nicki Minaj",Beauty And A Beat,RBMG/Def Jam,9,9,4,553211,2026-05-07,False,-3.0,EDM/Dance,"beauty and a beat - justin bieber, nicki minaj",5,2026-05-14,475448.0,7.0,9,-3.0,0
15,spotify:track:6QFCMUUq1T2Vf5sFUXcuQ7,"Justin Bieber, Nicki Minaj",Beauty And A Beat,RBMG/Def Jam,9,12,5,475448,2026-05-14,False,-3.0,EDM/Dance,"beauty and a beat - justin bieber, nicki minaj",6,2026-05-21,415607.0,7.0,12,-3.0,0
24,spotify:track:6QFCMUUq1T2Vf5sFUXcuQ7,"Justin Bieber, Nicki Minaj",Beauty And A Beat,RBMG/Def Jam,9,15,6,415607,2026-05-21,False,-9.0,EDM/Dance,"beauty and a beat - justin bieber, nicki minaj",7,2026-05-28,357546.0,7.0,15,-9.0,0
39,spotify:track:6QFCMUUq1T2Vf5sFUXcuQ7,"Justin Bieber, Nicki Minaj",Beauty And A Beat,RBMG/Def Jam,9,24,7,357546,2026-05-28,False,-15.0,EDM/Dance,"beauty and a beat - justin bieber, nicki minaj",8,2026-06-04,313369.0,7.0,24,-15.0,0
57,spotify:track:6QFCMUUq1T2Vf5sFUXcuQ7,"Justin Bieber, Nicki Minaj",Beauty And A Beat,RBMG/Def Jam,9,39,8,313369,2026-06-04,False,-18.0,EDM/Dance,"beauty and a beat - justin bieber, nicki minaj",9,2026-06-11,291551.0,7.0,39,-18.0,0
11,spotify:track:6Qwl74olNi1rl65FNxG5We,"marzuz, Changg",Và Thế Giới Đã Mất Đi Một Người Cô Đơn,Universal Music Indochina,9,14,20,638564,2026-04-09,False,3.0,Ballad,"và thế giới đã mất đi một người cô đơn - marzuz, changg",1,2026-04-16,691445.0,7.0,14,3.0,0
9,spotify:track:6Qwl74olNi1rl65FNxG5We,"marzuz, Changg",Và Thế Giới Đã Mất Đi Một Người Cô Đơn,Universal Music Indochina,9,11,21,691445,2026-04-16,False,2.0,Ballad,"và thế giới đã mất đi một người cô đơn - marzuz, changg",2,2026-04-23,700850.0,7.0,11,2.0,0
8,spotify:track:6Qwl74olNi1rl65FNxG5We,"marzuz, Changg",Và Thế Giới Đã Mất Đi Một Người Cô Đơn,Universal Music Indochina,8,9,22,700850,2026-04-23,False,1.0,Ballad,"và thế giới đã mất đi một người cô đơn - marzuz, changg",3,2026-04-30,684260.0,7.0,9,1.0,0
7,spotify:track:6Qwl74olNi1rl65FNxG5We,"marzuz, Changg",Và Thế Giới Đã Mất Đi Một Người Cô Đơn,Universal Music Indochina,7,8,23,684260,2026-04-30,False,1.0,Ballad,"và thế giới đã mất đi một người cô đơn - marzuz, changg",4,2026-05-07,695014.0,7.0,8,1.0,0
7,spotify:track:6Qwl74olNi1rl65FNxG5We,"marzuz, Changg",Và Thế Giới Đã Mất Đi Một Người Cô Đơn,Universal Music Indochina,7,7,24,695014,2026-05-07,False,0.0,Ballad,"và thế giới đã mất đi một người cô đơn - marzuz, changg",5,2026-05-14,602143.0,7.0,7,0.0,0
10,spotify:track:6Qwl74olNi1rl65FNxG5We,"marzuz, Changg",Và Thế Giới Đã Mất Đi Một Người Cô Đơn,Universal Music Indochina,7,7,25,602143,2026-05-14,False,-3.0,Ballad,"và thế giới đã mất đi một người cô đơn - marzuz, changg",6,2026-05-21,561327.0,7.0,7,-3.0,0
11,spotify:track:6Qwl74olNi1rl65FNxG5We,"marzuz, Changg",Và Thế Giới Đã Mất Đi Một Người Cô Đơn,Universal Music Indochina,7,10,26,561327,2026-05-21,False,-1.0,Ballad,"và thế giới đã mất đi một người cô đơn - marzuz, changg",7,2026-05-28,525474.0,7.0,10,-1.0,0
12,spotify:track:6Qwl74olNi1rl65FNxG5We,"marzuz, Changg",Và Thế Giới Đã Mất Đi Một Người Cô Đơn,Universal Music Indochina,7,11,27,525474,2026-05-28,False,-1.0,Ballad,"và thế giới đã mất đi một người cô đơn - marzuz, changg",8,2026-06-04,569356.0,7.0,11,-1.0,0
13,spotify:track:6Qwl74olNi1rl65FNxG5We,"marzuz, Changg",Và Thế Giới Đã Mất Đi Một Người Cô Đơn,Universal Music Indochina,7,12,28,569356,2026-06-04,False,-1.0,Ballad,"và thế giới đã mất đi một người cô đơn - marzuz, changg",9,2026-06-11,601692.0,7.0,12,-1.0,0
129,spotify:track:6T17ZI0glfM2IGLdUwtnLK,CORTIS,JoyRide,Republic Records – CORTIS,129,-1,1,213331,2026-04-30,True,,Pop,joyride - cortis,4,2026-05-07,197828.0,7.0,201,0.0,1
142,spotify:track:6T17ZI0glfM2IGLdUwtnLK,CORTIS,JoyRide,Republic Records – CORTIS,129,129,2,197828,2026-05-07,False,-13.0,Pop,joyride - cortis,5,2026-05-14,169723.0,7.0,129,-13.0,0
93,spotify:track:6TGwaBlfUGVoeZMBLzvXGP,"Dangrangto, DONAL",thế giới của anh,Higher Dimension,50,132,10,246116,2026-04-09,False,39.0,Indie/Alternative,"thế giới của anh - dangrangto, donal",1,2026-04-16,207295.0,7.0,132,39.0,0
129,spotify:track:6TGwaBlfUGVoeZMBLzvXGP,"Dangrangto, DONAL",thế giới của anh,Higher Dimension,50,93,11,207295,2026-04-16,False,-36.0,Indie/Alternative,"thế giới của anh - dangrangto, donal",2,2026-04-23,201544.0,7.0,93,-36.0,0
146,spotify:track:6TGwaBlfUGVoeZMBLzvXGP,"Dangrangto, DONAL",thế giới của anh,Higher Dimension,50,129,12,201544,2026-04-23,False,-17.0,Indie/Alternative,"thế giới của anh - dangrangto, donal",3,2026-04-30,208323.0,7.0,129,-17.0,0
134,spotify:track:6TGwaBlfUGVoeZMBLzvXGP,"Dangrangto, DONAL",thế giới của anh,Higher Dimension,50,146,13,208323,2026-04-30,False,12.0,Indie/Alternative,"thế giới của anh - dangrangto, donal",4,2026-05-07,209331.0,7.0,146,12.0,0
127,spotify:track:6TGwaBlfUGVoeZMBLzvXGP,"Dangrangto, DONAL",thế giới của anh,Higher Dimension,50,134,14,209331,2026-05-07,False,7.0,Indie/Alternative,"thế giới của anh - dangrangto, donal",5,2026-05-14,195738.0,7.0,134,7.0,0
143,spotify:track:6TGwaBlfUGVoeZMBLzvXGP,"Dangrangto, DONAL",thế giới của anh,Higher Dimension,50,127,15,195738,2026-05-14,False,-16.0,Indie/Alternative,"thế giới của anh - dangrangto, donal",6,2026-05-21,197409.0,7.0,127,-16.0,0
139,spotify:track:6TGwaBlfUGVoeZMBLzvXGP,"Dangrangto, DONAL",thế giới của anh,Higher Dimension,50,143,16,197409,2026-05-21,False,4.0,Indie/Alternative,"thế giới của anh - dangrangto, donal",7,2026-05-28,182174.0,7.0,143,4.0,0
149,spotify:track:6TGwaBlfUGVoeZMBLzvXGP,"Dangrangto, DONAL",thế giới của anh,Higher Dimension,50,139,17,182174,2026-05-28,False,-10.0,Indie/Alternative,"thế giới của anh - dangrangto, donal",8,2026-06-04,178653.0,7.0,139,-10.0,0
161,spotify:track:6TGwaBlfUGVoeZMBLzvXGP,"Dangrangto, DONAL",thế giới của anh,Higher Dimension,50,149,18,178653,2026-06-04,False,-12.0,Indie/Alternative,"thế giới của anh - dangrangto, donal",9,2026-06-11,185977.0,7.0,149,-12.0,0
184,spotify:track:6UFvSmKzCZ16fxsybf4PhE,"Nguyễn Trọng Tài, Don Raemo, Double X",HONGKONG1,T2B Media,177,-1,7,176237,2026-04-09,True,,Indie/Alternative,"hongkong1 - nguyễn trọng tài, don raemo, double x",1,2026-04-16,165657.0,7.0,201,0.0,1
189,spotify:track:6UFvSmKzCZ16fxsybf4PhE,"Nguyễn Trọng Tài, Don Raemo, Double X",HONGKONG1,T2B Media,177,-1,9,171702,2026-04-30,True,,Indie/Alternative,"hongkong1 - nguyễn trọng tài, don raemo, double x",4,2026-05-07,168603.0,7.0,201,0.0,1
183,spotify:track:6UFvSmKzCZ16fxsybf4PhE,"Nguyễn Trọng Tài, Don Raemo, Double X",HONGKONG1,T2B Media,177,189,10,168603,2026-05-07,False,6.0,Indie/Alternative,"hongkong1 - nguyễn trọng tài, don raemo, double x",5,2026-05-14,189809.0,7.0,189,6.0,0
150,spotify:track:6UFvSmKzCZ16fxsybf4PhE,"Nguyễn Trọng Tài, Don Raemo, Double X",HONGKONG1,T2B Media,150,183,11,189809,2026-05-14,False,33.0,Indie/Alternative,"hongkong1 - nguyễn trọng tài, don raemo, double x",6,2026-05-21,164699.0,7.0,183,33.0,0
185,spotify:track:6UFvSmKzCZ16fxsybf4PhE,"Nguyễn Trọng Tài, Don Raemo, Double X",HONGKONG1,T2B Media,150,150,12,164699,2026-05-21,False,-35.0,Indie/Alternative,"hongkong1 - nguyễn trọng tài, don raemo, double x",7,2026-05-28,181986.0,7.0,150,-35.0,0
127,spotify:track:6UO9nrihAk6sFGvVHDVTz8,"马也_Crabbit, Cole先生",海屿你,网易飓风,127,-1,1,204438,2026-06-04,True,,Pop,"海屿你 - 马也_crabbit, cole先生",9,2026-06-11,247443.0,7.0,201,0.0,1
50,spotify:track:6VXVYATpQXEIoZ97NnWCmn,"Madihu, Vũ.",Vì Anh Đâu Có Biết,WM Vietnam,2,47,192,333697,2026-04-09,False,-3.0,Ballad,"vì anh đâu có biết - madihu, vũ.",1,2026-04-16,328177.0,7.0,47,-3.0,0
53,spotify:track:6VXVYATpQXEIoZ97NnWCmn,"Madihu, Vũ.",Vì Anh Đâu Có Biết,WM Vietnam,2,50,193,328177,2026-04-16,False,-3.0,Ballad,"vì anh đâu có biết - madihu, vũ.",2,2026-04-23,322911.0,7.0,50,-3.0,0
62,spotify:track:6VXVYATpQXEIoZ97NnWCmn,"Madihu, Vũ.",Vì Anh Đâu Có Biết,WM Vietnam,2,53,194,322911,2026-04-23,False,-9.0,Ballad,"vì anh đâu có biết - madihu, vũ.",3,2026-04-30,329050.0,7.0,53,-9.0,0
56,spotify:track:6VXVYATpQXEIoZ97NnWCmn,"Madihu, Vũ.",Vì Anh Đâu Có Biết,WM Vietnam,2,62,195,329050,2026-04-30,False,6.0,Ballad,"vì anh đâu có biết - madihu, vũ.",4,2026-05-07,297623.0,7.0,62,6.0,0
63,spotify:track:6VXVYATpQXEIoZ97NnWCmn,"Madihu, Vũ.",Vì Anh Đâu Có Biết,WM Vietnam,2,56,196,297623,2026-05-07,False,-7.0,Ballad,"vì anh đâu có biết - madihu, vũ.",5,2026-05-14,334086.0,7.0,56,-7.0,0
48,spotify:track:6VXVYATpQXEIoZ97NnWCmn,"Madihu, Vũ.",Vì Anh Đâu Có Biết,WM Vietnam,2,63,197,334086,2026-05-14,False,15.0,Ballad,"vì anh đâu có biết - madihu, vũ.",6,2026-05-21,329916.0,7.0,63,15.0,0
47,spotify:track:6VXVYATpQXEIoZ97NnWCmn,"Madihu, Vũ.",Vì Anh Đâu Có Biết,WM Vietnam,2,48,198,329916,2026-05-21,False,1.0,Ballad,"vì anh đâu có biết - madihu, vũ.",7,2026-05-28,366455.0,7.0,48,1.0,0
38,spotify:track:6VXVYATpQXEIoZ97NnWCmn,"Madihu, Vũ.",Vì Anh Đâu Có Biết,WM Vietnam,2,47,199,366455,2026-05-28,False,9.0,Ballad,"vì anh đâu có biết - madihu, vũ.",8,2026-06-04,370708.0,7.0,47,9.0,0
40,spotify:track:6VXVYATpQXEIoZ97NnWCmn,"Madihu, Vũ.",Vì Anh Đâu Có Biết,WM Vietnam,2,38,200,370708,2026-06-04,False,-2.0,Ballad,"vì anh đâu có biết - madihu, vũ.",9,2026-06-11,343983.0,7.0,38,-2.0,0
32,spotify:track:6Zoi4ue74UdUeYmHXItXnf,"B Ray, V#",Vùng An Toàn,MIXUS,3,35,40,391804,2026-04-09,False,3.0,Rap/Hip-hop,"vùng an toàn - b ray, v#",1,2026-04-16,391002.0,7.0,35,3.0,0
31,spotify:track:6Zoi4ue74UdUeYmHXItXnf,"B Ray, V#",Vùng An Toàn,MIXUS,3,32,41,391002,2026-04-16,False,1.0,Rap/Hip-hop,"vùng an toàn - b ray, v#",2,2026-04-23,386584.0,7.0,32,1.0,0
41,spotify:track:6Zoi4ue74UdUeYmHXItXnf,"B Ray, V#",Vùng An Toàn,MIXUS,3,31,42,386584,2026-04-23,False,-10.0,Rap/Hip-hop,"vùng an toàn - b ray, v#",3,2026-04-30,391164.0,7.0,31,-10.0,0
40,spotify:track:6Zoi4ue74UdUeYmHXItXnf,"B Ray, V#",Vùng An Toàn,MIXUS,3,41,43,391164,2026-04-30,False,1.0,Rap/Hip-hop,"vùng an toàn - b ray, v#",4,2026-05-07,381444.0,7.0,41,1.0,0
32,spotify:track:6Zoi4ue74UdUeYmHXItXnf,"B Ray, V#",Vùng An Toàn,MIXUS,3,40,44,381444,2026-05-07,False,8.0,Rap/Hip-hop,"vùng an toàn - b ray, v#",5,2026-05-14,406665.0,7.0,40,8.0,0
26,spotify:track:6Zoi4ue74UdUeYmHXItXnf,"B Ray, V#",Vùng An Toàn,MIXUS,3,32,45,406665,2026-05-14,False,6.0,Rap/Hip-hop,"vùng an toàn - b ray, v#",6,2026-05-21,444052.0,7.0,32,6.0,0
21,spotify:track:6Zoi4ue74UdUeYmHXItXnf,"B Ray, V#",Vùng An Toàn,MIXUS,3,26,46,444052,2026-05-21,False,5.0,Rap/Hip-hop,"vùng an toàn - b ray, v#",7,2026-05-28,464149.0,7.0,26,5.0,0
17,spotify:track:6Zoi4ue74UdUeYmHXItXnf,"B Ray, V#",Vùng An Toàn,MIXUS,3,21,47,464149,2026-05-28,False,4.0,Rap/Hip-hop,"vùng an toàn - b ray, v#",8,2026-06-04,476331.0,7.0,21,4.0,0
18,spotify:track:6Zoi4ue74UdUeYmHXItXnf,"B Ray, V#",Vùng An Toàn,MIXUS,3,17,48,476331,2026-06-04,False,-1.0,Rap/Hip-hop,"vùng an toàn - b ray, v#",9,2026-06-11,458100.0,7.0,17,-1.0,0
59,spotify:track:6ag0c7tBr3PIqPb00C2rK4,"VCT, Negav, Jey B, Ngô Kiến Huy",NGƯỜI NHƯ ANH XỨNG ĐÁNG CÔ ĐƠN - KHÔNG ĐAU NỮA RỒI,VIE NETWORK CORPORATION / ADA,45,45,6,317114,2026-04-09,False,-14.0,Rap/Hip-hop,"người như anh xứng đáng cô đơn - không đau nữa rồi - vct, negav, jey b, ngô kiến huy",1,2026-04-16,301539.0,7.0,45,-14.0,0
63,spotify:track:6ag0c7tBr3PIqPb00C2rK4,"VCT, Negav, Jey B, Ngô Kiến Huy",NGƯỜI NHƯ ANH XỨNG ĐÁNG CÔ ĐƠN - KHÔNG ĐAU NỮA RỒI,VIE NETWORK CORPORATION / ADA,45,59,7,301539,2026-04-16,False,-4.0,Rap/Hip-hop,"người như anh xứng đáng cô đơn - không đau nữa rồi - vct, negav, jey b, ngô kiến huy",2,2026-04-23,312766.0,7.0,59,-4.0,0
68,spotify:track:6ag0c7tBr3PIqPb00C2rK4,"VCT, Negav, Jey B, Ngô Kiến Huy",NGƯỜI NHƯ ANH XỨNG ĐÁNG CÔ ĐƠN - KHÔNG ĐAU NỮA RỒI,VIE NETWORK CORPORATION / ADA,45,63,8,312766,2026-04-23,False,-5.0,Rap/Hip-hop,"người như anh xứng đáng cô đơn - không đau nữa rồi - vct, negav, jey b, ngô kiến huy",3,2026-04-30,316342.0,7.0,63,-5.0,0
59,spotify:track:6ag0c7tBr3PIqPb00C2rK4,"VCT, Negav, Jey B, Ngô Kiến Huy",NGƯỜI NHƯ ANH XỨNG ĐÁNG CÔ ĐƠN - KHÔNG ĐAU NỮA RỒI,VIE NETWORK CORPORATION / ADA,45,68,9,316342,2026-04-30,False,9.0,Rap/Hip-hop,"người như anh xứng đáng cô đơn - không đau nữa rồi - vct, negav, jey b, ngô kiến huy",4,2026-05-07,306120.0,7.0,68,9.0,0
58,spotify:track:6ag0c7tBr3PIqPb00C2rK4,"VCT, Negav, Jey B, Ngô Kiến Huy",NGƯỜI NHƯ ANH XỨNG ĐÁNG CÔ ĐƠN - KHÔNG ĐAU NỮA RỒI,VIE NETWORK CORPORATION / ADA,45,59,10,306120,2026-05-07,False,1.0,Rap/Hip-hop,"người như anh xứng đáng cô đơn - không đau nữa rồi - vct, negav, jey b, ngô kiến huy",5,2026-05-14,283026.0,7.0,59,1.0,0
67,spotify:track:6ag0c7tBr3PIqPb00C2rK4,"VCT, Negav, Jey B, Ngô Kiến Huy",NGƯỜI NHƯ ANH XỨNG ĐÁNG CÔ ĐƠN - KHÔNG ĐAU NỮA RỒI,VIE NETWORK CORPORATION / ADA,45,58,11,283026,2026-05-14,False,-9.0,Rap/Hip-hop,"người như anh xứng đáng cô đơn - không đau nữa rồi - vct, negav, jey b, ngô kiến huy",6,2026-05-21,276333.0,7.0,58,-9.0,0
66,spotify:track:6ag0c7tBr3PIqPb00C2rK4,"VCT, Negav, Jey B, Ngô Kiến Huy",NGƯỜI NHƯ ANH XỨNG ĐÁNG CÔ ĐƠN - KHÔNG ĐAU NỮA RỒI,VIE NETWORK CORPORATION / ADA,45,67,12,276333,2026-05-21,False,1.0,Rap/Hip-hop,"người như anh xứng đáng cô đơn - không đau nữa rồi - vct, negav, jey b, ngô kiến huy",7,2026-05-28,294843.0,7.0,67,1.0,0
58,spotify:track:6ag0c7tBr3PIqPb00C2rK4,"VCT, Negav, Jey B, Ngô Kiến Huy",NGƯỜI NHƯ ANH XỨNG ĐÁNG CÔ ĐƠN - KHÔNG ĐAU NỮA RỒI,VIE NETWORK CORPORATION / ADA,45,66,13,294843,2026-05-28,False,8.0,Rap/Hip-hop,"người như anh xứng đáng cô đơn - không đau nữa rồi - vct, negav, jey b, ngô kiến huy",8,2026-06-04,287918.0,7.0,66,8.0,0
68,spotify:track:6ag0c7tBr3PIqPb00C2rK4,"VCT, Negav, Jey B, Ngô Kiến Huy",NGƯỜI NHƯ ANH XỨNG ĐÁNG CÔ ĐƠN - KHÔNG ĐAU NỮA RỒI,VIE NETWORK CORPORATION / ADA,45,58,14,287918,2026-06-04,False,-10.0,Rap/Hip-hop,"người như anh xứng đáng cô đơn - không đau nữa rồi - vct, negav, jey b, ngô kiến huy",9,2026-06-11,264394.0,7.0,58,-10.0,0
88,spotify:track:6epn3r7S14KUqlReYr77hA,"Justin Bieber, Ludacris",Baby,RBMG/Def Jam,88,-1,1,250862,2026-04-16,True,,Pop,"baby - justin bieber, ludacris",2,2026-04-23,456596.0,7.0,201,0.0,1
27,spotify:track:6epn3r7S14KUqlReYr77hA,"Justin Bieber, Ludacris",Baby,RBMG/Def Jam,27,88,2,456596,2026-04-23,False,61.0,Pop,"baby - justin bieber, ludacris",3,2026-04-30,382932.0,7.0,88,61.0,0
41,spotify:track:6epn3r7S14KUqlReYr77hA,"Justin Bieber, Ludacris",Baby,RBMG/Def Jam,27,27,3,382932,2026-04-30,False,-14.0,Pop,"baby - justin bieber, ludacris",4,2026-05-07,285836.0,7.0,27,-14.0,0
72,spotify:track:6epn3r7S14KUqlReYr77hA,"Justin Bieber, Ludacris",Baby,RBMG/Def Jam,27,41,4,285836,2026-05-07,False,-31.0,Pop,"baby - justin bieber, ludacris",5,2026-05-14,232849.0,7.0,41,-31.0,0
104,spotify:track:6epn3r7S14KUqlReYr77hA,"Justin Bieber, Ludacris",Baby,RBMG/Def Jam,27,72,5,232849,2026-05-14,False,-32.0,Pop,"baby - justin bieber, ludacris",6,2026-05-21,205348.0,7.0,72,-32.0,0
129,spotify:track:6epn3r7S14KUqlReYr77hA,"Justin Bieber, Ludacris",Baby,RBMG/Def Jam,27,104,6,205348,2026-05-21,False,-25.0,Pop,"baby - justin bieber, ludacris",7,2026-05-28,182801.0,7.0,104,-25.0,0
148,spotify:track:6epn3r7S14KUqlReYr77hA,"Justin Bieber, Ludacris",Baby,RBMG/Def Jam,27,129,7,182801,2026-05-28,False,-19.0,Pop,"baby - justin bieber, ludacris",8,2026-06-04,167089.0,7.0,129,-19.0,0
184,spotify:track:6epn3r7S14KUqlReYr77hA,"Justin Bieber, Ludacris",Baby,RBMG/Def Jam,27,148,8,167089,2026-06-04,False,-36.0,Pop,"baby - justin bieber, ludacris",9,2026-06-11,160702.0,7.0,148,-36.0,0
198,spotify:track:6hytdEPX4UcGh91gDBUZDv,"Dab, Helinn",Anh Cũng Đâu Có Muốn Tin?,MaiDao Music,147,-1,26,163425,2026-04-23,True,,Pop,"anh cũng đâu có muốn tin? - dab, helinn",3,2026-04-30,167557.0,7.0,201,0.0,1
194,spotify:track:6hytdEPX4UcGh91gDBUZDv,"Dab, Helinn",Anh Cũng Đâu Có Muốn Tin?,MaiDao Music,147,198,27,167557,2026-04-30,False,4.0,Pop,"anh cũng đâu có muốn tin? - dab, helinn",4,2026-05-07,167912.0,7.0,198,4.0,0
186,spotify:track:6hytdEPX4UcGh91gDBUZDv,"Dab, Helinn",Anh Cũng Đâu Có Muốn Tin?,MaiDao Music,147,194,28,167912,2026-05-07,False,8.0,Pop,"anh cũng đâu có muốn tin? - dab, helinn",5,2026-05-14,165516.0,7.0,194,8.0,0
72,spotify:track:6jcLKVmEKAQIXIVHJZ8vzS,"MONSTAR, GREY D, NICKY, VƯƠNG BÌNH",tình yêu chậm trễ,Yin Yang Media,46,126,173,284354,2026-04-09,False,54.0,R&B/Soul,"tình yêu chậm trễ - monstar, grey d, nicky, vương bình",1,2026-04-16,246384.0,7.0,126,54.0,0
93,spotify:track:6jcLKVmEKAQIXIVHJZ8vzS,"MONSTAR, GREY D, NICKY, VƯƠNG BÌNH",tình yêu chậm trễ,Yin Yang Media,46,72,174,246384,2026-04-16,False,-21.0,R&B/Soul,"tình yêu chậm trễ - monstar, grey d, nicky, vương bình",2,2026-04-23,281989.0,7.0,72,-21.0,0
75,spotify:track:6jcLKVmEKAQIXIVHJZ8vzS,"MONSTAR, GREY D, NICKY, VƯƠNG BÌNH",tình yêu chậm trễ,Yin Yang Media,46,93,175,281989,2026-04-23,False,18.0,R&B/Soul,"tình yêu chậm trễ - monstar, grey d, nicky, vương bình",3,2026-04-30,245612.0,7.0,93,18.0,0
98,spotify:track:6jcLKVmEKAQIXIVHJZ8vzS,"MONSTAR, GREY D, NICKY, VƯƠNG BÌNH",tình yêu chậm trễ,Yin Yang Media,46,75,176,245612,2026-04-30,False,-23.0,R&B/Soul,"tình yêu chậm trễ - monstar, grey d, nicky, vương bình",4,2026-05-07,241310.0,7.0,75,-23.0,0
99,spotify:track:6jcLKVmEKAQIXIVHJZ8vzS,"MONSTAR, GREY D, NICKY, VƯƠNG BÌNH",tình yêu chậm trễ,Yin Yang Media,46,98,177,241310,2026-05-07,False,-1.0,R&B/Soul,"tình yêu chậm trễ - monstar, grey d, nicky, vương bình",5,2026-05-14,255180.0,7.0,98,-1.0,0
84,spotify:track:6jcLKVmEKAQIXIVHJZ8vzS,"MONSTAR, GREY D, NICKY, VƯƠNG BÌNH",tình yêu chậm trễ,Yin Yang Media,46,99,178,255180,2026-05-14,False,15.0,R&B/Soul,"tình yêu chậm trễ - monstar, grey d, nicky, vương bình",6,2026-05-21,266020.0,7.0,99,15.0,0
78,spotify:track:6jcLKVmEKAQIXIVHJZ8vzS,"MONSTAR, GREY D, NICKY, VƯƠNG BÌNH",tình yêu chậm trễ,Yin Yang Media,46,84,179,266020,2026-05-21,False,6.0,R&B/Soul,"tình yêu chậm trễ - monstar, grey d, nicky, vương bình",7,2026-05-28,252926.0,7.0,84,6.0,0
76,spotify:track:6jcLKVmEKAQIXIVHJZ8vzS,"MONSTAR, GREY D, NICKY, VƯƠNG BÌNH",tình yêu chậm trễ,Yin Yang Media,46,78,180,252926,2026-05-28,False,2.0,R&B/Soul,"tình yêu chậm trễ - monstar, grey d, nicky, vương bình",8,2026-06-04,253067.0,7.0,78,2.0,0
86,spotify:track:6jcLKVmEKAQIXIVHJZ8vzS,"MONSTAR, GREY D, NICKY, VƯƠNG BÌNH",tình yêu chậm trễ,Yin Yang Media,46,76,181,253067,2026-06-04,False,-10.0,R&B/Soul,"tình yêu chậm trễ - monstar, grey d, nicky, vương bình",9,2026-06-11,252401.0,7.0,76,-10.0,0
16,spotify:track:6kCU6i8iRrAAmJJ8Sj4JYC,"Shartnuss, Phankeo, Tr.D",Nắng có mang em về,MaiDao Music,4,17,113,543041,2026-04-09,False,1.0,Indie/Alternative,"nắng có mang em về - shartnuss, phankeo, tr.d",1,2026-04-16,498593.0,7.0,17,1.0,0
20,spotify:track:6kCU6i8iRrAAmJJ8Sj4JYC,"Shartnuss, Phankeo, Tr.D",Nắng có mang em về,MaiDao Music,4,16,114,498593,2026-04-16,False,-4.0,Indie/Alternative,"nắng có mang em về - shartnuss, phankeo, tr.d",2,2026-04-23,460106.0,7.0,16,-4.0,0
23,spotify:track:6kCU6i8iRrAAmJJ8Sj4JYC,"Shartnuss, Phankeo, Tr.D",Nắng có mang em về,MaiDao Music,4,20,115,460106,2026-04-23,False,-3.0,Indie/Alternative,"nắng có mang em về - shartnuss, phankeo, tr.d",3,2026-04-30,471409.0,7.0,20,-3.0,0
23,spotify:track:6kCU6i8iRrAAmJJ8Sj4JYC,"Shartnuss, Phankeo, Tr.D",Nắng có mang em về,MaiDao Music,4,23,116,471409,2026-04-30,False,0.0,Indie/Alternative,"nắng có mang em về - shartnuss, phankeo, tr.d",4,2026-05-07,414817.0,7.0,23,0.0,0
25,spotify:track:6kCU6i8iRrAAmJJ8Sj4JYC,"Shartnuss, Phankeo, Tr.D",Nắng có mang em về,MaiDao Music,4,23,117,414817,2026-05-07,False,-2.0,Indie/Alternative,"nắng có mang em về - shartnuss, phankeo, tr.d",5,2026-05-14,417893.0,7.0,23,-2.0,0
28,spotify:track:6lRlM6bClcoOBLQi0zfA34,"HIEUTHUHAI, Hoàng Tôn",Chờ Tới Khi Anh Về,M Music Records,28,-1,1,431002,2026-04-30,True,,R&B/Soul,"chờ tới khi anh về - hieuthuhai, hoàng tôn",4,2026-05-07,432320.0,7.0,201,0.0,1
23,spotify:track:6lRlM6bClcoOBLQi0zfA34,"HIEUTHUHAI, Hoàng Tôn",Chờ Tới Khi Anh Về,M Music Records,23,28,2,432320,2026-05-07,False,5.0,R&B/Soul,"chờ tới khi anh về - hieuthuhai, hoàng tôn",5,2026-05-14,337132.0,7.0,28,5.0,0
47,spotify:track:6lRlM6bClcoOBLQi0zfA34,"HIEUTHUHAI, Hoàng Tôn",Chờ Tới Khi Anh Về,M Music Records,23,23,3,337132,2026-05-14,False,-24.0,R&B/Soul,"chờ tới khi anh về - hieuthuhai, hoàng tôn",6,2026-05-21,267236.0,7.0,23,-24.0,0
77,spotify:track:6lRlM6bClcoOBLQi0zfA34,"HIEUTHUHAI, Hoàng Tôn",Chờ Tới Khi Anh Về,M Music Records,23,47,4,267236,2026-05-21,False,-30.0,R&B/Soul,"chờ tới khi anh về - hieuthuhai, hoàng tôn",7,2026-05-28,241769.0,7.0,47,-30.0,0
86,spotify:track:6lRlM6bClcoOBLQi0zfA34,"HIEUTHUHAI, Hoàng Tôn",Chờ Tới Khi Anh Về,M Music Records,23,77,5,241769,2026-05-28,False,-9.0,R&B/Soul,"chờ tới khi anh về - hieuthuhai, hoàng tôn",8,2026-06-04,211124.0,7.0,77,-9.0,0
121,spotify:track:6lRlM6bClcoOBLQi0zfA34,"HIEUTHUHAI, Hoàng Tôn",Chờ Tới Khi Anh Về,M Music Records,23,86,6,211124,2026-06-04,False,-35.0,R&B/Soul,"chờ tới khi anh về - hieuthuhai, hoàng tôn",9,2026-06-11,199534.0,7.0,86,-35.0,0
42,spotify:track:6mKMGpkgP2cH5gmqILWe7b,Fishy,vết thương,LOOPS Music,15,36,47,358573,2026-04-09,False,-6.0,Ballad,vết thương - fishy,1,2026-04-16,335416.0,7.0,36,-6.0,0
49,spotify:track:6mKMGpkgP2cH5gmqILWe7b,Fishy,vết thương,LOOPS Music,15,42,48,335416,2026-04-16,False,-7.0,Ballad,vết thương - fishy,2,2026-04-23,389578.0,7.0,42,-7.0,0
39,spotify:track:6mKMGpkgP2cH5gmqILWe7b,Fishy,vết thương,LOOPS Music,15,49,49,389578,2026-04-23,False,10.0,Ballad,vết thương - fishy,3,2026-04-30,372533.0,7.0,49,10.0,0
42,spotify:track:6mKMGpkgP2cH5gmqILWe7b,Fishy,vết thương,LOOPS Music,15,39,50,372533,2026-04-30,False,-3.0,Ballad,vết thương - fishy,4,2026-05-07,388936.0,7.0,39,-3.0,0
30,spotify:track:6mKMGpkgP2cH5gmqILWe7b,Fishy,vết thương,LOOPS Music,15,42,51,388936,2026-05-07,False,12.0,Ballad,vết thương - fishy,5,2026-05-14,377855.0,7.0,42,12.0,0
29,spotify:track:6mKMGpkgP2cH5gmqILWe7b,Fishy,vết thương,LOOPS Music,15,30,52,377855,2026-05-14,False,1.0,Ballad,vết thương - fishy,6,2026-05-21,405419.0,7.0,30,1.0,0
28,spotify:track:6mKMGpkgP2cH5gmqILWe7b,Fishy,vết thương,LOOPS Music,15,29,53,405419,2026-05-21,False,1.0,Ballad,vết thương - fishy,7,2026-05-28,437288.0,7.0,29,1.0,0
22,spotify:track:6mKMGpkgP2cH5gmqILWe7b,Fishy,vết thương,LOOPS Music,15,28,54,437288,2026-05-28,False,6.0,Ballad,vết thương - fishy,8,2026-06-04,500490.0,7.0,28,6.0,0
15,spotify:track:6mKMGpkgP2cH5gmqILWe7b,Fishy,vết thương,LOOPS Music,15,22,55,500490,2026-06-04,False,7.0,Ballad,vết thương - fishy,9,2026-06-11,495990.0,7.0,22,7.0,0
36,spotify:track:6n2xOcqQrNOY0IfgATSwWs,"Puppy, Dangrangto",Wrong Times,MaiDao Music,3,29,132,361405,2026-05-14,False,-7.0,Indie/Alternative,"wrong times - puppy, dangrangto",6,2026-05-21,306398.0,7.0,29,-7.0,0
55,spotify:track:6n2xOcqQrNOY0IfgATSwWs,"Puppy, Dangrangto",Wrong Times,MaiDao Music,3,36,133,306398,2026-05-21,False,-19.0,Indie/Alternative,"wrong times - puppy, dangrangto",7,2026-05-28,317377.0,7.0,36,-19.0,0
51,spotify:track:6n2xOcqQrNOY0IfgATSwWs,"Puppy, Dangrangto",Wrong Times,MaiDao Music,3,55,134,317377,2026-05-28,False,4.0,Indie/Alternative,"wrong times - puppy, dangrangto",8,2026-06-04,325894.0,7.0,55,4.0,0
51,spotify:track:6n2xOcqQrNOY0IfgATSwWs,"Puppy, Dangrangto",Wrong Times,MaiDao Music,3,51,135,325894,2026-06-04,False,0.0,Indie/Alternative,"wrong times - puppy, dangrangto",9,2026-06-11,299027.0,7.0,51,0.0,0
45,spotify:track:6nInHlewtrNKguNKlXt0Ur,"Shartnuss, Phankeo, Tr.D",Nắng có mang em về,MaiDao Music,4,24,119,333195,2026-05-21,False,-21.0,Indie/Alternative,"nắng có mang em về - shartnuss, phankeo, tr.d",7,2026-05-28,324863.0,7.0,24,-21.0,0
48,spotify:track:6nInHlewtrNKguNKlXt0Ur,"Shartnuss, Phankeo, Tr.D",Nắng có mang em về,MaiDao Music,4,45,120,324863,2026-05-28,False,-3.0,Indie/Alternative,"nắng có mang em về - shartnuss, phankeo, tr.d",8,2026-06-04,333531.0,7.0,45,-3.0,0
50,spotify:track:6nInHlewtrNKguNKlXt0Ur,"Shartnuss, Phankeo, Tr.D",Nắng có mang em về,MaiDao Music,4,48,121,333531,2026-06-04,False,-2.0,Indie/Alternative,"nắng có mang em về - shartnuss, phankeo, tr.d",9,2026-06-11,316425.0,7.0,48,-2.0,0
171,spotify:track:6qgATU8r0ZPcPFPtZ5qA7B,Long Cao,Em Của Anh Đừng Của Ai!,Long Cao,167,-1,2,174055,2026-05-14,True,,Pop,em của anh đừng của ai! - long cao,6,2026-05-21,220146.0,7.0,201,0.0,1
109,spotify:track:6qgATU8r0ZPcPFPtZ5qA7B,Long Cao,Em Của Anh Đừng Của Ai!,Long Cao,109,171,3,220146,2026-05-21,False,62.0,Pop,em của anh đừng của ai! - long cao,7,2026-05-28,224375.0,7.0,171,62.0,0
107,spotify:track:6qgATU8r0ZPcPFPtZ5qA7B,Long Cao,Em Của Anh Đừng Của Ai!,Long Cao,107,109,4,224375,2026-05-28,False,2.0,Pop,em của anh đừng của ai! - long cao,8,2026-06-04,183314.0,7.0,109,2.0,0
152,spotify:track:6qgATU8r0ZPcPFPtZ5qA7B,Long Cao,Em Của Anh Đừng Của Ai!,Long Cao,107,107,5,183314,2026-06-04,False,-45.0,Pop,em của anh đừng của ai! - long cao,9,2026-06-11,197432.0,7.0,107,-45.0,0
73,spotify:track:6rEWOmyRZwZ4Aouth1YBSX,B Ray,Tệ Hại Và Xấu Xí,Great Entertainment/Sony Music,73,-1,1,270776,2026-05-14,True,,Rap/Hip-hop,tệ hại và xấu xí - b ray,6,2026-05-21,209635.0,7.0,201,0.0,1
124,spotify:track:6rEWOmyRZwZ4Aouth1YBSX,B Ray,Tệ Hại Và Xấu Xí,Great Entertainment/Sony Music,73,73,2,209635,2026-05-21,False,-51.0,Rap/Hip-hop,tệ hại và xấu xí - b ray,7,2026-05-28,184206.0,7.0,73,-51.0,0
158,spotify:track:6s3w7SUVtmm68Bw5KrKMh0,BTS,One More Night,BIGHIT MUSIC,21,-1,4,187614,2026-05-21,True,,Pop,one more night - bts,7,2026-05-28,178512.0,7.0,201,0.0,1
158,spotify:track:6s3w7SUVtmm68Bw5KrKMh0,BTS,One More Night,BIGHIT MUSIC,21,158,5,178512,2026-05-28,False,0.0,Pop,one more night - bts,8,2026-06-04,174274.0,7.0,158,0.0,0
153,spotify:track:6su7ekPw5AAIU2OUCvos6S,"B Ray, AMEE",Ex's Hate Me,B Ray,129,142,31,183046,2026-06-04,False,-11.0,Rap/Hip-hop,"ex's hate me - b ray, amee",9,2026-06-11,175921.0,7.0,142,-11.0,0
129,spotify:track:6uxuJ8Fr1AAfSPJUF9N1yr,Vũ.,Bước Qua Mùa Cô Đơn,WM Vietnam,1,129,266,215096,2026-04-09,False,0.0,Indie/Alternative,bước qua mùa cô đơn - vũ.,1,2026-04-16,200265.0,7.0,129,0.0,0
141,spotify:track:6uxuJ8Fr1AAfSPJUF9N1yr,Vũ.,Bước Qua Mùa Cô Đơn,WM Vietnam,1,129,267,200265,2026-04-16,False,-12.0,Indie/Alternative,bước qua mùa cô đơn - vũ.,2,2026-04-23,189588.0,7.0,129,-12.0,0
164,spotify:track:6uxuJ8Fr1AAfSPJUF9N1yr,Vũ.,Bước Qua Mùa Cô Đơn,WM Vietnam,1,141,268,189588,2026-04-23,False,-23.0,Indie/Alternative,bước qua mùa cô đơn - vũ.,3,2026-04-30,179673.0,7.0,141,-23.0,0
181,spotify:track:6uxuJ8Fr1AAfSPJUF9N1yr,Vũ.,Bước Qua Mùa Cô Đơn,WM Vietnam,1,164,269,179673,2026-04-30,False,-17.0,Indie/Alternative,bước qua mùa cô đơn - vũ.,4,2026-05-07,160527.0,7.0,164,-17.0,0
197,spotify:track:6uxuJ8Fr1AAfSPJUF9N1yr,Vũ.,Bước Qua Mùa Cô Đơn,WM Vietnam,1,181,270,160527,2026-05-07,False,-16.0,Indie/Alternative,bước qua mùa cô đơn - vũ.,5,2026-05-14,175546.0,7.0,181,-16.0,0
168,spotify:track:6uxuJ8Fr1AAfSPJUF9N1yr,Vũ.,Bước Qua Mùa Cô Đơn,WM Vietnam,1,197,271,175546,2026-05-14,False,29.0,Indie/Alternative,bước qua mùa cô đơn - vũ.,6,2026-05-21,196129.0,7.0,197,29.0,0
140,spotify:track:6uxuJ8Fr1AAfSPJUF9N1yr,Vũ.,Bước Qua Mùa Cô Đơn,WM Vietnam,1,168,272,196129,2026-05-21,False,28.0,Indie/Alternative,bước qua mùa cô đơn - vũ.,7,2026-05-28,176310.0,7.0,168,28.0,0
164,spotify:track:6uxuJ8Fr1AAfSPJUF9N1yr,Vũ.,Bước Qua Mùa Cô Đơn,WM Vietnam,1,140,273,176310,2026-05-28,False,-24.0,Indie/Alternative,bước qua mùa cô đơn - vũ.,8,2026-06-04,163155.0,7.0,140,-24.0,0
193,spotify:track:6uxuJ8Fr1AAfSPJUF9N1yr,Vũ.,Bước Qua Mùa Cô Đơn,WM Vietnam,1,164,274,163155,2026-06-04,False,-29.0,Indie/Alternative,bước qua mùa cô đơn - vũ.,9,2026-06-11,158630.0,7.0,164,-29.0,0
66,spotify:track:71luUs5K7N1fdf7ecMKg04,B Ray,Cho Con (Lullaby pt.2),Great Entertainment/Sony Music,66,-1,1,278439,2026-05-28,True,,Rap/Hip-hop,cho con (lullaby pt.2) - b ray,8,2026-06-04,369725.0,7.0,201,0.0,1
41,spotify:track:71luUs5K7N1fdf7ecMKg04,B Ray,Cho Con (Lullaby pt.2),Great Entertainment/Sony Music,41,66,2,369725,2026-06-04,False,25.0,Rap/Hip-hop,cho con (lullaby pt.2) - b ray,9,2026-06-11,323497.0,7.0,66,25.0,0
2,spotify:track:7326q9PcJDcKuAFcrSkN0t,"Sơn Tùng M-TP, Tyga",Come My Way,M Music Records,2,-1,1,1954736,2026-06-04,True,,EDM/Dance,"come my way - sơn tùng m-tp, tyga",9,2026-06-11,1001784.0,7.0,201,0.0,1
14,spotify:track:73RcFjiDtStfP3GCW44vJu,"Minh Huy, Pinny",Ngày Rời Chuyến Bay,12 trái lê,14,-1,1,556566,2026-04-09,True,,Ballad,"ngày rời chuyến bay - minh huy, pinny",1,2026-04-16,614597.0,7.0,201,0.0,1
12,spotify:track:73RcFjiDtStfP3GCW44vJu,"Minh Huy, Pinny",Ngày Rời Chuyến Bay,12 trái lê,12,14,2,614597,2026-04-16,False,2.0,Ballad,"ngày rời chuyến bay - minh huy, pinny",2,2026-04-23,634197.0,7.0,14,2.0,0
12,spotify:track:73RcFjiDtStfP3GCW44vJu,"Minh Huy, Pinny",Ngày Rời Chuyến Bay,12 trái lê,12,12,3,634197,2026-04-23,False,0.0,Ballad,"ngày rời chuyến bay - minh huy, pinny",3,2026-04-30,637229.0,7.0,12,0.0,0
10,spotify:track:73RcFjiDtStfP3GCW44vJu,"Minh Huy, Pinny",Ngày Rời Chuyến Bay,12 trái lê,10,12,4,637229,2026-04-30,False,2.0,Ballad,"ngày rời chuyến bay - minh huy, pinny",4,2026-05-07,621970.0,7.0,12,2.0,0
10,spotify:track:73RcFjiDtStfP3GCW44vJu,"Minh Huy, Pinny",Ngày Rời Chuyến Bay,12 trái lê,10,10,5,621970,2026-05-07,False,0.0,Ballad,"ngày rời chuyến bay - minh huy, pinny",5,2026-05-14,654543.0,7.0,10,0.0,0
9,spotify:track:73RcFjiDtStfP3GCW44vJu,"Minh Huy, Pinny",Ngày Rời Chuyến Bay,12 trái lê,9,10,6,654543,2026-05-14,False,1.0,Ballad,"ngày rời chuyến bay - minh huy, pinny",6,2026-05-21,708270.0,7.0,10,1.0,0
6,spotify:track:73RcFjiDtStfP3GCW44vJu,"Minh Huy, Pinny",Ngày Rời Chuyến Bay,12 trái lê,6,9,7,708270,2026-05-21,False,3.0,Ballad,"ngày rời chuyến bay - minh huy, pinny",7,2026-05-28,688856.0,7.0,9,3.0,0
7,spotify:track:73RcFjiDtStfP3GCW44vJu,"Minh Huy, Pinny",Ngày Rời Chuyến Bay,12 trái lê,6,6,8,688856,2026-05-28,False,-1.0,Ballad,"ngày rời chuyến bay - minh huy, pinny",8,2026-06-04,638022.0,7.0,6,-1.0,0
10,spotify:track:73RcFjiDtStfP3GCW44vJu,"Minh Huy, Pinny",Ngày Rời Chuyến Bay,12 trái lê,6,7,9,638022,2026-06-04,False,-3.0,Ballad,"ngày rời chuyến bay - minh huy, pinny",9,2026-06-11,667635.0,7.0,7,-3.0,0
179,spotify:track:78qgfGQXLCxLcJRShFeAyk,"Inso, Thazh, Đông",Mở Lòng Vì Ai - Thazh x Đông Remix,Air Media,125,168,4,179445,2026-04-09,False,-11.0,Indie/Alternative,"mở lòng vì ai - thazh x đông remix - inso, thazh, đông",1,2026-04-16,179903.0,7.0,168,-11.0,0
167,spotify:track:78qgfGQXLCxLcJRShFeAyk,"Inso, Thazh, Đông",Mở Lòng Vì Ai - Thazh x Đông Remix,Air Media,125,179,5,179903,2026-04-16,False,12.0,Indie/Alternative,"mở lòng vì ai - thazh x đông remix - inso, thazh, đông",2,2026-04-23,186337.0,7.0,179,12.0,0
167,spotify:track:78qgfGQXLCxLcJRShFeAyk,"Inso, Thazh, Đông",Mở Lòng Vì Ai - Thazh x Đông Remix,Air Media,125,167,6,186337,2026-04-23,False,0.0,Indie/Alternative,"mở lòng vì ai - thazh x đông remix - inso, thazh, đông",3,2026-04-30,171757.0,7.0,167,0.0,0
139,spotify:track:7AD5F85waSb3yZxZxEXhJM,"Tóc Tiên, Touliver",Có Ai Thương Em Như Anh,Yin Yang Media,20,167,142,203483,2026-04-09,False,28.0,EDM/Dance,"có ai thương em như anh - tóc tiên, touliver",1,2026-04-16,164154.0,7.0,167,28.0,0
196,spotify:track:7AD5F85waSb3yZxZxEXhJM,"Tóc Tiên, Touliver",Có Ai Thương Em Như Anh,Yin Yang Media,20,139,143,164154,2026-04-16,False,-57.0,EDM/Dance,"có ai thương em như anh - tóc tiên, touliver",2,2026-04-23,174121.0,7.0,139,-57.0,0
179,spotify:track:7AD5F85waSb3yZxZxEXhJM,"Tóc Tiên, Touliver",Có Ai Thương Em Như Anh,Yin Yang Media,20,-1,146,170680,2026-05-21,True,,EDM/Dance,"có ai thương em như anh - tóc tiên, touliver",7,2026-05-28,155060.0,7.0,201,0.0,1
197,spotify:track:7AD5F85waSb3yZxZxEXhJM,"Tóc Tiên, Touliver",Có Ai Thương Em Như Anh,Yin Yang Media,20,179,147,155060,2026-05-28,False,-18.0,EDM/Dance,"có ai thương em như anh - tóc tiên, touliver",8,2026-06-04,176821.0,7.0,179,-18.0,0
165,spotify:track:7AD5F85waSb3yZxZxEXhJM,"Tóc Tiên, Touliver",Có Ai Thương Em Như Anh,Yin Yang Media,20,197,148,176821,2026-06-04,False,32.0,EDM/Dance,"có ai thương em như anh - tóc tiên, touliver",9,2026-06-11,190215.0,7.0,197,32.0,0
132,spotify:track:7Cjsw965r7mVK888ZqP6Wo,Negav,Mình Anh Thôi,MIXUS,18,187,55,212803,2026-04-09,False,55.0,Rap/Hip-hop,mình anh thôi - negav,1,2026-04-16,183741.0,7.0,187,55.0,0
162,spotify:track:7Cjsw965r7mVK888ZqP6Wo,Negav,Mình Anh Thôi,MIXUS,18,132,56,183741,2026-04-16,False,-30.0,Rap/Hip-hop,mình anh thôi - negav,2,2026-04-23,177000.0,7.0,132,-30.0,0
177,spotify:track:7Cjsw965r7mVK888ZqP6Wo,Negav,Mình Anh Thôi,MIXUS,18,162,57,177000,2026-04-23,False,-15.0,Rap/Hip-hop,mình anh thôi - negav,3,2026-04-30,166537.0,7.0,162,-15.0,0
158,spotify:track:7CyPwkp0oE8Ro9Dd5CUDjW,"The Weeknd, JENNIE, Lily-Rose Depp","One Of The Girls (with JENNIE, Lily Rose Depp)",XO / Republic Records,11,151,146,191979,2026-04-09,False,-7.0,R&B/Soul,"one of the girls (with jennie, lily rose depp) - the weeknd, jennie, lily-rose depp",1,2026-04-16,197545.0,7.0,151,-7.0,0
144,spotify:track:7CyPwkp0oE8Ro9Dd5CUDjW,"The Weeknd, JENNIE, Lily-Rose Depp","One Of The Girls (with JENNIE, Lily Rose Depp)",XO / Republic Records,11,158,147,197545,2026-04-16,False,14.0,R&B/Soul,"one of the girls (with jennie, lily rose depp) - the weeknd, jennie, lily-rose depp",2,2026-04-23,203474.0,7.0,158,14.0,0
142,spotify:track:7CyPwkp0oE8Ro9Dd5CUDjW,"The Weeknd, JENNIE, Lily-Rose Depp","One Of The Girls (with JENNIE, Lily Rose Depp)",XO / Republic Records,11,144,148,203474,2026-04-23,False,2.0,R&B/Soul,"one of the girls (with jennie, lily rose depp) - the weeknd, jennie, lily-rose depp",3,2026-04-30,181110.0,7.0,144,2.0,0
180,spotify:track:7CyPwkp0oE8Ro9Dd5CUDjW,"The Weeknd, JENNIE, Lily-Rose Depp","One Of The Girls (with JENNIE, Lily Rose Depp)",XO / Republic Records,11,142,149,181110,2026-04-30,False,-38.0,R&B/Soul,"one of the girls (with jennie, lily rose depp) - the weeknd, jennie, lily-rose depp",4,2026-05-07,169962.0,7.0,142,-38.0,0
180,spotify:track:7CyPwkp0oE8Ro9Dd5CUDjW,"The Weeknd, JENNIE, Lily-Rose Depp","One Of The Girls (with JENNIE, Lily Rose Depp)",XO / Republic Records,11,180,150,169962,2026-05-07,False,0.0,R&B/Soul,"one of the girls (with jennie, lily rose depp) - the weeknd, jennie, lily-rose depp",5,2026-05-14,174201.0,7.0,180,0.0,0
169,spotify:track:7CyPwkp0oE8Ro9Dd5CUDjW,"The Weeknd, JENNIE, Lily-Rose Depp","One Of The Girls (with JENNIE, Lily Rose Depp)",XO / Republic Records,11,180,151,174201,2026-05-14,False,11.0,R&B/Soul,"one of the girls (with jennie, lily rose depp) - the weeknd, jennie, lily-rose depp",6,2026-05-21,179713.0,7.0,180,11.0,0
168,spotify:track:7CyPwkp0oE8Ro9Dd5CUDjW,"The Weeknd, JENNIE, Lily-Rose Depp","One Of The Girls (with JENNIE, Lily Rose Depp)",XO / Republic Records,11,169,152,179713,2026-05-21,False,1.0,R&B/Soul,"one of the girls (with jennie, lily rose depp) - the weeknd, jennie, lily-rose depp",7,2026-05-28,178237.0,7.0,169,1.0,0
160,spotify:track:7CyPwkp0oE8Ro9Dd5CUDjW,"The Weeknd, JENNIE, Lily-Rose Depp","One Of The Girls (with JENNIE, Lily Rose Depp)",XO / Republic Records,11,168,153,178237,2026-05-28,False,8.0,R&B/Soul,"one of the girls (with jennie, lily rose depp) - the weeknd, jennie, lily-rose depp",8,2026-06-04,172946.0,7.0,168,8.0,0
174,spotify:track:7CyPwkp0oE8Ro9Dd5CUDjW,"The Weeknd, JENNIE, Lily-Rose Depp","One Of The Girls (with JENNIE, Lily Rose Depp)",XO / Republic Records,11,160,154,172946,2026-06-04,False,-14.0,R&B/Soul,"one of the girls (with jennie, lily rose depp) - the weeknd, jennie, lily-rose depp",9,2026-06-11,181966.0,7.0,160,-14.0,0
192,spotify:track:7G7mSV4BebkoHWwKTDvXu9,"V, Park Hyo Shin",Winter Ahead (with PARK HYO SHIN),BIGHIT MUSIC,3,-1,66,160671,2026-05-14,True,,Pop,"winter ahead (with park hyo shin) - v, park hyo shin",6,2026-05-21,202050.0,7.0,201,0.0,1
135,spotify:track:7G7mSV4BebkoHWwKTDvXu9,"V, Park Hyo Shin",Winter Ahead (with PARK HYO SHIN),BIGHIT MUSIC,3,192,67,202050,2026-05-21,False,57.0,Pop,"winter ahead (with park hyo shin) - v, park hyo shin",7,2026-05-28,167714.0,7.0,192,57.0,0
138,spotify:track:7HoAJ6Hc1P91eoOrn1WY5d,"Đức Trường, BMZ, Kun",Đáng Lý Ra Phải Là Anh,BMZ,90,134,17,204003,2026-04-09,False,-4.0,Ballad,"đáng lý ra phải là anh - đức trường, bmz, kun",1,2026-04-16,201811.0,7.0,134,-4.0,0
138,spotify:track:7HoAJ6Hc1P91eoOrn1WY5d,"Đức Trường, BMZ, Kun",Đáng Lý Ra Phải Là Anh,BMZ,90,138,18,201811,2026-04-16,False,0.0,Ballad,"đáng lý ra phải là anh - đức trường, bmz, kun",2,2026-04-23,208842.0,7.0,138,0.0,0
134,spotify:track:7HoAJ6Hc1P91eoOrn1WY5d,"Đức Trường, BMZ, Kun",Đáng Lý Ra Phải Là Anh,BMZ,90,138,19,208842,2026-04-23,False,4.0,Ballad,"đáng lý ra phải là anh - đức trường, bmz, kun",3,2026-04-30,197523.0,7.0,138,4.0,0
146,spotify:track:7HoAJ6Hc1P91eoOrn1WY5d,"Đức Trường, BMZ, Kun",Đáng Lý Ra Phải Là Anh,BMZ,90,134,20,197523,2026-04-30,False,-12.0,Ballad,"đáng lý ra phải là anh - đức trường, bmz, kun",4,2026-05-07,217758.0,7.0,134,-12.0,0
120,spotify:track:7HoAJ6Hc1P91eoOrn1WY5d,"Đức Trường, BMZ, Kun",Đáng Lý Ra Phải Là Anh,BMZ,90,146,21,217758,2026-05-07,False,26.0,Ballad,"đáng lý ra phải là anh - đức trường, bmz, kun",5,2026-05-14,202076.0,7.0,146,26.0,0
134,spotify:track:7HoAJ6Hc1P91eoOrn1WY5d,"Đức Trường, BMZ, Kun",Đáng Lý Ra Phải Là Anh,BMZ,90,120,22,202076,2026-05-14,False,-14.0,Ballad,"đáng lý ra phải là anh - đức trường, bmz, kun",6,2026-05-21,196009.0,7.0,120,-14.0,0
141,spotify:track:7HoAJ6Hc1P91eoOrn1WY5d,"Đức Trường, BMZ, Kun",Đáng Lý Ra Phải Là Anh,BMZ,90,134,23,196009,2026-05-21,False,-7.0,Ballad,"đáng lý ra phải là anh - đức trường, bmz, kun",7,2026-05-28,160543.0,7.0,134,-7.0,0
188,spotify:track:7HoAJ6Hc1P91eoOrn1WY5d,"Đức Trường, BMZ, Kun",Đáng Lý Ra Phải Là Anh,BMZ,90,141,24,160543,2026-05-28,False,-47.0,Ballad,"đáng lý ra phải là anh - đức trường, bmz, kun",8,2026-06-04,169297.0,7.0,141,-47.0,0
179,spotify:track:7HoAJ6Hc1P91eoOrn1WY5d,"Đức Trường, BMZ, Kun",Đáng Lý Ra Phải Là Anh,BMZ,90,188,25,169297,2026-06-04,False,9.0,Ballad,"đáng lý ra phải là anh - đức trường, bmz, kun",9,2026-06-11,165463.0,7.0,188,9.0,0
159,spotify:track:7J9l9ebYB3IEs5ea5J1M7a,"Da LAB, Tóc Tiên",Nước Mắt Em Lau Bằng Tình Yêu Mới,MUNIZ MUSIC COMPANY LIMITED,107,141,111,191522,2026-04-09,False,-18.0,Pop,"nước mắt em lau bằng tình yêu mới - da lab, tóc tiên",1,2026-04-16,197175.0,7.0,141,-18.0,0
145,spotify:track:7J9l9ebYB3IEs5ea5J1M7a,"Da LAB, Tóc Tiên",Nước Mắt Em Lau Bằng Tình Yêu Mới,MUNIZ MUSIC COMPANY LIMITED,107,159,112,197175,2026-04-16,False,14.0,Pop,"nước mắt em lau bằng tình yêu mới - da lab, tóc tiên",2,2026-04-23,222756.0,7.0,159,14.0,0
118,spotify:track:7J9l9ebYB3IEs5ea5J1M7a,"Da LAB, Tóc Tiên",Nước Mắt Em Lau Bằng Tình Yêu Mới,MUNIZ MUSIC COMPANY LIMITED,107,145,113,222756,2026-04-23,False,27.0,Pop,"nước mắt em lau bằng tình yêu mới - da lab, tóc tiên",3,2026-04-30,191008.0,7.0,145,27.0,0
158,spotify:track:7J9l9ebYB3IEs5ea5J1M7a,"Da LAB, Tóc Tiên",Nước Mắt Em Lau Bằng Tình Yêu Mới,MUNIZ MUSIC COMPANY LIMITED,107,118,114,191008,2026-04-30,False,-40.0,Pop,"nước mắt em lau bằng tình yêu mới - da lab, tóc tiên",4,2026-05-07,161913.0,7.0,118,-40.0,0
194,spotify:track:7J9l9ebYB3IEs5ea5J1M7a,"Da LAB, Tóc Tiên",Nước Mắt Em Lau Bằng Tình Yêu Mới,MUNIZ MUSIC COMPANY LIMITED,107,158,115,161913,2026-05-07,False,-36.0,Pop,"nước mắt em lau bằng tình yêu mới - da lab, tóc tiên",5,2026-05-14,183634.0,7.0,158,-36.0,0
161,spotify:track:7J9l9ebYB3IEs5ea5J1M7a,"Da LAB, Tóc Tiên",Nước Mắt Em Lau Bằng Tình Yêu Mới,MUNIZ MUSIC COMPANY LIMITED,107,194,116,183634,2026-05-14,False,33.0,Pop,"nước mắt em lau bằng tình yêu mới - da lab, tóc tiên",6,2026-05-21,202497.0,7.0,194,33.0,0
132,spotify:track:7J9l9ebYB3IEs5ea5J1M7a,"Da LAB, Tóc Tiên",Nước Mắt Em Lau Bằng Tình Yêu Mới,MUNIZ MUSIC COMPANY LIMITED,107,161,117,202497,2026-05-21,False,29.0,Pop,"nước mắt em lau bằng tình yêu mới - da lab, tóc tiên",7,2026-05-28,189913.0,7.0,161,29.0,0
136,spotify:track:7J9l9ebYB3IEs5ea5J1M7a,"Da LAB, Tóc Tiên",Nước Mắt Em Lau Bằng Tình Yêu Mới,MUNIZ MUSIC COMPANY LIMITED,107,132,118,189913,2026-05-28,False,-4.0,Pop,"nước mắt em lau bằng tình yêu mới - da lab, tóc tiên",8,2026-06-04,196686.0,7.0,132,-4.0,0
140,spotify:track:7J9l9ebYB3IEs5ea5J1M7a,"Da LAB, Tóc Tiên",Nước Mắt Em Lau Bằng Tình Yêu Mới,MUNIZ MUSIC COMPANY LIMITED,107,136,119,196686,2026-06-04,False,-4.0,Pop,"nước mắt em lau bằng tình yêu mới - da lab, tóc tiên",9,2026-06-11,210655.0,7.0,136,-4.0,0
51,spotify:track:7Ldcvhcl4Xj4eOTSWpZus5,CORTIS,ACAI,Republic Records – CORTIS,51,-1,1,331162,2026-05-07,True,,Pop,acai - cortis,5,2026-05-14,409185.0,7.0,201,0.0,1
25,spotify:track:7Ldcvhcl4Xj4eOTSWpZus5,CORTIS,ACAI,Republic Records – CORTIS,25,51,2,409185,2026-05-14,False,26.0,Pop,acai - cortis,6,2026-05-21,344136.0,7.0,51,26.0,0
42,spotify:track:7Ldcvhcl4Xj4eOTSWpZus5,CORTIS,ACAI,Republic Records – CORTIS,25,25,3,344136,2026-05-21,False,-17.0,Pop,acai - cortis,7,2026-05-28,286875.0,7.0,25,-17.0,0
61,spotify:track:7Ldcvhcl4Xj4eOTSWpZus5,CORTIS,ACAI,Republic Records – CORTIS,25,42,4,286875,2026-05-28,False,-19.0,Pop,acai - cortis,8,2026-06-04,248856.0,7.0,42,-19.0,0
88,spotify:track:7Ldcvhcl4Xj4eOTSWpZus5,CORTIS,ACAI,Republic Records – CORTIS,25,61,5,248856,2026-06-04,False,-27.0,Pop,acai - cortis,9,2026-06-11,225258.0,7.0,61,-27.0,0
46,spotify:track:7bFFUPBiF15n8m8RziqS4o,GREY D,dự báo thời tiết hôm nay mưa,Umusic Vietnam Co. Ltd. Distributed Labels,7,89,177,340069,2026-04-09,False,43.0,R&B/Soul,dự báo thời tiết hôm nay mưa - grey d,1,2026-04-16,357341.0,7.0,89,43.0,0
42,spotify:track:7bFFUPBiF15n8m8RziqS4o,GREY D,dự báo thời tiết hôm nay mưa,Umusic Vietnam Co. Ltd. Distributed Labels,7,46,178,357341,2026-04-16,False,4.0,R&B/Soul,dự báo thời tiết hôm nay mưa - grey d,2,2026-04-23,502742.0,7.0,46,4.0,0
18,spotify:track:7bFFUPBiF15n8m8RziqS4o,GREY D,dự báo thời tiết hôm nay mưa,Umusic Vietnam Co. Ltd. Distributed Labels,7,42,179,502742,2026-04-23,False,24.0,R&B/Soul,dự báo thời tiết hôm nay mưa - grey d,3,2026-04-30,505047.0,7.0,42,24.0,0
18,spotify:track:7bFFUPBiF15n8m8RziqS4o,GREY D,dự báo thời tiết hôm nay mưa,Umusic Vietnam Co. Ltd. Distributed Labels,7,18,180,505047,2026-04-30,False,0.0,R&B/Soul,dự báo thời tiết hôm nay mưa - grey d,4,2026-05-07,510486.0,7.0,18,0.0,0
13,spotify:track:7bFFUPBiF15n8m8RziqS4o,GREY D,dự báo thời tiết hôm nay mưa,Umusic Vietnam Co. Ltd. Distributed Labels,7,18,181,510486,2026-05-07,False,5.0,R&B/Soul,dự báo thời tiết hôm nay mưa - grey d,5,2026-05-14,593437.0,7.0,18,5.0,0
11,spotify:track:7bFFUPBiF15n8m8RziqS4o,GREY D,dự báo thời tiết hôm nay mưa,Umusic Vietnam Co. Ltd. Distributed Labels,7,13,182,593437,2026-05-14,False,2.0,R&B/Soul,dự báo thời tiết hôm nay mưa - grey d,6,2026-05-21,608666.0,7.0,13,2.0,0
9,spotify:track:7bFFUPBiF15n8m8RziqS4o,GREY D,dự báo thời tiết hôm nay mưa,Umusic Vietnam Co. Ltd. Distributed Labels,7,11,183,608666,2026-05-21,False,2.0,R&B/Soul,dự báo thời tiết hôm nay mưa - grey d,7,2026-05-28,617954.0,7.0,11,2.0,0
11,spotify:track:7bFFUPBiF15n8m8RziqS4o,GREY D,dự báo thời tiết hôm nay mưa,Umusic Vietnam Co. Ltd. Distributed Labels,7,9,184,617954,2026-05-28,False,-2.0,R&B/Soul,dự báo thời tiết hôm nay mưa - grey d,8,2026-06-04,657368.0,7.0,9,-2.0,0
9,spotify:track:7bFFUPBiF15n8m8RziqS4o,GREY D,dự báo thời tiết hôm nay mưa,Umusic Vietnam Co. Ltd. Distributed Labels,7,11,185,657368,2026-06-04,False,2.0,R&B/Soul,dự báo thời tiết hôm nay mưa - grey d,9,2026-06-11,696729.0,7.0,11,2.0,0
92,spotify:track:7bn8ckDTI4EQIKZ6jRL4K0,Sơn Tùng M-TP,Chúng Ta Không Thuộc Về Nhau,Umusic Vietnam Co. Ltd. Distributed Labels,60,-1,61,245964,2026-06-04,True,,Pop,chúng ta không thuộc về nhau - sơn tùng m-tp,9,2026-06-11,219545.0,7.0,201,0.0,1
50,spotify:track:7diH1qnFziArYzynk3vkr6,CORTIS,TNT,Republic Records – CORTIS,50,-1,1,331764,2026-05-07,True,,Pop,tnt - cortis,5,2026-05-14,405944.0,7.0,201,0.0,1
27,spotify:track:7diH1qnFziArYzynk3vkr6,CORTIS,TNT,Republic Records – CORTIS,27,50,2,405944,2026-05-14,False,23.0,Pop,tnt - cortis,6,2026-05-21,314996.0,7.0,50,23.0,0
52,spotify:track:7diH1qnFziArYzynk3vkr6,CORTIS,TNT,Republic Records – CORTIS,27,27,3,314996,2026-05-21,False,-25.0,Pop,tnt - cortis,7,2026-05-28,244492.0,7.0,27,-25.0,0
82,spotify:track:7diH1qnFziArYzynk3vkr6,CORTIS,TNT,Republic Records – CORTIS,27,52,4,244492,2026-05-28,False,-30.0,Pop,tnt - cortis,8,2026-06-04,209603.0,7.0,52,-30.0,0
122,spotify:track:7diH1qnFziArYzynk3vkr6,CORTIS,TNT,Republic Records – CORTIS,27,82,5,209603,2026-06-04,False,-40.0,Pop,tnt - cortis,9,2026-06-11,185529.0,7.0,82,-40.0,0
70,spotify:track:7dlgEjrK3lHbP786dshKDV,"ANH TRAI ""SAY HI"", B Ray, AMEE",CHỜ ANH VỀ,Universal Music Indochina Distributed Labels,2,53,18,285241,2026-04-09,False,-17.0,Rap/Hip-hop,"chờ anh về - anh trai ""say hi"", b ray, amee",1,2026-04-16,272969.0,7.0,53,-17.0,0
74,spotify:track:7dlgEjrK3lHbP786dshKDV,"ANH TRAI ""SAY HI"", B Ray, AMEE",CHỜ ANH VỀ,Universal Music Indochina Distributed Labels,2,70,19,272969,2026-04-16,False,-4.0,Rap/Hip-hop,"chờ anh về - anh trai ""say hi"", b ray, amee",2,2026-04-23,248409.0,7.0,70,-4.0,0
92,spotify:track:7dlgEjrK3lHbP786dshKDV,"ANH TRAI ""SAY HI"", B Ray, AMEE",CHỜ ANH VỀ,Universal Music Indochina Distributed Labels,2,74,20,248409,2026-04-23,False,-18.0,Rap/Hip-hop,"chờ anh về - anh trai ""say hi"", b ray, amee",3,2026-04-30,218526.0,7.0,74,-18.0,0
119,spotify:track:7dlgEjrK3lHbP786dshKDV,"ANH TRAI ""SAY HI"", B Ray, AMEE",CHỜ ANH VỀ,Universal Music Indochina Distributed Labels,2,92,21,218526,2026-04-30,False,-27.0,Rap/Hip-hop,"chờ anh về - anh trai ""say hi"", b ray, amee",4,2026-05-07,195259.0,7.0,92,-27.0,0
145,spotify:track:7dlgEjrK3lHbP786dshKDV,"ANH TRAI ""SAY HI"", B Ray, AMEE",CHỜ ANH VỀ,Universal Music Indochina Distributed Labels,2,119,22,195259,2026-05-07,False,-26.0,Rap/Hip-hop,"chờ anh về - anh trai ""say hi"", b ray, amee",5,2026-05-14,196864.0,7.0,119,-26.0,0
142,spotify:track:7dlgEjrK3lHbP786dshKDV,"ANH TRAI ""SAY HI"", B Ray, AMEE",CHỜ ANH VỀ,Universal Music Indochina Distributed Labels,2,145,23,196864,2026-05-14,False,3.0,Rap/Hip-hop,"chờ anh về - anh trai ""say hi"", b ray, amee",6,2026-05-21,190058.0,7.0,145,3.0,0
151,spotify:track:7dlgEjrK3lHbP786dshKDV,"ANH TRAI ""SAY HI"", B Ray, AMEE",CHỜ ANH VỀ,Universal Music Indochina Distributed Labels,2,142,24,190058,2026-05-21,False,-9.0,Rap/Hip-hop,"chờ anh về - anh trai ""say hi"", b ray, amee",7,2026-05-28,191391.0,7.0,142,-9.0,0
134,spotify:track:7dlgEjrK3lHbP786dshKDV,"ANH TRAI ""SAY HI"", B Ray, AMEE",CHỜ ANH VỀ,Universal Music Indochina Distributed Labels,2,151,25,191391,2026-05-28,False,17.0,Rap/Hip-hop,"chờ anh về - anh trai ""say hi"", b ray, amee",8,2026-06-04,180570.0,7.0,151,17.0,0
157,spotify:track:7dlgEjrK3lHbP786dshKDV,"ANH TRAI ""SAY HI"", B Ray, AMEE",CHỜ ANH VỀ,Universal Music Indochina Distributed Labels,2,134,26,180570,2026-06-04,False,-23.0,Rap/Hip-hop,"chờ anh về - anh trai ""say hi"", b ray, amee",9,2026-06-11,158623.0,7.0,134,-23.0,0
113,spotify:track:7fCeYpR02Q8JVuD88hJZVT,"Da LAB, Minh Tốc & Lam",Bầu Trời Mới,Universal Music Indochina Distributed Labels,8,116,79,228687,2026-04-09,False,3.0,Indie/Alternative,"bầu trời mới - da lab, minh tốc & lam",1,2026-04-16,214521.0,7.0,116,3.0,0
117,spotify:track:7fCeYpR02Q8JVuD88hJZVT,"Da LAB, Minh Tốc & Lam",Bầu Trời Mới,Universal Music Indochina Distributed Labels,8,113,80,214521,2026-04-16,False,-4.0,Indie/Alternative,"bầu trời mới - da lab, minh tốc & lam",2,2026-04-23,198149.0,7.0,113,-4.0,0
150,spotify:track:7fCeYpR02Q8JVuD88hJZVT,"Da LAB, Minh Tốc & Lam",Bầu Trời Mới,Universal Music Indochina Distributed Labels,8,117,81,198149,2026-04-23,False,-33.0,Indie/Alternative,"bầu trời mới - da lab, minh tốc & lam",3,2026-04-30,215390.0,7.0,117,-33.0,0
127,spotify:track:7fCeYpR02Q8JVuD88hJZVT,"Da LAB, Minh Tốc & Lam",Bầu Trời Mới,Universal Music Indochina Distributed Labels,8,150,82,215390,2026-04-30,False,23.0,Indie/Alternative,"bầu trời mới - da lab, minh tốc & lam",4,2026-05-07,213965.0,7.0,150,23.0,0
123,spotify:track:7fCeYpR02Q8JVuD88hJZVT,"Da LAB, Minh Tốc & Lam",Bầu Trời Mới,Universal Music Indochina Distributed Labels,8,127,83,213965,2026-05-07,False,4.0,Indie/Alternative,"bầu trời mới - da lab, minh tốc & lam",5,2026-05-14,202735.0,7.0,127,4.0,0
133,spotify:track:7fCeYpR02Q8JVuD88hJZVT,"Da LAB, Minh Tốc & Lam",Bầu Trời Mới,Universal Music Indochina Distributed Labels,8,123,84,202735,2026-05-14,False,-10.0,Indie/Alternative,"bầu trời mới - da lab, minh tốc & lam",6,2026-05-21,208848.0,7.0,123,-10.0,0
125,spotify:track:7fCeYpR02Q8JVuD88hJZVT,"Da LAB, Minh Tốc & Lam",Bầu Trời Mới,Universal Music Indochina Distributed Labels,8,133,85,208848,2026-05-21,False,8.0,Indie/Alternative,"bầu trời mới - da lab, minh tốc & lam",7,2026-05-28,193330.0,7.0,133,8.0,0
132,spotify:track:7fCeYpR02Q8JVuD88hJZVT,"Da LAB, Minh Tốc & Lam",Bầu Trời Mới,Universal Music Indochina Distributed Labels,8,125,86,193330,2026-05-28,False,-7.0,Indie/Alternative,"bầu trời mới - da lab, minh tốc & lam",8,2026-06-04,192068.0,7.0,125,-7.0,0
143,spotify:track:7fCeYpR02Q8JVuD88hJZVT,"Da LAB, Minh Tốc & Lam",Bầu Trời Mới,Universal Music Indochina Distributed Labels,8,132,87,192068,2026-06-04,False,-11.0,Indie/Alternative,"bầu trời mới - da lab, minh tốc & lam",9,2026-06-11,188170.0,7.0,132,-11.0,0
160,spotify:track:7jLSThU5Kg1RWt19Leiaxm,"RPT MCK, Trung Trần",Chìm Sâu,abandonh3ll records,1,199,215,191330,2026-04-09,False,39.0,R&B/Soul,"chìm sâu - rpt mck, trung trần",1,2026-04-16,168236.0,7.0,199,39.0,0
185,spotify:track:7jLSThU5Kg1RWt19Leiaxm,"RPT MCK, Trung Trần",Chìm Sâu,abandonh3ll records,1,160,216,168236,2026-04-16,False,-25.0,R&B/Soul,"chìm sâu - rpt mck, trung trần",2,2026-04-23,172421.0,7.0,160,-25.0,0
182,spotify:track:7jLSThU5Kg1RWt19Leiaxm,"RPT MCK, Trung Trần",Chìm Sâu,abandonh3ll records,1,-1,218,168645,2026-05-07,True,,R&B/Soul,"chìm sâu - rpt mck, trung trần",5,2026-05-14,158745.0,7.0,201,0.0,1
199,spotify:track:7jLSThU5Kg1RWt19Leiaxm,"RPT MCK, Trung Trần",Chìm Sâu,abandonh3ll records,1,182,219,158745,2026-05-14,False,-17.0,R&B/Soul,"chìm sâu - rpt mck, trung trần",6,2026-05-21,164168.0,7.0,182,-17.0,0
185,spotify:track:7kgzRBNkBRArtTPkYjWLYT,"14 Casper, Bon Nghiêm",bao tiền một mớ bình yên?,DANDERLÉON,9,-1,260,167189,2026-05-14,True,,Ballad,"bao tiền một mớ bình yên? - 14 casper, bon nghiêm",6,2026-05-21,180826.0,7.0,201,0.0,1
166,spotify:track:7kgzRBNkBRArtTPkYjWLYT,"14 Casper, Bon Nghiêm",bao tiền một mớ bình yên?,DANDERLÉON,9,185,261,180826,2026-05-21,False,19.0,Ballad,"bao tiền một mớ bình yên? - 14 casper, bon nghiêm",7,2026-05-28,177369.0,7.0,185,19.0,0
162,spotify:track:7kgzRBNkBRArtTPkYjWLYT,"14 Casper, Bon Nghiêm",bao tiền một mớ bình yên?,DANDERLÉON,9,166,262,177369,2026-05-28,False,4.0,Ballad,"bao tiền một mớ bình yên? - 14 casper, bon nghiêm",8,2026-06-04,165468.0,7.0,166,4.0,0
188,spotify:track:7kgzRBNkBRArtTPkYjWLYT,"14 Casper, Bon Nghiêm",bao tiền một mớ bình yên?,DANDERLÉON,9,162,263,165468,2026-06-04,False,-26.0,Ballad,"bao tiền một mớ bình yên? - 14 casper, bon nghiêm",9,2026-06-11,159995.0,7.0,162,-26.0,0
97,spotify:track:7mblTCdc14ylJ1JW71MODb,buitruonglinh,Giờ Thì,LOOPS Music,11,80,69,242156,2026-04-09,False,-17.0,Indie/Alternative,giờ thì - buitruonglinh,1,2026-04-16,275160.0,7.0,80,-17.0,0
72,spotify:track:7mblTCdc14ylJ1JW71MODb,buitruonglinh,Giờ Thì,LOOPS Music,11,97,70,275160,2026-04-16,False,25.0,Indie/Alternative,giờ thì - buitruonglinh,2,2026-04-23,309420.0,7.0,97,25.0,0
69,spotify:track:7mblTCdc14ylJ1JW71MODb,buitruonglinh,Giờ Thì,LOOPS Music,11,72,71,309420,2026-04-23,False,3.0,Indie/Alternative,giờ thì - buitruonglinh,3,2026-04-30,315511.0,7.0,72,3.0,0
60,spotify:track:7mblTCdc14ylJ1JW71MODb,buitruonglinh,Giờ Thì,LOOPS Music,11,69,72,315511,2026-04-30,False,9.0,Indie/Alternative,giờ thì - buitruonglinh,4,2026-05-07,324502.0,7.0,69,9.0,0
53,spotify:track:7mblTCdc14ylJ1JW71MODb,buitruonglinh,Giờ Thì,LOOPS Music,11,60,73,324502,2026-05-07,False,7.0,Indie/Alternative,giờ thì - buitruonglinh,5,2026-05-14,313731.0,7.0,60,7.0,0
54,spotify:track:7mblTCdc14ylJ1JW71MODb,buitruonglinh,Giờ Thì,LOOPS Music,11,53,74,313731,2026-05-14,False,-1.0,Indie/Alternative,giờ thì - buitruonglinh,6,2026-05-21,346206.0,7.0,53,-1.0,0
41,spotify:track:7mblTCdc14ylJ1JW71MODb,buitruonglinh,Giờ Thì,LOOPS Music,11,54,75,346206,2026-05-21,False,13.0,Indie/Alternative,giờ thì - buitruonglinh,7,2026-05-28,333589.0,7.0,54,13.0,0
46,spotify:track:7mblTCdc14ylJ1JW71MODb,buitruonglinh,Giờ Thì,LOOPS Music,11,41,76,333589,2026-05-28,False,-5.0,Indie/Alternative,giờ thì - buitruonglinh,8,2026-06-04,289938.0,7.0,41,-5.0,0
66,spotify:track:7mblTCdc14ylJ1JW71MODb,buitruonglinh,Giờ Thì,LOOPS Music,11,46,77,289938,2026-06-04,False,-20.0,Indie/Alternative,giờ thì - buitruonglinh,9,2026-06-11,263585.0,7.0,46,-20.0,0
97,spotify:track:7pDx0GAKEUZu2KsrVgCV8W,Sơn Tùng M-TP,MAKING MY WAY,M Music Records,2,-1,24,239241,2026-06-04,True,,EDM/Dance,making my way - sơn tùng m-tp,9,2026-06-11,204736.0,7.0,201,0.0,1
103,spotify:track:7q1qYSyRkGT4ZaCc2ZQihP,"Hoàng Tôn, Koo",Em Còn Nhớ Anh Không - Remastered,Hoàng Tôn,69,101,52,239522,2026-04-09,False,-2.0,Ballad,"em còn nhớ anh không - remastered - hoàng tôn, koo",1,2026-04-16,229899.0,7.0,101,-2.0,0
107,spotify:track:7q1qYSyRkGT4ZaCc2ZQihP,"Hoàng Tôn, Koo",Em Còn Nhớ Anh Không - Remastered,Hoàng Tôn,69,103,53,229899,2026-04-16,False,-4.0,Ballad,"em còn nhớ anh không - remastered - hoàng tôn, koo",2,2026-04-23,219831.0,7.0,103,-4.0,0
120,spotify:track:7q1qYSyRkGT4ZaCc2ZQihP,"Hoàng Tôn, Koo",Em Còn Nhớ Anh Không - Remastered,Hoàng Tôn,69,107,54,219831,2026-04-23,False,-13.0,Ballad,"em còn nhớ anh không - remastered - hoàng tôn, koo",3,2026-04-30,232851.0,7.0,107,-13.0,0
107,spotify:track:7q1qYSyRkGT4ZaCc2ZQihP,"Hoàng Tôn, Koo",Em Còn Nhớ Anh Không - Remastered,Hoàng Tôn,69,120,55,232851,2026-04-30,False,13.0,Ballad,"em còn nhớ anh không - remastered - hoàng tôn, koo",4,2026-05-07,247856.0,7.0,120,13.0,0
94,spotify:track:7q1qYSyRkGT4ZaCc2ZQihP,"Hoàng Tôn, Koo",Em Còn Nhớ Anh Không - Remastered,Hoàng Tôn,69,107,56,247856,2026-05-07,False,13.0,Ballad,"em còn nhớ anh không - remastered - hoàng tôn, koo",5,2026-05-14,223904.0,7.0,107,13.0,0
113,spotify:track:7q1qYSyRkGT4ZaCc2ZQihP,"Hoàng Tôn, Koo",Em Còn Nhớ Anh Không - Remastered,Hoàng Tôn,69,94,57,223904,2026-05-14,False,-19.0,Ballad,"em còn nhớ anh không - remastered - hoàng tôn, koo",6,2026-05-21,220287.0,7.0,94,-19.0,0
108,spotify:track:7q1qYSyRkGT4ZaCc2ZQihP,"Hoàng Tôn, Koo",Em Còn Nhớ Anh Không - Remastered,Hoàng Tôn,69,113,58,220287,2026-05-21,False,5.0,Ballad,"em còn nhớ anh không - remastered - hoàng tôn, koo",7,2026-05-28,238901.0,7.0,113,5.0,0
93,spotify:track:7q1qYSyRkGT4ZaCc2ZQihP,"Hoàng Tôn, Koo",Em Còn Nhớ Anh Không - Remastered,Hoàng Tôn,69,108,59,238901,2026-05-28,False,15.0,Ballad,"em còn nhớ anh không - remastered - hoàng tôn, koo",8,2026-06-04,258045.0,7.0,108,15.0,0
83,spotify:track:7q1qYSyRkGT4ZaCc2ZQihP,"Hoàng Tôn, Koo",Em Còn Nhớ Anh Không - Remastered,Hoàng Tôn,69,93,60,258045,2026-06-04,False,10.0,Ballad,"em còn nhớ anh không - remastered - hoàng tôn, koo",9,2026-06-11,217587.0,7.0,93,10.0,0
183,spotify:track:7so0lgd0zP2Sbgs2d7a1SZ,"Lady Gaga, Bruno Mars",Die With A Smile,Interscope Records,4,-1,85,169086,2026-04-16,True,,Ballad,"die with a smile - lady gaga, bruno mars",2,2026-04-23,173837.0,7.0,201,0.0,1
179,spotify:track:7so0lgd0zP2Sbgs2d7a1SZ,"Lady Gaga, Bruno Mars",Die With A Smile,Interscope Records,4,-1,87,170877,2026-05-07,True,,Ballad,"die with a smile - lady gaga, bruno mars",5,2026-05-14,172691.0,7.0,201,0.0,1
173,spotify:track:7so0lgd0zP2Sbgs2d7a1SZ,"Lady Gaga, Bruno Mars",Die With A Smile,Interscope Records,4,179,88,172691,2026-05-14,False,6.0,Ballad,"die with a smile - lady gaga, bruno mars",6,2026-05-21,167068.0,7.0,179,6.0,0
64,spotify:track:7tI8dRuH2Yc6RuoTjxo4dU,Jimin,Who,BIGHIT MUSIC,1,-1,66,293882,2026-06-04,True,,R&B/Soul,who - jimin,9,2026-06-11,415786.0,7.0,201,0.0,1
7,spotify:track:7uUuftbcr94tzGOCJSM25u,"Low G, JustaTee",In Love,M Music Records,2,5,24,805677,2026-04-09,False,-2.0,Rap/Hip-hop,"in love - low g, justatee",1,2026-04-16,774066.0,7.0,5,-2.0,0
7,spotify:track:7uUuftbcr94tzGOCJSM25u,"Low G, JustaTee",In Love,M Music Records,2,7,25,774066,2026-04-16,False,0.0,Rap/Hip-hop,"in love - low g, justatee",2,2026-04-23,816102.0,7.0,7,0.0,0
5,spotify:track:7uUuftbcr94tzGOCJSM25u,"Low G, JustaTee",In Love,M Music Records,2,7,26,816102,2026-04-23,False,2.0,Rap/Hip-hop,"in love - low g, justatee",3,2026-04-30,733920.0,7.0,7,2.0,0
5,spotify:track:7uUuftbcr94tzGOCJSM25u,"Low G, JustaTee",In Love,M Music Records,2,5,27,733920,2026-04-30,False,0.0,Rap/Hip-hop,"in love - low g, justatee",4,2026-05-07,670531.0,7.0,5,0.0,0
8,spotify:track:7uUuftbcr94tzGOCJSM25u,"Low G, JustaTee",In Love,M Music Records,2,5,28,670531,2026-05-07,False,-3.0,Rap/Hip-hop,"in love - low g, justatee",5,2026-05-14,670536.0,7.0,5,-3.0,0
7,spotify:track:7uUuftbcr94tzGOCJSM25u,"Low G, JustaTee",In Love,M Music Records,2,8,29,670536,2026-05-14,False,1.0,Rap/Hip-hop,"in love - low g, justatee",6,2026-05-21,666899.0,7.0,8,1.0,0
7,spotify:track:7uUuftbcr94tzGOCJSM25u,"Low G, JustaTee",In Love,M Music Records,2,7,30,666899,2026-05-21,False,0.0,Rap/Hip-hop,"in love - low g, justatee",7,2026-05-28,665699.0,7.0,7,0.0,0
8,spotify:track:7uUuftbcr94tzGOCJSM25u,"Low G, JustaTee",In Love,M Music Records,2,7,31,665699,2026-05-28,False,-1.0,Rap/Hip-hop,"in love - low g, justatee",8,2026-06-04,701431.0,7.0,7,-1.0,0
8,spotify:track:7uUuftbcr94tzGOCJSM25u,"Low G, JustaTee",In Love,M Music Records,2,8,32,701431,2026-06-04,False,0.0,Rap/Hip-hop,"in love - low g, justatee",9,2026-06-11,626743.0,7.0,8,0.0,0
143,spotify:track:7yxogpPUBn4wVEKBgI5c7U,Lil Zpoet,Yêu Từ Đâu Mà Ra,MaiDao Music,143,183,26,201311,2026-04-09,False,40.0,Pop,yêu từ đâu mà ra - lil zpoet,1,2026-04-16,184605.0,7.0,183,40.0,0
161,spotify:track:7yxogpPUBn4wVEKBgI5c7U,Lil Zpoet,Yêu Từ Đâu Mà Ra,MaiDao Music,143,143,27,184605,2026-04-16,False,-18.0,Pop,yêu từ đâu mà ra - lil zpoet,2,2026-04-23,196964.0,7.0,143,-18.0,0
153,spotify:track:7yxogpPUBn4wVEKBgI5c7U,Lil Zpoet,Yêu Từ Đâu Mà Ra,MaiDao Music,143,161,28,196964,2026-04-23,False,8.0,Pop,yêu từ đâu mà ra - lil zpoet,3,2026-04-30,184993.0,7.0,161,8.0,0
170,spotify:track:7yxogpPUBn4wVEKBgI5c7U,Lil Zpoet,Yêu Từ Đâu Mà Ra,MaiDao Music,143,153,29,184993,2026-04-30,False,-17.0,Pop,yêu từ đâu mà ra - lil zpoet,4,2026-05-07,182028.0,7.0,153,-17.0,0
164,spotify:track:7yxogpPUBn4wVEKBgI5c7U,Lil Zpoet,Yêu Từ Đâu Mà Ra,MaiDao Music,143,170,30,182028,2026-05-07,False,6.0,Pop,yêu từ đâu mà ra - lil zpoet,5,2026-05-14,171416.0,7.0,170,6.0,0
